status,target,certifiable_alpha,R_J_hat,c_J_prime,n_records,n_M1,n_M0,true_positive,false_positive,TPR,FPR,reliable,unreliable_reason,repeat_index,n_M,n_J,zeta,alpha_min,alpha_max,alpha_step
certified,visual_factuality,0.41,0.408,0.4154927777090525,25,7,18,7,3,1.0,0.16666666666666666,True,,0,25,500,0.05,0.01,0.8,0.01
certified,visual_factuality,0.37,0.408,0.4169138405131202,25,4,21,4,5,1.0,0.23809523809523808,True,,1,25,500,0.05,0.01,0.8,0.01
certified,visual_factuality,0.59,0.408,0.408761380128156,25,7,18,6,2,0.8571428571428571,0.1111111111111111,True,,2,25,500,0.05,0.01,0.8,0.01
certified,visual_factuality,0.39,0.408,0.4126778046036885,25,4,21,4,4,1.0,0.19047619047619047,True,,3,25,500,0.05,0.01,0.8,0.01
certified,visual_factuality,0.41,0.408,0.41049303314395635,25,3,22,3,3,1.0,0.13636363636363635,True,,4,25,500,0.05,0.01,0.8,0.01
certified,visual_factuality,0.43,0.408,0.4138705104358807,25,4,21,4,2,1.0,0.09523809523809523,True,,5,25,500,0.05,0.01,0.8,0.01
certified,visual_factuality,0.71,0.408,0.40982688068607476,25,5,20,4,4,0.8,0.2,True,,6,25,500,0.05,0.01,0.8,0.01
certified,visual_factuality,0.48,0.408,0.4130660459550544,25,7,18,6,5,0.8571428571428571,0.2777777777777778,True,,7,25,500,0.05,0.01,0.8,0.01
certified,visual_factuality,0.75,0.408,0.41160568730289315,25,5,20,4,3,0.8,0.15,True,,8,25,500,0.05,0.01,0.8,0.01
certified,visual_factuality,0.52,0.408,0.4105330698892037,25,7,18,6,4,0.8571428571428571,0.2222222222222222,True,,9,25,500,0.05,0.01,0.8,0.01
certified,visual_factuality,0.66,0.408,0.412168633775608,25,6,19,5,2,0.8333333333333334,0.10526315789473684,True,,10,25,500,0.05,0.01,0.8,0.01
not_certified,visual_factuality,,0.408,0.3403689696755395,25,4,21,3,3,0.75,0.14285714285714285,True,,11,25,500,0.05,0.01,0.8,0.01
certified,visual_factuality,0.39,0.408,0.4126778046036885,25,4,21,4,4,1.0,0.19047619047619047,True,,12,25,500,0.05,0.01,0.8,0.01
certified,visual_factuality,0.41,0.408,0.41272860331692834,25,5,20,5,3,1.0,0.15,True,,13,25,500,0.05,0.01,0.8,0.01
certified,visual_factuality,0.62,0.408,0.4087716045378239,25,7,18,6,1,0.8571428571428571,0.05555555555555555,True,,14,25,500,0.05,0.01,0.8,0.01
certified,visual_factuality,0.41,0.408,0.41049303314395635,25,3,22,3,3,1.0,0.13636363636363635,True,,15,25,500,0.05,0.01,0.8,0.01
certified,visual_factuality,0.5,0.408,0.4148749765311834,25,9,16,8,3,0.8888888888888888,0.1875,True,,16,25,500,0.05,0.01,0.8,0.01
certified,visual_factuality,0.56,0.408,0.4111333584271144,25,7,18,6,3,0.8571428571428571,0.16666666666666666,True,,17,25,500,0.05,0.01,0.8,0.01
certified,visual_factuality,0.37,0.408,0.4169138405131202,25,4,21,4,5,1.0,0.23809523809523808,True,,18,25,500,0.05,0.01,0.8,0.01
certified,visual_factuality,0.77,0.408,0.4082966979386653,25,5,20,4,2,0.8,0.1,True,,19,25,500,0.05,0.01,0.8,0.01
certified,visual_factuality,0.39,0.408,0.4150162163829223,25,5,20,5,4,1.0,0.2,True,,20,25,500,0.05,0.01,0.8,0.01
certified,visual_factuality,0.39,0.408,0.4126778046036885,25,4,21,4,4,1.0,0.19047619047619047,True,,21,25,500,0.05,0.01,0.8,0.01
certified,visual_factuality,0.41,0.408,0.41714908740982637,25,8,17,8,3,1.0,0.17647058823529413,True,,22,25,500,0.05,0.01,0.8,0.01
certified,visual_factuality,0.66,0.408,0.412168633775608,25,6,19,5,2,0.8333333333333334,0.10526315789473684,True,,23,25,500,0.05,0.01,0.8,0.01
certified,visual_factuality,0.43,0.408,0.4138705104358807,25,4,21,4,2,1.0,0.09523809523809523,True,,24,25,500,0.05,0.01,0.8,0.01
not_certified,visual_factuality,,0.408,0.20869688022983945,25,3,22,2,4,0.6666666666666666,0.18181818181818182,True,,25,25,500,0.05,0.01,0.8,0.01
certified,visual_factuality,0.41,0.408,0.41155640665565996,25,4,21,4,3,1.0,0.14285714285714285,True,,26,25,500,0.05,0.01,0.8,0.01
certified,visual_factuality,0.38,0.408,0.40830203478625104,25,6,19,6,4,1.0,0.21052631578947367,True,,27,25,500,0.05,0.01,0.8,0.01
certified,visual_factuality,0.41,0.408,0.41155640665565996,25,4,21,4,3,1.0,0.14285714285714285,True,,28,25,500,0.05,0.01,0.8,0.01
certified,visual_factuality,0.46,0.408,0.41400355492875374,25,9,16,8,4,0.8888888888888888,0.25,True,,29,25,500,0.05,0.01,0.8,0.01
certified,visual_factuality,0.41,0.408,0.41272860331692834,25,5,20,5,3,1.0,0.15,True,,30,25,500,0.05,0.01,0.8,0.01
certified,visual_factuality,0.41,0.408,0.4140314088368278,25,6,19,6,3,1.0,0.15789473684210525,True,,31,25,500,0.05,0.01,0.8,0.01
certified,visual_factuality,0.44,0.408,0.41236530420908346,25,8,17,7,5,0.875,0.29411764705882354,True,,32,25,500,0.05,0.01,0.8,0.01
certified,visual_factuality,0.45,0.408,0.41340431706092606,25,6,19,6,0,1.0,0.0,True,,33,25,500,0.05,0.01,0.8,0.01
certified,visual_factuality,0.39,0.408,0.4126778046036885,25,4,21,4,4,1.0,0.19047619047619047,True,,34,25,500,0.05,0.01,0.8,0.01
certified,visual_factuality,0.36,0.408,0.4159127557411509,25,6,19,6,5,1.0,0.2631578947368421,True,,35,25,500,0.05,0.01,0.8,0.01
certified,visual_factuality,0.43,0.408,0.4150813433259758,25,8,17,8,2,1.0,0.11764705882352941,True,,36,25,500,0.05,0.01,0.8,0.01
certified,visual_factuality,0.62,0.408,0.408948701333987,25,6,19,5,3,0.8333333333333334,0.15789473684210525,True,,37,25,500,0.05,0.01,0.8,0.01
certified,visual_factuality,0.41,0.408,0.4140314088368278,25,6,19,6,3,1.0,0.15789473684210525,True,,38,25,500,0.05,0.01,0.8,0.01
certified,visual_factuality,0.44,0.408,0.40968798602687584,25,6,19,6,1,1.0,0.05263157894736842,True,,39,25,500,0.05,0.01,0.8,0.01
certified,visual_factuality,0.41,0.408,0.4140314088368278,25,6,19,6,3,1.0,0.15789473684210525,True,,40,25,500,0.05,0.01,0.8,0.01
not_certified,visual_factuality,,0.408,0.3311475562815575,25,4,21,3,2,0.75,0.09523809523809523,True,,41,25,500,0.05,0.01,0.8,0.01
certified,visual_factuality,0.43,0.408,0.4144382401628343,25,6,19,6,2,1.0,0.10526315789473684,True,,42,25,500,0.05,0.01,0.8,0.01
certified,visual_factuality,0.44,0.408,0.40968798602687584,25,6,19,6,1,1.0,0.05263157894736842,True,,43,25,500,0.05,0.01,0.8,0.01
certified,visual_factuality,0.41,0.408,0.41155640665565996,25,4,21,4,3,1.0,0.14285714285714285,True,,44,25,500,0.05,0.01,0.8,0.01
certified,visual_factuality,0.48,0.408,0.4096552423395279,25,8,17,7,4,0.875,0.23529411764705882,True,,45,25,500,0.05,0.01,0.8,0.01
not_certified,visual_factuality,,0.408,0.31283286316009595,25,4,21,3,0,0.75,0.0,True,,46,25,500,0.05,0.01,0.8,0.01
certified,visual_factuality,0.52,0.408,0.4105330698892037,25,7,18,6,4,0.8571428571428571,0.2222222222222222,True,,47,25,500,0.05,0.01,0.8,0.01
certified,visual_factuality,0.38,0.408,0.41130032084337215,25,7,18,7,4,1.0,0.2222222222222222,True,,48,25,500,0.05,0.01,0.8,0.01
certified,visual_factuality,0.39,0.408,0.4150162163829223,25,5,20,5,4,1.0,0.2,True,,49,25,500,0.05,0.01,0.8,0.01
certified,visual_factuality,0.8,0.408,0.41146786623260484,25,5,20,4,1,0.8,0.05,True,,50,25,500,0.05,0.01,0.8,0.01
certified,visual_factuality,0.58,0.408,0.40875759330949374,25,6,19,5,4,0.8333333333333334,0.21052631578947367,True,,51,25,500,0.05,0.01,0.8,0.01
certified,visual_factuality,0.39,0.408,0.4150162163829223,25,5,20,5,4,1.0,0.2,True,,52,25,500,0.05,0.01,0.8,0.01
certified,visual_factuality,0.5,0.408,0.4148749765311834,25,9,16,8,3,0.8888888888888888,0.1875,True,,53,25,500,0.05,0.01,0.8,0.01
certified,visual_factuality,0.37,0.408,0.41054234382666577,25,2,23,2,5,1.0,0.21739130434782608,True,,54,25,500,0.05,0.01,0.8,0.01
certified,visual_factuality,0.34,0.408,0.4154274544815284,25,4,21,4,6,1.0,0.2857142857142857,True,,55,25,500,0.05,0.01,0.8,0.01
certified,visual_factuality,0.62,0.408,0.408948701333987,25,6,19,5,3,0.8333333333333334,0.15789473684210525,True,,56,25,500,0.05,0.01,0.8,0.01
certified,visual_factuality,0.39,0.408,0.4126778046036885,25,4,21,4,4,1.0,0.19047619047619047,True,,57,25,500,0.05,0.01,0.8,0.01
certified,visual_factuality,0.66,0.408,0.412168633775608,25,6,19,5,2,0.8333333333333334,0.10526315789473684,True,,58,25,500,0.05,0.01,0.8,0.01
not_certified,visual_factuality,,0.408,0.3403689696755395,25,4,21,3,3,0.75,0.14285714285714285,True,,59,25,500,0.05,0.01,0.8,0.01
certified,visual_factuality,0.39,0.408,0.4126778046036885,25,4,21,4,4,1.0,0.19047619047619047,True,,60,25,500,0.05,0.01,0.8,0.01
certified,visual_factuality,0.54,0.408,0.4115832324933517,25,6,19,5,5,0.8333333333333334,0.2631578947368421,True,,61,25,500,0.05,0.01,0.8,0.01
not_certified,visual_factuality,,0.408,0.3311475562815575,25,4,21,3,2,0.75,0.09523809523809523,True,,62,25,500,0.05,0.01,0.8,0.01
certified,visual_factuality,0.56,0.408,0.4111333584271144,25,7,18,6,3,0.8571428571428571,0.16666666666666666,True,,63,25,500,0.05,0.01,0.8,0.01
certified,visual_factuality,0.41,0.408,0.4154927777090525,25,7,18,7,3,1.0,0.16666666666666666,True,,64,25,500,0.05,0.01,0.8,0.01
certified,visual_factuality,0.56,0.408,0.4111333584271144,25,7,18,6,3,0.8571428571428571,0.16666666666666666,True,,65,25,500,0.05,0.01,0.8,0.01
certified,visual_factuality,0.41,0.408,0.4154927777090525,25,7,18,7,3,1.0,0.16666666666666666,True,,66,25,500,0.05,0.01,0.8,0.01
certified,visual_factuality,0.39,0.408,0.4150162163829223,25,5,20,5,4,1.0,0.2,True,,67,25,500,0.05,0.01,0.8,0.01
certified,visual_factuality,0.43,0.408,0.4144382401628343,25,6,19,6,2,1.0,0.10526315789473684,True,,68,25,500,0.05,0.01,0.8,0.01
certified,visual_factuality,0.39,0.408,0.4150162163829223,25,5,20,5,4,1.0,0.2,True,,69,25,500,0.05,0.01,0.8,0.01
certified,visual_factuality,0.41,0.408,0.4140314088368278,25,6,19,6,3,1.0,0.15789473684210525,True,,70,25,500,0.05,0.01,0.8,0.01
certified,visual_factuality,0.45,0.408,0.41340431706092606,25,5,20,5,0,1.0,0.0,True,,71,25,500,0.05,0.01,0.8,0.01
certified,visual_factuality,0.41,0.408,0.4140314088368278,25,6,19,6,3,1.0,0.15789473684210525,True,,72,25,500,0.05,0.01,0.8,0.01
certified,visual_factuality,0.41,0.408,0.41272860331692834,25,5,20,5,3,1.0,0.15,True,,73,25,500,0.05,0.01,0.8,0.01
certified,visual_factuality,0.44,0.408,0.41236530420908346,25,8,17,7,5,0.875,0.29411764705882354,True,,74,25,500,0.05,0.01,0.8,0.01
not_certified,visual_factuality,,0.408,0.3403689696755395,25,4,21,3,3,0.75,0.14285714285714285,True,,75,25,500,0.05,0.01,0.8,0.01
certified,visual_factuality,0.71,0.408,0.40982688068607476,25,5,20,4,4,0.8,0.2,True,,76,25,500,0.05,0.01,0.8,0.01
certified,visual_factuality,0.62,0.408,0.408948701333987,25,6,19,5,3,0.8333333333333334,0.15789473684210525,True,,77,25,500,0.05,0.01,0.8,0.01
certified,visual_factuality,0.43,0.408,0.4138705104358807,25,4,21,4,2,1.0,0.09523809523809523,True,,78,25,500,0.05,0.01,0.8,0.01
certified,visual_factuality,0.52,0.408,0.41057331229084243,25,8,17,7,3,0.875,0.17647058823529413,True,,79,25,500,0.05,0.01,0.8,0.01
certified,visual_factuality,0.75,0.408,0.41160568730289315,25,5,20,4,3,0.8,0.15,True,,80,25,500,0.05,0.01,0.8,0.01
certified,visual_factuality,0.39,0.408,0.4150162163829223,25,5,20,5,4,1.0,0.2,True,,81,25,500,0.05,0.01,0.8,0.01
certified,visual_factuality,0.44,0.408,0.4092930604496053,25,7,18,7,1,1.0,0.05555555555555555,True,,82,25,500,0.05,0.01,0.8,0.01
certified,visual_factuality,0.43,0.408,0.41414742928063264,25,5,20,5,2,1.0,0.1,True,,83,25,500,0.05,0.01,0.8,0.01
certified,visual_factuality,0.39,0.408,0.4105756752318199,25,3,22,3,4,1.0,0.18181818181818182,True,,84,25,500,0.05,0.01,0.8,0.01
certified,visual_factuality,0.53,0.408,0.41250044062088886,25,9,16,8,2,0.8888888888888888,0.125,True,,85,25,500,0.05,0.01,0.8,0.01
certified,visual_factuality,0.66,0.408,0.412168633775608,25,6,19,5,2,0.8333333333333334,0.10526315789473684,True,,86,25,500,0.05,0.01,0.8,0.01
certified,visual_factuality,0.39,0.408,0.4150162163829223,25,5,20,5,4,1.0,0.2,True,,87,25,500,0.05,0.01,0.8,0.01
certified,visual_factuality,0.58,0.408,0.40875759330949374,25,6,19,5,4,0.8333333333333334,0.21052631578947367,True,,88,25,500,0.05,0.01,0.8,0.01
certified,visual_factuality,0.52,0.408,0.4105330698892037,25,7,18,6,4,0.8571428571428571,0.2222222222222222,True,,89,25,500,0.05,0.01,0.8,0.01
certified,visual_factuality,0.58,0.408,0.40875759330949374,25,6,19,5,4,0.8333333333333334,0.21052631578947367,True,,90,25,500,0.05,0.01,0.8,0.01
certified,visual_factuality,0.41,0.408,0.4154927777090525,25,7,18,7,3,1.0,0.16666666666666666,True,,91,25,500,0.05,0.01,0.8,0.01
certified,visual_factuality,0.41,0.408,0.41155640665565996,25,4,21,4,3,1.0,0.14285714285714285,True,,92,25,500,0.05,0.01,0.8,0.01
not_certified,visual_factuality,,0.408,0.19980830450213571,25,3,22,2,3,0.6666666666666666,0.13636363636363635,True,,93,25,500,0.05,0.01,0.8,0.01
certified,visual_factuality,0.41,0.408,0.41272860331692834,25,5,20,5,3,1.0,0.15,True,,94,25,500,0.05,0.01,0.8,0.01
certified,visual_factuality,0.39,0.408,0.4105756752318199,25,3,22,3,4,1.0,0.18181818181818182,True,,95,25,500,0.05,0.01,0.8,0.01
certified,visual_factuality,0.38,0.408,0.4147212387521312,25,8,17,8,4,1.0,0.23529411764705882,True,,96,25,500,0.05,0.01,0.8,0.01
certified,visual_factuality,0.62,0.408,0.408948701333987,25,6,19,5,3,0.8333333333333334,0.15789473684210525,True,,97,25,500,0.05,0.01,0.8,0.01
certified,visual_factuality,0.39,0.408,0.4126778046036885,25,4,21,4,4,1.0,0.19047619047619047,True,,98,25,500,0.05,0.01,0.8,0.01
certified,visual_factuality,0.39,0.408,0.4126778046036885,25,4,21,4,4,1.0,0.19047619047619047,True,,99,25,500,0.05,0.01,0.8,0.01
certified,visual_factuality,0.39,0.408,0.4126778046036885,25,4,21,4,4,1.0,0.19047619047619047,True,,100,25,500,0.05,0.01,0.8,0.01
certified,visual_factuality,0.66,0.408,0.40823447167059657,25,5,20,4,5,0.8,0.25,True,,101,25,500,0.05,0.01,0.8,0.01
certified,visual_factuality,0.41,0.408,0.41272860331692834,25,5,20,5,3,1.0,0.15,True,,102,25,500,0.05,0.01,0.8,0.01
certified,visual_factuality,0.56,0.408,0.4111333584271144,25,7,18,6,3,0.8571428571428571,0.16666666666666666,True,,103,25,500,0.05,0.01,0.8,0.01
certified,visual_factuality,0.39,0.408,0.4126778046036885,25,4,21,4,4,1.0,0.19047619047619047,True,,104,25,500,0.05,0.01,0.8,0.01
certified,visual_factuality,0.41,0.408,0.4140314088368278,25,6,19,6,3,1.0,0.15789473684210525,True,,105,25,500,0.05,0.01,0.8,0.01
not_certified,visual_factuality,,0.408,0.3311475562815575,25,4,21,3,2,0.75,0.09523809523809523,True,,106,25,500,0.05,0.01,0.8,0.01
certified,visual_factuality,0.44,0.408,0.4100144885452927,25,5,20,5,1,1.0,0.05,True,,107,25,500,0.05,0.01,0.8,0.01
certified,visual_factuality,0.62,0.408,0.408948701333987,25,6,19,5,3,0.8333333333333334,0.15789473684210525,True,,108,25,500,0.05,0.01,0.8,0.01
certified,visual_factuality,0.39,0.408,0.4126778046036885,25,4,21,4,4,1.0,0.19047619047619047,True,,109,25,500,0.05,0.01,0.8,0.01
certified,visual_factuality,0.39,0.408,0.4126778046036885,25,4,21,4,4,1.0,0.19047619047619047,True,,110,25,500,0.05,0.01,0.8,0.01
certified,visual_factuality,0.39,0.408,0.4126778046036885,25,4,21,4,4,1.0,0.19047619047619047,True,,111,25,500,0.05,0.01,0.8,0.01
certified,visual_factuality,0.77,0.408,0.4082966979386653,25,5,20,4,2,0.8,0.1,True,,112,25,500,0.05,0.01,0.8,0.01
certified,visual_factuality,0.52,0.408,0.4105330698892037,25,7,18,6,4,0.8571428571428571,0.2222222222222222,True,,113,25,500,0.05,0.01,0.8,0.01
certified,visual_factuality,0.38,0.408,0.41130032084337215,25,7,18,7,4,1.0,0.2222222222222222,True,,114,25,500,0.05,0.01,0.8,0.01
certified,visual_factuality,0.59,0.408,0.408761380128156,25,7,18,6,2,0.8571428571428571,0.1111111111111111,True,,115,25,500,0.05,0.01,0.8,0.01
certified,visual_factuality,0.55,0.408,0.4081700582798674,25,8,17,7,2,0.875,0.11764705882352941,True,,116,25,500,0.05,0.01,0.8,0.01
certified,visual_factuality,0.66,0.408,0.412168633775608,25,6,19,5,2,0.8333333333333334,0.10526315789473684,True,,117,25,500,0.05,0.01,0.8,0.01
certified,visual_factuality,0.44,0.408,0.40968798602687584,25,6,19,6,1,1.0,0.05263157894736842,True,,118,25,500,0.05,0.01,0.8,0.01
certified,visual_factuality,0.44,0.408,0.40968798602687584,25,6,19,6,1,1.0,0.05263157894736842,True,,119,25,500,0.05,0.01,0.8,0.01
certified,visual_factuality,0.39,0.408,0.4150162163829223,25,5,20,5,4,1.0,0.2,True,,120,25,500,0.05,0.01,0.8,0.01
certified,visual_factuality,0.77,0.408,0.4082966979386653,25,5,20,4,2,0.8,0.1,True,,121,25,500,0.05,0.01,0.8,0.01
not_certified,visual_factuality,,0.408,0.3496329088702545,25,4,21,3,4,0.75,0.19047619047619047,True,,122,25,500,0.05,0.01,0.8,0.01
certified,visual_factuality,0.38,0.408,0.40830203478625104,25,6,19,6,4,1.0,0.21052631578947367,True,,123,25,500,0.05,0.01,0.8,0.01
certified,visual_factuality,0.41,0.408,0.41272860331692834,25,5,20,5,3,1.0,0.15,True,,124,25,500,0.05,0.01,0.8,0.01
certified,visual_factuality,0.43,0.408,0.4150813433259758,25,8,17,8,2,1.0,0.11764705882352941,True,,125,25,500,0.05,0.01,0.8,0.01
certified,visual_factuality,0.55,0.408,0.4081700582798674,25,8,17,7,2,0.875,0.11764705882352941,True,,126,25,500,0.05,0.01,0.8,0.01
certified,visual_factuality,0.62,0.408,0.408948701333987,25,6,19,5,3,0.8333333333333334,0.15789473684210525,True,,127,25,500,0.05,0.01,0.8,0.01
certified,visual_factuality,0.39,0.408,0.4150162163829223,25,5,20,5,4,1.0,0.2,True,,128,25,500,0.05,0.01,0.8,0.01
certified,visual_factuality,0.41,0.408,0.41272860331692834,25,5,20,5,3,1.0,0.15,True,,129,25,500,0.05,0.01,0.8,0.01
certified,visual_factuality,0.59,0.408,0.408761380128156,25,7,18,6,2,0.8571428571428571,0.1111111111111111,True,,130,25,500,0.05,0.01,0.8,0.01
certified,visual_factuality,0.77,0.408,0.4082966979386653,25,5,20,4,2,0.8,0.1,True,,131,25,500,0.05,0.01,0.8,0.01
certified,visual_factuality,0.41,0.408,0.41272860331692834,25,5,20,5,3,1.0,0.15,True,,132,25,500,0.05,0.01,0.8,0.01
certified,visual_factuality,0.62,0.408,0.408948701333987,25,6,19,5,3,0.8333333333333334,0.15789473684210525,True,,133,25,500,0.05,0.01,0.8,0.01
certified,visual_factuality,0.36,0.408,0.4116492078662513,25,5,20,5,5,1.0,0.25,True,,134,25,500,0.05,0.01,0.8,0.01
certified,visual_factuality,0.39,0.408,0.4126778046036885,25,4,21,4,4,1.0,0.19047619047619047,True,,135,25,500,0.05,0.01,0.8,0.01
certified,visual_factuality,0.66,0.408,0.412168633775608,25,6,19,5,2,0.8333333333333334,0.10526315789473684,True,,136,25,500,0.05,0.01,0.8,0.01
certified,visual_factuality,0.75,0.408,0.41160568730289315,25,5,20,4,3,0.8,0.15,True,,137,25,500,0.05,0.01,0.8,0.01
certified,visual_factuality,0.41,0.408,0.41049303314395635,25,3,22,3,3,1.0,0.13636363636363635,True,,138,25,500,0.05,0.01,0.8,0.01
certified,visual_factuality,0.58,0.408,0.40875759330949374,25,6,19,5,4,0.8333333333333334,0.21052631578947367,True,,139,25,500,0.05,0.01,0.8,0.01
certified,visual_factuality,0.58,0.408,0.40875759330949374,25,6,19,5,4,0.8333333333333334,0.21052631578947367,True,,140,25,500,0.05,0.01,0.8,0.01
not_certified,visual_factuality,,0.408,0.3403689696755395,25,4,21,3,3,0.75,0.14285714285714285,True,,141,25,500,0.05,0.01,0.8,0.01
certified,visual_factuality,0.44,0.408,0.40968798602687584,25,6,19,6,1,1.0,0.05263157894736842,True,,142,25,500,0.05,0.01,0.8,0.01
certified,visual_factuality,0.66,0.408,0.412168633775608,25,6,19,5,2,0.8333333333333334,0.10526315789473684,True,,143,25,500,0.05,0.01,0.8,0.01
certified,visual_factuality,0.43,0.408,0.4138705104358807,25,4,21,4,2,1.0,0.09523809523809523,True,,144,25,500,0.05,0.01,0.8,0.01
certified,visual_factuality,0.38,0.408,0.40830203478625104,25,6,19,6,4,1.0,0.21052631578947367,True,,145,25,500,0.05,0.01,0.8,0.01
certified,visual_factuality,0.75,0.408,0.41160568730289315,25,5,20,4,3,0.8,0.15,True,,146,25,500,0.05,0.01,0.8,0.01
certified,visual_factuality,0.56,0.408,0.4111333584271144,25,7,18,6,3,0.8571428571428571,0.16666666666666666,True,,147,25,500,0.05,0.01,0.8,0.01
certified,visual_factuality,0.53,0.408,0.41250044062088886,25,9,16,8,2,0.8888888888888888,0.125,True,,148,25,500,0.05,0.01,0.8,0.01
certified,visual_factuality,0.62,0.408,0.408948701333987,25,6,19,5,3,0.8333333333333334,0.15789473684210525,True,,149,25,500,0.05,0.01,0.8,0.01
certified,visual_factuality,0.41,0.408,0.4140314088368278,25,6,19,6,3,1.0,0.15789473684210525,True,,150,25,500,0.05,0.01,0.8,0.01
certified,visual_factuality,0.44,0.408,0.40968798602687584,25,6,19,6,1,1.0,0.05263157894736842,True,,151,25,500,0.05,0.01,0.8,0.01
certified,visual_factuality,0.38,0.408,0.40830203478625104,25,6,19,6,4,1.0,0.21052631578947367,True,,152,25,500,0.05,0.01,0.8,0.01
certified,visual_factuality,0.66,0.408,0.412168633775608,25,6,19,5,2,0.8333333333333334,0.10526315789473684,True,,153,25,500,0.05,0.01,0.8,0.01
not_certified,visual_factuality,,0.408,0.20869688022983945,25,3,22,2,4,0.6666666666666666,0.18181818181818182,True,,154,25,500,0.05,0.01,0.8,0.01
certified,visual_factuality,0.43,0.408,0.41414742928063264,25,5,20,5,2,1.0,0.1,True,,155,25,500,0.05,0.01,0.8,0.01
certified,visual_factuality,0.41,0.408,0.41272860331692834,25,5,20,5,3,1.0,0.15,True,,156,25,500,0.05,0.01,0.8,0.01
certified,visual_factuality,0.8,0.408,0.41146786623260484,25,5,20,4,1,0.8,0.05,True,,157,25,500,0.05,0.01,0.8,0.01
certified,visual_factuality,0.41,0.408,0.4140314088368278,25,6,19,6,3,1.0,0.15789473684210525,True,,158,25,500,0.05,0.01,0.8,0.01
certified,visual_factuality,0.52,0.408,0.41057331229084243,25,8,17,7,3,0.875,0.17647058823529413,True,,159,25,500,0.05,0.01,0.8,0.01
certified,visual_factuality,0.58,0.408,0.40875759330949374,25,6,19,5,4,0.8333333333333334,0.21052631578947367,True,,160,25,500,0.05,0.01,0.8,0.01
certified,visual_factuality,0.41,0.408,0.41155640665565996,25,4,21,4,3,1.0,0.14285714285714285,True,,161,25,500,0.05,0.01,0.8,0.01
certified,visual_factuality,0.77,0.408,0.4082966979386653,25,5,20,4,2,0.8,0.1,True,,162,25,500,0.05,0.01,0.8,0.01
certified,visual_factuality,0.43,0.408,0.4138705104358807,25,4,21,4,2,1.0,0.09523809523809523,True,,163,25,500,0.05,0.01,0.8,0.01
certified,visual_factuality,0.39,0.408,0.4126778046036885,25,4,21,4,4,1.0,0.19047619047619047,True,,164,25,500,0.05,0.01,0.8,0.01
certified,visual_factuality,0.62,0.408,0.408948701333987,25,6,19,5,3,0.8333333333333334,0.15789473684210525,True,,165,25,500,0.05,0.01,0.8,0.01
certified,visual_factuality,0.56,0.408,0.4111333584271144,25,7,18,6,3,0.8571428571428571,0.16666666666666666,True,,166,25,500,0.05,0.01,0.8,0.01
certified,visual_factuality,0.41,0.408,0.4154927777090525,25,7,18,7,3,1.0,0.16666666666666666,True,,167,25,500,0.05,0.01,0.8,0.01
certified,visual_factuality,0.43,0.408,0.41474741237916696,25,7,18,7,2,1.0,0.1111111111111111,True,,168,25,500,0.05,0.01,0.8,0.01
certified,visual_factuality,0.41,0.408,0.4140314088368278,25,6,19,6,3,1.0,0.15789473684210525,True,,169,25,500,0.05,0.01,0.8,0.01
certified,visual_factuality,0.71,0.408,0.40982688068607476,25,5,20,4,4,0.8,0.2,True,,170,25,500,0.05,0.01,0.8,0.01
certified,visual_factuality,0.37,0.408,0.4135629593935972,25,3,22,3,5,1.0,0.22727272727272727,True,,171,25,500,0.05,0.01,0.8,0.01
certified,visual_factuality,0.39,0.408,0.4126778046036885,25,4,21,4,4,1.0,0.19047619047619047,True,,172,25,500,0.05,0.01,0.8,0.01
certified,visual_factuality,0.43,0.408,0.41334669699508664,25,2,23,2,2,1.0,0.08695652173913043,True,,173,25,500,0.05,0.01,0.8,0.01
certified,visual_factuality,0.44,0.408,0.4102832902709082,25,4,21,4,1,1.0,0.047619047619047616,True,,174,25,500,0.05,0.01,0.8,0.01
certified,visual_factuality,0.43,0.408,0.41474741237916696,25,7,18,7,2,1.0,0.1111111111111111,True,,175,25,500,0.05,0.01,0.8,0.01
not_certified,visual_factuality,,0.408,0.3496329088702545,25,4,21,3,4,0.75,0.19047619047619047,True,,176,25,500,0.05,0.01,0.8,0.01
certified,visual_factuality,0.43,0.408,0.41414742928063264,25,5,20,5,2,1.0,0.1,True,,177,25,500,0.05,0.01,0.8,0.01
certified,visual_factuality,0.39,0.408,0.4105756752318199,25,3,22,3,4,1.0,0.18181818181818182,True,,178,25,500,0.05,0.01,0.8,0.01
certified,visual_factuality,0.75,0.408,0.41160568730289315,25,5,20,4,3,0.8,0.15,True,,179,25,500,0.05,0.01,0.8,0.01
certified,visual_factuality,0.75,0.408,0.41160568730289315,25,5,20,4,3,0.8,0.15,True,,180,25,500,0.05,0.01,0.8,0.01
certified,visual_factuality,0.43,0.408,0.41414742928063264,25,5,20,5,2,1.0,0.1,True,,181,25,500,0.05,0.01,0.8,0.01
certified,visual_factuality,0.44,0.408,0.40968798602687584,25,6,19,6,1,1.0,0.05263157894736842,True,,182,25,500,0.05,0.01,0.8,0.01
certified,visual_factuality,0.52,0.408,0.41057331229084243,25,8,17,7,3,0.875,0.17647058823529413,True,,183,25,500,0.05,0.01,0.8,0.01
certified,visual_factuality,0.52,0.408,0.4105330698892037,25,7,18,6,4,0.8571428571428571,0.2222222222222222,True,,184,25,500,0.05,0.01,0.8,0.01
certified,visual_factuality,0.5,0.408,0.4148749765311834,25,9,16,8,3,0.8888888888888888,0.1875,True,,185,25,500,0.05,0.01,0.8,0.01
certified,visual_factuality,0.52,0.408,0.41057331229084243,25,8,17,7,3,0.875,0.17647058823529413,True,,186,25,500,0.05,0.01,0.8,0.01
certified,visual_factuality,0.39,0.408,0.4126778046036885,25,4,21,4,4,1.0,0.19047619047619047,True,,187,25,500,0.05,0.01,0.8,0.01
not_certified,visual_factuality,,0.408,0.36828792434019564,25,4,21,3,6,0.75,0.2857142857142857,True,,188,25,500,0.05,0.01,0.8,0.01
certified,visual_factuality,0.41,0.408,0.4140314088368278,25,6,19,6,3,1.0,0.15789473684210525,True,,189,25,500,0.05,0.01,0.8,0.01
certified,visual_factuality,0.44,0.408,0.4092930604496053,25,7,18,7,1,1.0,0.05555555555555555,True,,190,25,500,0.05,0.01,0.8,0.01
certified,visual_factuality,0.41,0.408,0.41049303314395635,25,3,22,3,3,1.0,0.13636363636363635,True,,191,25,500,0.05,0.01,0.8,0.01
certified,visual_factuality,0.43,0.408,0.4136043401284206,25,3,22,3,2,1.0,0.09090909090909091,True,,192,25,500,0.05,0.01,0.8,0.01
certified,visual_factuality,0.56,0.408,0.4111333584271144,25,7,18,6,3,0.8571428571428571,0.16666666666666666,True,,193,25,500,0.05,0.01,0.8,0.01
certified,visual_factuality,0.41,0.408,0.41272860331692834,25,5,20,5,3,1.0,0.15,True,,194,25,500,0.05,0.01,0.8,0.01
certified,visual_factuality,0.66,0.408,0.412168633775608,25,6,19,5,2,0.8333333333333334,0.10526315789473684,True,,195,25,500,0.05,0.01,0.8,0.01
certified,visual_factuality,0.43,0.408,0.41414742928063264,25,5,20,5,2,1.0,0.1,True,,196,25,500,0.05,0.01,0.8,0.01
certified,visual_factuality,0.58,0.408,0.40875759330949374,25,6,19,5,4,0.8333333333333334,0.21052631578947367,True,,197,25,500,0.05,0.01,0.8,0.01
certified,visual_factuality,0.39,0.408,0.4150162163829223,25,5,20,5,4,1.0,0.2,True,,198,25,500,0.05,0.01,0.8,0.01
certified,visual_factuality,0.71,0.408,0.40982688068607476,25,5,20,4,4,0.8,0.2,True,,199,25,500,0.05,0.01,0.8,0.01
certified,visual_factuality,0.41,0.408,0.4154927777090525,25,7,18,7,3,1.0,0.16666666666666666,True,,200,25,500,0.05,0.01,0.8,0.01
certified,visual_factuality,0.43,0.408,0.4150813433259758,25,8,17,8,2,1.0,0.11764705882352941,True,,201,25,500,0.05,0.01,0.8,0.01
certified,visual_factuality,0.75,0.408,0.41160568730289315,25,5,20,4,3,0.8,0.15,True,,202,25,500,0.05,0.01,0.8,0.01
certified,visual_factuality,0.62,0.408,0.4087716045378239,25,7,18,6,1,0.8571428571428571,0.05555555555555555,True,,203,25,500,0.05,0.01,0.8,0.01
certified,visual_factuality,0.56,0.408,0.41312417104416715,25,9,16,8,1,0.8888888888888888,0.0625,True,,204,25,500,0.05,0.01,0.8,0.01
certified,visual_factuality,0.41,0.408,0.41272860331692834,25,5,20,5,3,1.0,0.15,True,,205,25,500,0.05,0.01,0.8,0.01
certified,visual_factuality,0.41,0.408,0.41049303314395635,25,3,22,3,3,1.0,0.13636363636363635,True,,206,25,500,0.05,0.01,0.8,0.01
certified,visual_factuality,0.75,0.408,0.41160568730289315,25,5,20,4,3,0.8,0.15,True,,207,25,500,0.05,0.01,0.8,0.01
certified,visual_factuality,0.39,0.408,0.4150162163829223,25,5,20,5,4,1.0,0.2,True,,208,25,500,0.05,0.01,0.8,0.01
certified,visual_factuality,0.75,0.408,0.41160568730289315,25,5,20,4,3,0.8,0.15,True,,209,25,500,0.05,0.01,0.8,0.01
certified,visual_factuality,0.77,0.408,0.4082966979386653,25,5,20,4,2,0.8,0.1,True,,210,25,500,0.05,0.01,0.8,0.01
certified,visual_factuality,0.46,0.408,0.41400355492875374,25,9,16,8,4,0.8888888888888888,0.25,True,,211,25,500,0.05,0.01,0.8,0.01
certified,visual_factuality,0.38,0.408,0.40830203478625104,25,6,19,6,4,1.0,0.21052631578947367,True,,212,25,500,0.05,0.01,0.8,0.01
certified,visual_factuality,0.66,0.408,0.412168633775608,25,6,19,5,2,0.8333333333333334,0.10526315789473684,True,,213,25,500,0.05,0.01,0.8,0.01
certified,visual_factuality,0.58,0.408,0.40875759330949374,25,6,19,5,4,0.8333333333333334,0.21052631578947367,True,,214,25,500,0.05,0.01,0.8,0.01
certified,visual_factuality,0.41,0.408,0.41049303314395635,25,3,22,3,3,1.0,0.13636363636363635,True,,215,25,500,0.05,0.01,0.8,0.01
certified,visual_factuality,0.41,0.408,0.4140314088368278,25,6,19,6,3,1.0,0.15789473684210525,True,,216,25,500,0.05,0.01,0.8,0.01
not_certified,visual_factuality,,0.408,0.3496329088702545,25,4,21,3,4,0.75,0.19047619047619047,True,,217,25,500,0.05,0.01,0.8,0.01
certified,visual_factuality,0.39,0.408,0.4150162163829223,25,5,20,5,4,1.0,0.2,True,,218,25,500,0.05,0.01,0.8,0.01
certified,visual_factuality,0.43,0.408,0.41474741237916696,25,7,18,7,2,1.0,0.1111111111111111,True,,219,25,500,0.05,0.01,0.8,0.01
certified,visual_factuality,0.35,0.408,0.41186291114959134,25,7,18,7,5,1.0,0.2777777777777778,True,,220,25,500,0.05,0.01,0.8,0.01
certified,visual_factuality,0.43,0.408,0.4150813433259758,25,8,17,8,2,1.0,0.11764705882352941,True,,221,25,500,0.05,0.01,0.8,0.01
certified,visual_factuality,0.38,0.408,0.41130032084337215,25,7,18,7,4,1.0,0.2222222222222222,True,,222,25,500,0.05,0.01,0.8,0.01
not_certified,visual_factuality,,0.408,0.3403689696755395,25,4,21,3,3,0.75,0.14285714285714285,True,,223,25,500,0.05,0.01,0.8,0.01
certified,visual_factuality,0.41,0.408,0.41714908740982637,25,8,17,8,3,1.0,0.17647058823529413,True,,224,25,500,0.05,0.01,0.8,0.01
certified,visual_factuality,0.66,0.408,0.412168633775608,25,6,19,5,2,0.8333333333333334,0.10526315789473684,True,,225,25,500,0.05,0.01,0.8,0.01
certified,visual_factuality,0.45,0.408,0.41340431706092606,25,5,20,5,0,1.0,0.0,True,,226,25,500,0.05,0.01,0.8,0.01
certified,visual_factuality,0.62,0.408,0.408948701333987,25,6,19,5,3,0.8333333333333334,0.15789473684210525,True,,227,25,500,0.05,0.01,0.8,0.01
not_certified,visual_factuality,,0.408,0.3311475562815575,25,4,21,3,2,0.75,0.09523809523809523,True,,228,25,500,0.05,0.01,0.8,0.01
certified,visual_factuality,0.43,0.408,0.4138705104358807,25,4,21,4,2,1.0,0.09523809523809523,True,,229,25,500,0.05,0.01,0.8,0.01
certified,visual_factuality,0.38,0.408,0.40830203478625104,25,6,19,6,4,1.0,0.21052631578947367,True,,230,25,500,0.05,0.01,0.8,0.01
certified,visual_factuality,0.39,0.408,0.4150162163829223,25,5,20,5,4,1.0,0.2,True,,231,25,500,0.05,0.01,0.8,0.01
certified,visual_factuality,0.41,0.408,0.41714908740982637,25,8,17,8,3,1.0,0.17647058823529413,True,,232,25,500,0.05,0.01,0.8,0.01
not_certified,visual_factuality,,0.408,0.3403689696755395,25,4,21,3,3,0.75,0.14285714285714285,True,,233,25,500,0.05,0.01,0.8,0.01
certified,visual_factuality,0.71,0.408,0.40982688068607476,25,5,20,4,4,0.8,0.2,True,,234,25,500,0.05,0.01,0.8,0.01
certified,visual_factuality,0.41,0.408,0.41272860331692834,25,5,20,5,3,1.0,0.15,True,,235,25,500,0.05,0.01,0.8,0.01
certified,visual_factuality,0.66,0.408,0.412168633775608,25,6,19,5,2,0.8333333333333334,0.10526315789473684,True,,236,25,500,0.05,0.01,0.8,0.01
certified,visual_factuality,0.56,0.408,0.4111333584271144,25,7,18,6,3,0.8571428571428571,0.16666666666666666,True,,237,25,500,0.05,0.01,0.8,0.01
certified,visual_factuality,0.4,0.408,0.416397843390577,25,1,24,1,4,1.0,0.16666666666666666,True,,238,25,500,0.05,0.01,0.8,0.01
certified,visual_factuality,0.77,0.408,0.4082966979386653,25,5,20,4,2,0.8,0.1,True,,239,25,500,0.05,0.01,0.8,0.01
certified,visual_factuality,0.44,0.408,0.4105032483261034,25,3,22,3,1,1.0,0.045454545454545456,True,,240,25,500,0.05,0.01,0.8,0.01
certified,visual_factuality,0.75,0.408,0.41160568730289315,25,5,20,4,3,0.8,0.15,True,,241,25,500,0.05,0.01,0.8,0.01
certified,visual_factuality,0.38,0.408,0.40830203478625104,25,6,19,6,4,1.0,0.21052631578947367,True,,242,25,500,0.05,0.01,0.8,0.01
certified,visual_factuality,0.69,0.408,0.41296973029300843,25,6,19,5,1,0.8333333333333334,0.05263157894736842,True,,243,25,500,0.05,0.01,0.8,0.01
certified,visual_factuality,0.41,0.408,0.41155640665565996,25,4,21,4,3,1.0,0.14285714285714285,True,,244,25,500,0.05,0.01,0.8,0.01
certified,visual_factuality,0.43,0.408,0.41474741237916696,25,7,18,7,2,1.0,0.1111111111111111,True,,245,25,500,0.05,0.01,0.8,0.01
certified,visual_factuality,0.71,0.408,0.40982688068607476,25,5,20,4,4,0.8,0.2,True,,246,25,500,0.05,0.01,0.8,0.01
certified,visual_factuality,0.58,0.408,0.40833169260298663,25,8,17,7,1,0.875,0.058823529411764705,True,,247,25,500,0.05,0.01,0.8,0.01
certified,visual_factuality,0.43,0.408,0.4144382401628343,25,6,19,6,2,1.0,0.10526315789473684,True,,248,25,500,0.05,0.01,0.8,0.01
certified,visual_factuality,0.58,0.408,0.40833169260298663,25,8,17,7,1,0.875,0.058823529411764705,True,,249,25,500,0.05,0.01,0.8,0.01
certified,visual_factuality,0.34,0.408,0.4154274544815284,25,4,21,4,6,1.0,0.2857142857142857,True,,250,25,500,0.05,0.01,0.8,0.01
certified,visual_factuality,0.75,0.408,0.41160568730289315,25,5,20,4,3,0.8,0.15,True,,251,25,500,0.05,0.01,0.8,0.01
certified,visual_factuality,0.52,0.408,0.4105330698892037,25,7,18,6,4,0.8571428571428571,0.2222222222222222,True,,252,25,500,0.05,0.01,0.8,0.01
certified,visual_factuality,0.39,0.408,0.4150162163829223,25,5,20,5,4,1.0,0.2,True,,253,25,500,0.05,0.01,0.8,0.01
certified,visual_factuality,0.41,0.408,0.41714908740982637,25,8,17,8,3,1.0,0.17647058823529413,True,,254,25,500,0.05,0.01,0.8,0.01
not_certified,visual_factuality,,0.408,0.19980830450213571,25,3,22,2,3,0.6666666666666666,0.13636363636363635,True,,255,25,500,0.05,0.01,0.8,0.01
certified,visual_factuality,0.43,0.408,0.4144382401628343,25,6,19,6,2,1.0,0.10526315789473684,True,,256,25,500,0.05,0.01,0.8,0.01
certified,visual_factuality,0.66,0.408,0.412168633775608,25,6,19,5,2,0.8333333333333334,0.10526315789473684,True,,257,25,500,0.05,0.01,0.8,0.01
certified,visual_factuality,0.55,0.408,0.4081700582798674,25,8,17,7,2,0.875,0.11764705882352941,True,,258,25,500,0.05,0.01,0.8,0.01
certified,visual_factuality,0.41,0.408,0.41272860331692834,25,5,20,5,3,1.0,0.15,True,,259,25,500,0.05,0.01,0.8,0.01
certified,visual_factuality,0.41,0.408,0.41155640665565996,25,4,21,4,3,1.0,0.14285714285714285,True,,260,25,500,0.05,0.01,0.8,0.01
certified,visual_factuality,0.75,0.408,0.41160568730289315,25,5,20,4,3,0.8,0.15,True,,261,25,500,0.05,0.01,0.8,0.01
certified,visual_factuality,0.53,0.408,0.41250044062088886,25,9,16,8,2,0.8888888888888888,0.125,True,,262,25,500,0.05,0.01,0.8,0.01
certified,visual_factuality,0.43,0.408,0.4144382401628343,25,6,19,6,2,1.0,0.10526315789473684,True,,263,25,500,0.05,0.01,0.8,0.01
certified,visual_factuality,0.35,0.408,0.41186291114959134,25,7,18,7,5,1.0,0.2777777777777778,True,,264,25,500,0.05,0.01,0.8,0.01
certified,visual_factuality,0.52,0.408,0.4105330698892037,25,7,18,6,4,0.8571428571428571,0.2222222222222222,True,,265,25,500,0.05,0.01,0.8,0.01
certified,visual_factuality,0.38,0.408,0.40830203478625104,25,6,19,6,4,1.0,0.21052631578947367,True,,266,25,500,0.05,0.01,0.8,0.01
certified,visual_factuality,0.62,0.408,0.408948701333987,25,6,19,5,3,0.8333333333333334,0.15789473684210525,True,,267,25,500,0.05,0.01,0.8,0.01
certified,visual_factuality,0.41,0.408,0.4154927777090525,25,7,18,7,3,1.0,0.16666666666666666,True,,268,25,500,0.05,0.01,0.8,0.01
certified,visual_factuality,0.66,0.408,0.40823447167059657,25,5,20,4,5,0.8,0.25,True,,269,25,500,0.05,0.01,0.8,0.01
certified,visual_factuality,0.5,0.408,0.4148749765311834,25,9,16,8,3,0.8888888888888888,0.1875,True,,270,25,500,0.05,0.01,0.8,0.01
certified,visual_factuality,0.37,0.408,0.4135629593935972,25,3,22,3,5,1.0,0.22727272727272727,True,,271,25,500,0.05,0.01,0.8,0.01
not_certified,visual_factuality,,0.408,0.3496329088702545,25,4,21,3,4,0.75,0.19047619047619047,True,,272,25,500,0.05,0.01,0.8,0.01
certified,visual_factuality,0.58,0.408,0.40833169260298663,25,8,17,7,1,0.875,0.058823529411764705,True,,273,25,500,0.05,0.01,0.8,0.01
certified,visual_factuality,0.41,0.408,0.4154927777090525,25,7,18,7,3,1.0,0.16666666666666666,True,,274,25,500,0.05,0.01,0.8,0.01
certified,visual_factuality,0.44,0.408,0.41450071432536467,25,10,15,9,4,0.9,0.26666666666666666,True,,275,25,500,0.05,0.01,0.8,0.01
certified,visual_factuality,0.71,0.408,0.40982688068607476,25,5,20,4,4,0.8,0.2,True,,276,25,500,0.05,0.01,0.8,0.01
certified,visual_factuality,0.39,0.408,0.4086732941625112,25,2,23,2,4,1.0,0.17391304347826086,True,,277,25,500,0.05,0.01,0.8,0.01
certified,visual_factuality,0.34,0.408,0.4154274544815284,25,4,21,4,6,1.0,0.2857142857142857,True,,278,25,500,0.05,0.01,0.8,0.01
certified,visual_factuality,0.59,0.408,0.408761380128156,25,7,18,6,2,0.8571428571428571,0.1111111111111111,True,,279,25,500,0.05,0.01,0.8,0.01
certified,visual_factuality,0.52,0.408,0.41057331229084243,25,8,17,7,3,0.875,0.17647058823529413,True,,280,25,500,0.05,0.01,0.8,0.01
certified,visual_factuality,0.36,0.408,0.4116492078662513,25,5,20,5,5,1.0,0.25,True,,281,25,500,0.05,0.01,0.8,0.01
certified,visual_factuality,0.62,0.408,0.408948701333987,25,6,19,5,3,0.8333333333333334,0.15789473684210525,True,,282,25,500,0.05,0.01,0.8,0.01
certified,visual_factuality,0.62,0.408,0.408948701333987,25,6,19,5,3,0.8333333333333334,0.15789473684210525,True,,283,25,500,0.05,0.01,0.8,0.01
certified,visual_factuality,0.75,0.408,0.41160568730289315,25,5,20,4,3,0.8,0.15,True,,284,25,500,0.05,0.01,0.8,0.01
certified,visual_factuality,0.39,0.408,0.4150162163829223,25,5,20,5,4,1.0,0.2,True,,285,25,500,0.05,0.01,0.8,0.01
certified,visual_factuality,0.37,0.408,0.4135629593935972,25,3,22,3,5,1.0,0.22727272727272727,True,,286,25,500,0.05,0.01,0.8,0.01
certified,visual_factuality,0.52,0.408,0.4105330698892037,25,7,18,6,4,0.8571428571428571,0.2222222222222222,True,,287,25,500,0.05,0.01,0.8,0.01
certified,visual_factuality,0.41,0.408,0.4154927777090525,25,7,18,7,3,1.0,0.16666666666666666,True,,288,25,500,0.05,0.01,0.8,0.01
certified,visual_factuality,0.43,0.408,0.4144382401628343,25,6,19,6,2,1.0,0.10526315789473684,True,,289,25,500,0.05,0.01,0.8,0.01
certified,visual_factuality,0.43,0.408,0.41414742928063264,25,5,20,5,2,1.0,0.1,True,,290,25,500,0.05,0.01,0.8,0.01
certified,visual_factuality,0.44,0.408,0.4102832902709082,25,4,21,4,1,1.0,0.047619047619047616,True,,291,25,500,0.05,0.01,0.8,0.01
not_certified,visual_factuality,,0.408,0.19094926921202415,25,3,22,2,2,0.6666666666666666,0.09090909090909091,True,,292,25,500,0.05,0.01,0.8,0.01
certified,visual_factuality,0.71,0.408,0.41034308841660905,25,6,19,5,0,0.8333333333333334,0.0,True,,293,25,500,0.05,0.01,0.8,0.01
certified,visual_factuality,0.56,0.408,0.4111333584271144,25,7,18,6,3,0.8571428571428571,0.16666666666666666,True,,294,25,500,0.05,0.01,0.8,0.01
not_certified,visual_factuality,,0.408,0.3311475562815575,25,4,21,3,2,0.75,0.09523809523809523,True,,295,25,500,0.05,0.01,0.8,0.01
certified,visual_factuality,0.37,0.408,0.4169138405131202,25,4,21,4,5,1.0,0.23809523809523808,True,,296,25,500,0.05,0.01,0.8,0.01
not_certified,visual_factuality,,0.408,0.19980830450213571,25,3,22,2,3,0.6666666666666666,0.13636363636363635,True,,297,25,500,0.05,0.01,0.8,0.01
certified,visual_factuality,0.43,0.408,0.4144382401628343,25,6,19,6,2,1.0,0.10526315789473684,True,,298,25,500,0.05,0.01,0.8,0.01
certified,visual_factuality,0.44,0.408,0.4092930604496053,25,7,18,7,1,1.0,0.05555555555555555,True,,299,25,500,0.05,0.01,0.8,0.01
certified,visual_factuality,0.66,0.408,0.40823447167059657,25,5,20,4,5,0.8,0.25,True,,300,25,500,0.05,0.01,0.8,0.01
certified,visual_factuality,0.62,0.408,0.408948701333987,25,6,19,5,3,0.8333333333333334,0.15789473684210525,True,,301,25,500,0.05,0.01,0.8,0.01
certified,visual_factuality,0.52,0.408,0.4105330698892037,25,7,18,6,4,0.8571428571428571,0.2222222222222222,True,,302,25,500,0.05,0.01,0.8,0.01
certified,visual_factuality,0.43,0.408,0.4138705104358807,25,4,21,4,2,1.0,0.09523809523809523,True,,303,25,500,0.05,0.01,0.8,0.01
certified,visual_factuality,0.39,0.408,0.4150162163829223,25,5,20,5,4,1.0,0.2,True,,304,25,500,0.05,0.01,0.8,0.01
not_certified,visual_factuality,,0.408,0.3403689696755395,25,4,21,3,3,0.75,0.14285714285714285,True,,305,25,500,0.05,0.01,0.8,0.01
certified,visual_factuality,0.41,0.408,0.41714908740982637,25,8,17,8,3,1.0,0.17647058823529413,True,,306,25,500,0.05,0.01,0.8,0.01
certified,visual_factuality,0.58,0.408,0.40875759330949374,25,6,19,5,4,0.8333333333333334,0.21052631578947367,True,,307,25,500,0.05,0.01,0.8,0.01
certified,visual_factuality,0.56,0.408,0.4111333584271144,25,7,18,6,3,0.8571428571428571,0.16666666666666666,True,,308,25,500,0.05,0.01,0.8,0.01
certified,visual_factuality,0.36,0.408,0.4159127557411509,25,6,19,6,5,1.0,0.2631578947368421,True,,309,25,500,0.05,0.01,0.8,0.01
certified,visual_factuality,0.43,0.408,0.4138705104358807,25,4,21,4,2,1.0,0.09523809523809523,True,,310,25,500,0.05,0.01,0.8,0.01
certified,visual_factuality,0.71,0.408,0.40982688068607476,25,5,20,4,4,0.8,0.2,True,,311,25,500,0.05,0.01,0.8,0.01
certified,visual_factuality,0.45,0.408,0.41340431706092606,25,8,17,8,0,1.0,0.0,True,,312,25,500,0.05,0.01,0.8,0.01
certified,visual_factuality,0.41,0.408,0.41155640665565996,25,4,21,4,3,1.0,0.14285714285714285,True,,313,25,500,0.05,0.01,0.8,0.01
certified,visual_factuality,0.75,0.408,0.41160568730289315,25,5,20,4,3,0.8,0.15,True,,314,25,500,0.05,0.01,0.8,0.01
certified,visual_factuality,0.71,0.408,0.40982688068607476,25,5,20,4,4,0.8,0.2,True,,315,25,500,0.05,0.01,0.8,0.01
certified,visual_factuality,0.41,0.408,0.4140314088368278,25,6,19,6,3,1.0,0.15789473684210525,True,,316,25,500,0.05,0.01,0.8,0.01
certified,visual_factuality,0.38,0.408,0.40830203478625104,25,6,19,6,4,1.0,0.21052631578947367,True,,317,25,500,0.05,0.01,0.8,0.01
not_certified,visual_factuality,,0.408,0.3496329088702545,25,4,21,3,4,0.75,0.19047619047619047,True,,318,25,500,0.05,0.01,0.8,0.01
certified,visual_factuality,0.43,0.408,0.41414742928063264,25,5,20,5,2,1.0,0.1,True,,319,25,500,0.05,0.01,0.8,0.01
certified,visual_factuality,0.55,0.408,0.4081700582798674,25,8,17,7,2,0.875,0.11764705882352941,True,,320,25,500,0.05,0.01,0.8,0.01
certified,visual_factuality,0.43,0.408,0.4144382401628343,25,6,19,6,2,1.0,0.10526315789473684,True,,321,25,500,0.05,0.01,0.8,0.01
certified,visual_factuality,0.41,0.408,0.41155640665565996,25,4,21,4,3,1.0,0.14285714285714285,True,,322,25,500,0.05,0.01,0.8,0.01
certified,visual_factuality,0.71,0.408,0.40982688068607476,25,5,20,4,4,0.8,0.2,True,,323,25,500,0.05,0.01,0.8,0.01
certified,visual_factuality,0.62,0.408,0.4087716045378239,25,7,18,6,1,0.8571428571428571,0.05555555555555555,True,,324,25,500,0.05,0.01,0.8,0.01
certified,visual_factuality,0.45,0.408,0.41340431706092606,25,4,21,4,0,1.0,0.0,True,,325,25,500,0.05,0.01,0.8,0.01
certified,visual_factuality,0.52,0.408,0.41057331229084243,25,8,17,7,3,0.875,0.17647058823529413,True,,326,25,500,0.05,0.01,0.8,0.01
not_certified,visual_factuality,,0.408,0.3403689696755395,25,4,21,3,3,0.75,0.14285714285714285,True,,327,25,500,0.05,0.01,0.8,0.01
certified,visual_factuality,0.41,0.408,0.4140314088368278,25,6,19,6,3,1.0,0.15789473684210525,True,,328,25,500,0.05,0.01,0.8,0.01
certified,visual_factuality,0.39,0.408,0.4105756752318199,25,3,22,3,4,1.0,0.18181818181818182,True,,329,25,500,0.05,0.01,0.8,0.01
certified,visual_factuality,0.44,0.408,0.40968798602687584,25,6,19,6,1,1.0,0.05263157894736842,True,,330,25,500,0.05,0.01,0.8,0.01
certified,visual_factuality,0.41,0.408,0.4140314088368278,25,6,19,6,3,1.0,0.15789473684210525,True,,331,25,500,0.05,0.01,0.8,0.01
certified,visual_factuality,0.71,0.408,0.40982688068607476,25,5,20,4,4,0.8,0.2,True,,332,25,500,0.05,0.01,0.8,0.01
certified,visual_factuality,0.41,0.408,0.41272860331692834,25,5,20,5,3,1.0,0.15,True,,333,25,500,0.05,0.01,0.8,0.01
certified,visual_factuality,0.66,0.408,0.40823447167059657,25,5,20,4,5,0.8,0.25,True,,334,25,500,0.05,0.01,0.8,0.01
certified,visual_factuality,0.41,0.408,0.4140314088368278,25,6,19,6,3,1.0,0.15789473684210525,True,,335,25,500,0.05,0.01,0.8,0.01
not_certified,visual_factuality,,0.408,0.20869688022983945,25,3,22,2,4,0.6666666666666666,0.18181818181818182,True,,336,25,500,0.05,0.01,0.8,0.01
certified,visual_factuality,0.54,0.408,0.4115832324933517,25,6,19,5,5,0.8333333333333334,0.2631578947368421,True,,337,25,500,0.05,0.01,0.8,0.01
certified,visual_factuality,0.41,0.408,0.4140314088368278,25,6,19,6,3,1.0,0.15789473684210525,True,,338,25,500,0.05,0.01,0.8,0.01
certified,visual_factuality,0.55,0.408,0.4081700582798674,25,8,17,7,2,0.875,0.11764705882352941,True,,339,25,500,0.05,0.01,0.8,0.01
certified,visual_factuality,0.71,0.408,0.40982688068607476,25,5,20,4,4,0.8,0.2,True,,340,25,500,0.05,0.01,0.8,0.01
certified,visual_factuality,0.75,0.408,0.41160568730289315,25,5,20,4,3,0.8,0.15,True,,341,25,500,0.05,0.01,0.8,0.01
certified,visual_factuality,0.41,0.408,0.4154927777090525,25,7,18,7,3,1.0,0.16666666666666666,True,,342,25,500,0.05,0.01,0.8,0.01
certified,visual_factuality,0.58,0.408,0.40833169260298663,25,8,17,7,1,0.875,0.058823529411764705,True,,343,25,500,0.05,0.01,0.8,0.01
certified,visual_factuality,0.37,0.408,0.4135629593935972,25,3,22,3,5,1.0,0.22727272727272727,True,,344,25,500,0.05,0.01,0.8,0.01
certified,visual_factuality,0.41,0.408,0.41272860331692834,25,5,20,5,3,1.0,0.15,True,,345,25,500,0.05,0.01,0.8,0.01
certified,visual_factuality,0.58,0.408,0.40875759330949374,25,6,19,5,4,0.8333333333333334,0.21052631578947367,True,,346,25,500,0.05,0.01,0.8,0.01
not_certified,visual_factuality,,0.408,0.3311475562815575,25,4,21,3,2,0.75,0.09523809523809523,True,,347,25,500,0.05,0.01,0.8,0.01
certified,visual_factuality,0.62,0.408,0.408948701333987,25,6,19,5,3,0.8333333333333334,0.15789473684210525,True,,348,25,500,0.05,0.01,0.8,0.01
certified,visual_factuality,0.62,0.408,0.408948701333987,25,6,19,5,3,0.8333333333333334,0.15789473684210525,True,,349,25,500,0.05,0.01,0.8,0.01
not_certified,visual_factuality,,0.408,0.3311475562815575,25,4,21,3,2,0.75,0.09523809523809523,True,,350,25,500,0.05,0.01,0.8,0.01
certified,visual_factuality,0.38,0.408,0.40830203478625104,25,6,19,6,4,1.0,0.21052631578947367,True,,351,25,500,0.05,0.01,0.8,0.01
certified,visual_factuality,0.55,0.408,0.4081700582798674,25,8,17,7,2,0.875,0.11764705882352941,True,,352,25,500,0.05,0.01,0.8,0.01
certified,visual_factuality,0.43,0.408,0.4136043401284206,25,3,22,3,2,1.0,0.09090909090909091,True,,353,25,500,0.05,0.01,0.8,0.01
not_certified,visual_factuality,,0.408,0.3403689696755395,25,4,21,3,3,0.75,0.14285714285714285,True,,354,25,500,0.05,0.01,0.8,0.01
certified,visual_factuality,0.41,0.408,0.4154927777090525,25,7,18,7,3,1.0,0.16666666666666666,True,,355,25,500,0.05,0.01,0.8,0.01
certified,visual_factuality,0.56,0.408,0.4111333584271144,25,7,18,6,3,0.8571428571428571,0.16666666666666666,True,,356,25,500,0.05,0.01,0.8,0.01
certified,visual_factuality,0.8,0.408,0.41146786623260484,25,5,20,4,1,0.8,0.05,True,,357,25,500,0.05,0.01,0.8,0.01
certified,visual_factuality,0.36,0.408,0.4116492078662513,25,5,20,5,5,1.0,0.25,True,,358,25,500,0.05,0.01,0.8,0.01
certified,visual_factuality,0.38,0.408,0.40830203478625104,25,6,19,6,4,1.0,0.21052631578947367,True,,359,25,500,0.05,0.01,0.8,0.01
certified,visual_factuality,0.43,0.408,0.41414742928063264,25,5,20,5,2,1.0,0.1,True,,360,25,500,0.05,0.01,0.8,0.01
not_certified,visual_factuality,,0.408,0.3219688028501309,25,4,21,3,1,0.75,0.047619047619047616,True,,361,25,500,0.05,0.01,0.8,0.01
certified,visual_factuality,0.41,0.408,0.41272860331692834,25,5,20,5,3,1.0,0.15,True,,362,25,500,0.05,0.01,0.8,0.01
certified,visual_factuality,0.41,0.408,0.41155640665565996,25,4,21,4,3,1.0,0.14285714285714285,True,,363,25,500,0.05,0.01,0.8,0.01
certified,visual_factuality,0.41,0.408,0.41272860331692834,25,5,20,5,3,1.0,0.15,True,,364,25,500,0.05,0.01,0.8,0.01
certified,visual_factuality,0.43,0.408,0.41474741237916696,25,7,18,7,2,1.0,0.1111111111111111,True,,365,25,500,0.05,0.01,0.8,0.01
certified,visual_factuality,0.39,0.408,0.4150162163829223,25,5,20,5,4,1.0,0.2,True,,366,25,500,0.05,0.01,0.8,0.01
certified,visual_factuality,0.44,0.408,0.4092930604496053,25,7,18,7,1,1.0,0.05555555555555555,True,,367,25,500,0.05,0.01,0.8,0.01
certified,visual_factuality,0.36,0.408,0.4116492078662513,25,5,20,5,5,1.0,0.25,True,,368,25,500,0.05,0.01,0.8,0.01
certified,visual_factuality,0.75,0.408,0.41160568730289315,25,5,20,4,3,0.8,0.15,True,,369,25,500,0.05,0.01,0.8,0.01
certified,visual_factuality,0.37,0.408,0.41054234382666577,25,2,23,2,5,1.0,0.21739130434782608,True,,370,25,500,0.05,0.01,0.8,0.01
certified,visual_factuality,0.41,0.408,0.41155640665565996,25,4,21,4,3,1.0,0.14285714285714285,True,,371,25,500,0.05,0.01,0.8,0.01
certified,visual_factuality,0.56,0.408,0.4111333584271144,25,7,18,6,3,0.8571428571428571,0.16666666666666666,True,,372,25,500,0.05,0.01,0.8,0.01
certified,visual_factuality,0.43,0.408,0.41414742928063264,25,5,20,5,2,1.0,0.1,True,,373,25,500,0.05,0.01,0.8,0.01
not_certified,visual_factuality,,0.408,0.20869688022983945,25,3,22,2,4,0.6666666666666666,0.18181818181818182,True,,374,25,500,0.05,0.01,0.8,0.01
certified,visual_factuality,0.43,0.408,0.4138705104358807,25,4,21,4,2,1.0,0.09523809523809523,True,,375,25,500,0.05,0.01,0.8,0.01
certified,visual_factuality,0.41,0.408,0.41049303314395635,25,3,22,3,3,1.0,0.13636363636363635,True,,376,25,500,0.05,0.01,0.8,0.01
certified,visual_factuality,0.58,0.408,0.40875759330949374,25,6,19,5,4,0.8333333333333334,0.21052631578947367,True,,377,25,500,0.05,0.01,0.8,0.01
certified,visual_factuality,0.41,0.408,0.4140314088368278,25,6,19,6,3,1.0,0.15789473684210525,True,,378,25,500,0.05,0.01,0.8,0.01
certified,visual_factuality,0.39,0.408,0.4126778046036885,25,4,21,4,4,1.0,0.19047619047619047,True,,379,25,500,0.05,0.01,0.8,0.01
certified,visual_factuality,0.36,0.408,0.4159127557411509,25,6,19,6,5,1.0,0.2631578947368421,True,,380,25,500,0.05,0.01,0.8,0.01
certified,visual_factuality,0.41,0.408,0.41049303314395635,25,3,22,3,3,1.0,0.13636363636363635,True,,381,25,500,0.05,0.01,0.8,0.01
certified,visual_factuality,0.41,0.408,0.4140314088368278,25,6,19,6,3,1.0,0.15789473684210525,True,,382,25,500,0.05,0.01,0.8,0.01
certified,visual_factuality,0.56,0.408,0.4111333584271144,25,7,18,6,3,0.8571428571428571,0.16666666666666666,True,,383,25,500,0.05,0.01,0.8,0.01
certified,visual_factuality,0.62,0.408,0.408948701333987,25,6,19,5,3,0.8333333333333334,0.15789473684210525,True,,384,25,500,0.05,0.01,0.8,0.01
certified,visual_factuality,0.55,0.408,0.4081700582798674,25,8,17,7,2,0.875,0.11764705882352941,True,,385,25,500,0.05,0.01,0.8,0.01
certified,visual_factuality,0.36,0.408,0.4159127557411509,25,6,19,6,5,1.0,0.2631578947368421,True,,386,25,500,0.05,0.01,0.8,0.01
certified,visual_factuality,0.66,0.408,0.40823447167059657,25,5,20,4,5,0.8,0.25,True,,387,25,500,0.05,0.01,0.8,0.01
certified,visual_factuality,0.58,0.408,0.40875759330949374,25,6,19,5,4,0.8333333333333334,0.21052631578947367,True,,388,25,500,0.05,0.01,0.8,0.01
certified,visual_factuality,0.48,0.408,0.4130660459550544,25,7,18,6,5,0.8571428571428571,0.2777777777777778,True,,389,25,500,0.05,0.01,0.8,0.01
certified,visual_factuality,0.41,0.408,0.41272860331692834,25,5,20,5,3,1.0,0.15,True,,390,25,500,0.05,0.01,0.8,0.01
certified,visual_factuality,0.71,0.408,0.40982688068607476,25,5,20,4,4,0.8,0.2,True,,391,25,500,0.05,0.01,0.8,0.01
certified,visual_factuality,0.75,0.408,0.41160568730289315,25,5,20,4,3,0.8,0.15,True,,392,25,500,0.05,0.01,0.8,0.01
certified,visual_factuality,0.44,0.408,0.4100144885452927,25,5,20,5,1,1.0,0.05,True,,393,25,500,0.05,0.01,0.8,0.01
certified,visual_factuality,0.37,0.408,0.4169138405131202,25,4,21,4,5,1.0,0.23809523809523808,True,,394,25,500,0.05,0.01,0.8,0.01
certified,visual_factuality,0.66,0.408,0.40823447167059657,25,5,20,4,5,0.8,0.25,True,,395,25,500,0.05,0.01,0.8,0.01
certified,visual_factuality,0.36,0.408,0.4116492078662513,25,5,20,5,5,1.0,0.25,True,,396,25,500,0.05,0.01,0.8,0.01
certified,visual_factuality,0.43,0.408,0.41414742928063264,25,5,20,5,2,1.0,0.1,True,,397,25,500,0.05,0.01,0.8,0.01
not_certified,visual_factuality,,0.408,0.2265624617354256,25,3,22,2,6,0.6666666666666666,0.2727272727272727,True,,398,25,500,0.05,0.01,0.8,0.01
certified,visual_factuality,0.46,0.408,0.41400355492875374,25,9,16,8,4,0.8888888888888888,0.25,True,,399,25,500,0.05,0.01,0.8,0.01
certified,visual_factuality,0.37,0.408,0.4135629593935972,25,3,22,3,5,1.0,0.22727272727272727,True,,400,25,500,0.05,0.01,0.8,0.01
certified,visual_factuality,0.75,0.408,0.41160568730289315,25,5,20,4,3,0.8,0.15,True,,401,25,500,0.05,0.01,0.8,0.01
certified,visual_factuality,0.38,0.408,0.40830203478625104,25,6,19,6,4,1.0,0.21052631578947367,True,,402,25,500,0.05,0.01,0.8,0.01
certified,visual_factuality,0.37,0.408,0.41054234382666577,25,2,23,2,5,1.0,0.21739130434782608,True,,403,25,500,0.05,0.01,0.8,0.01
not_certified,visual_factuality,,0.408,0.3403689696755395,25,4,21,3,3,0.75,0.14285714285714285,True,,404,25,500,0.05,0.01,0.8,0.01
certified,visual_factuality,0.43,0.408,0.4138705104358807,25,4,21,4,2,1.0,0.09523809523809523,True,,405,25,500,0.05,0.01,0.8,0.01
certified,visual_factuality,0.39,0.408,0.4150162163829223,25,5,20,5,4,1.0,0.2,True,,406,25,500,0.05,0.01,0.8,0.01
certified,visual_factuality,0.41,0.408,0.41155640665565996,25,4,21,4,3,1.0,0.14285714285714285,True,,407,25,500,0.05,0.01,0.8,0.01
certified,visual_factuality,0.41,0.408,0.41272860331692834,25,5,20,5,3,1.0,0.15,True,,408,25,500,0.05,0.01,0.8,0.01
certified,visual_factuality,0.43,0.408,0.41414742928063264,25,5,20,5,2,1.0,0.1,True,,409,25,500,0.05,0.01,0.8,0.01
certified,visual_factuality,0.44,0.408,0.40968798602687584,25,6,19,6,1,1.0,0.05263157894736842,True,,410,25,500,0.05,0.01,0.8,0.01
certified,visual_factuality,0.59,0.408,0.408761380128156,25,7,18,6,2,0.8571428571428571,0.1111111111111111,True,,411,25,500,0.05,0.01,0.8,0.01
certified,visual_factuality,0.59,0.408,0.408761380128156,25,7,18,6,2,0.8571428571428571,0.1111111111111111,True,,412,25,500,0.05,0.01,0.8,0.01
certified,visual_factuality,0.58,0.408,0.40875759330949374,25,6,19,5,4,0.8333333333333334,0.21052631578947367,True,,413,25,500,0.05,0.01,0.8,0.01
certified,visual_factuality,0.77,0.408,0.4082966979386653,25,5,20,4,2,0.8,0.1,True,,414,25,500,0.05,0.01,0.8,0.01
not_certified,visual_factuality,,0.408,0.3403689696755395,25,4,21,3,3,0.75,0.14285714285714285,True,,415,25,500,0.05,0.01,0.8,0.01
certified,visual_factuality,0.62,0.408,0.408948701333987,25,6,19,5,3,0.8333333333333334,0.15789473684210525,True,,416,25,500,0.05,0.01,0.8,0.01
certified,visual_factuality,0.43,0.408,0.41414742928063264,25,5,20,5,2,1.0,0.1,True,,417,25,500,0.05,0.01,0.8,0.01
certified,visual_factuality,0.59,0.408,0.408761380128156,25,7,18,6,2,0.8571428571428571,0.1111111111111111,True,,418,25,500,0.05,0.01,0.8,0.01
certified,visual_factuality,0.52,0.408,0.41057331229084243,25,8,17,7,3,0.875,0.17647058823529413,True,,419,25,500,0.05,0.01,0.8,0.01
not_certified,visual_factuality,,0.408,0.3403689696755395,25,4,21,3,3,0.75,0.14285714285714285,True,,420,25,500,0.05,0.01,0.8,0.01
certified,visual_factuality,0.66,0.408,0.412168633775608,25,6,19,5,2,0.8333333333333334,0.10526315789473684,True,,421,25,500,0.05,0.01,0.8,0.01
certified,visual_factuality,0.36,0.408,0.4116492078662513,25,5,20,5,5,1.0,0.25,True,,422,25,500,0.05,0.01,0.8,0.01
certified,visual_factuality,0.48,0.408,0.4096552423395279,25,8,17,7,4,0.875,0.23529411764705882,True,,423,25,500,0.05,0.01,0.8,0.01
certified,visual_factuality,0.54,0.408,0.41261628154077884,25,10,15,9,1,0.9,0.06666666666666667,True,,424,25,500,0.05,0.01,0.8,0.01
certified,visual_factuality,0.71,0.408,0.40982688068607476,25,5,20,4,4,0.8,0.2,True,,425,25,500,0.05,0.01,0.8,0.01
certified,visual_factuality,0.75,0.408,0.41160568730289315,25,5,20,4,3,0.8,0.15,True,,426,25,500,0.05,0.01,0.8,0.01
certified,visual_factuality,0.38,0.408,0.40830203478625104,25,6,19,6,4,1.0,0.21052631578947367,True,,427,25,500,0.05,0.01,0.8,0.01
certified,visual_factuality,0.62,0.408,0.408948701333987,25,6,19,5,3,0.8333333333333334,0.15789473684210525,True,,428,25,500,0.05,0.01,0.8,0.01
certified,visual_factuality,0.43,0.408,0.41414742928063264,25,5,20,5,2,1.0,0.1,True,,429,25,500,0.05,0.01,0.8,0.01
certified,visual_factuality,0.75,0.408,0.41160568730289315,25,5,20,4,3,0.8,0.15,True,,430,25,500,0.05,0.01,0.8,0.01
certified,visual_factuality,0.69,0.408,0.41296973029300843,25,6,19,5,1,0.8333333333333334,0.05263157894736842,True,,431,25,500,0.05,0.01,0.8,0.01
certified,visual_factuality,0.75,0.408,0.41160568730289315,25,5,20,4,3,0.8,0.15,True,,432,25,500,0.05,0.01,0.8,0.01
certified,visual_factuality,0.43,0.408,0.4144382401628343,25,6,19,6,2,1.0,0.10526315789473684,True,,433,25,500,0.05,0.01,0.8,0.01
certified,visual_factuality,0.43,0.408,0.41414742928063264,25,5,20,5,2,1.0,0.1,True,,434,25,500,0.05,0.01,0.8,0.01
certified,visual_factuality,0.56,0.408,0.4111333584271144,25,7,18,6,3,0.8571428571428571,0.16666666666666666,True,,435,25,500,0.05,0.01,0.8,0.01
not_certified,visual_factuality,,0.408,0.3311475562815575,25,4,21,3,2,0.75,0.09523809523809523,True,,436,25,500,0.05,0.01,0.8,0.01
certified,visual_factuality,0.39,0.408,0.4126778046036885,25,4,21,4,4,1.0,0.19047619047619047,True,,437,25,500,0.05,0.01,0.8,0.01
not_certified,visual_factuality,,0.408,0.3403689696755395,25,4,21,3,3,0.75,0.14285714285714285,True,,438,25,500,0.05,0.01,0.8,0.01
certified,visual_factuality,0.43,0.408,0.4136043401284206,25,3,22,3,2,1.0,0.09090909090909091,True,,439,25,500,0.05,0.01,0.8,0.01
certified,visual_factuality,0.5,0.408,0.4148749765311834,25,9,16,8,3,0.8888888888888888,0.1875,True,,440,25,500,0.05,0.01,0.8,0.01
certified,visual_factuality,0.75,0.408,0.41160568730289315,25,5,20,4,3,0.8,0.15,True,,441,25,500,0.05,0.01,0.8,0.01
certified,visual_factuality,0.43,0.408,0.41474741237916696,25,7,18,7,2,1.0,0.1111111111111111,True,,442,25,500,0.05,0.01,0.8,0.01
certified,visual_factuality,0.75,0.408,0.41160568730289315,25,5,20,4,3,0.8,0.15,True,,443,25,500,0.05,0.01,0.8,0.01
certified,visual_factuality,0.56,0.408,0.4111333584271144,25,7,18,6,3,0.8571428571428571,0.16666666666666666,True,,444,25,500,0.05,0.01,0.8,0.01
certified,visual_factuality,0.8,0.408,0.41146786623260484,25,5,20,4,1,0.8,0.05,True,,445,25,500,0.05,0.01,0.8,0.01
certified,visual_factuality,0.62,0.408,0.408948701333987,25,6,19,5,3,0.8333333333333334,0.15789473684210525,True,,446,25,500,0.05,0.01,0.8,0.01
certified,visual_factuality,0.44,0.408,0.40968798602687584,25,6,19,6,1,1.0,0.05263157894736842,True,,447,25,500,0.05,0.01,0.8,0.01
certified,visual_factuality,0.66,0.408,0.40823447167059657,25,5,20,4,5,0.8,0.25,True,,448,25,500,0.05,0.01,0.8,0.01
not_certified,visual_factuality,,0.408,0.20869688022983945,25,3,22,2,4,0.6666666666666666,0.18181818181818182,True,,449,25,500,0.05,0.01,0.8,0.01
certified,visual_factuality,0.39,0.408,0.4150162163829223,25,5,20,5,4,1.0,0.2,True,,450,25,500,0.05,0.01,0.8,0.01
certified,visual_factuality,0.43,0.408,0.41414742928063264,25,5,20,5,2,1.0,0.1,True,,451,25,500,0.05,0.01,0.8,0.01
certified,visual_factuality,0.58,0.408,0.40875759330949374,25,6,19,5,4,0.8333333333333334,0.21052631578947367,True,,452,25,500,0.05,0.01,0.8,0.01
certified,visual_factuality,0.77,0.408,0.4082966979386653,25,5,20,4,2,0.8,0.1,True,,453,25,500,0.05,0.01,0.8,0.01
certified,visual_factuality,0.58,0.408,0.40875759330949374,25,6,19,5,4,0.8333333333333334,0.21052631578947367,True,,454,25,500,0.05,0.01,0.8,0.01
not_certified,visual_factuality,,0.408,0.20869688022983945,25,3,22,2,4,0.6666666666666666,0.18181818181818182,True,,455,25,500,0.05,0.01,0.8,0.01
certified,visual_factuality,0.43,0.408,0.4150813433259758,25,8,17,8,2,1.0,0.11764705882352941,True,,456,25,500,0.05,0.01,0.8,0.01
certified,visual_factuality,0.48,0.408,0.4096552423395279,25,8,17,7,4,0.875,0.23529411764705882,True,,457,25,500,0.05,0.01,0.8,0.01
certified,visual_factuality,0.41,0.408,0.41155640665565996,25,4,21,4,3,1.0,0.14285714285714285,True,,458,25,500,0.05,0.01,0.8,0.01
certified,visual_factuality,0.59,0.408,0.408761380128156,25,7,18,6,2,0.8571428571428571,0.1111111111111111,True,,459,25,500,0.05,0.01,0.8,0.01
certified,visual_factuality,0.39,0.408,0.4105756752318199,25,3,22,3,4,1.0,0.18181818181818182,True,,460,25,500,0.05,0.01,0.8,0.01
certified,visual_factuality,0.43,0.408,0.41414742928063264,25,5,20,5,2,1.0,0.1,True,,461,25,500,0.05,0.01,0.8,0.01
certified,visual_factuality,0.52,0.408,0.41057331229084243,25,8,17,7,3,0.875,0.17647058823529413,True,,462,25,500,0.05,0.01,0.8,0.01
certified,visual_factuality,0.39,0.408,0.4150162163829223,25,5,20,5,4,1.0,0.2,True,,463,25,500,0.05,0.01,0.8,0.01
certified,visual_factuality,0.36,0.408,0.4116492078662513,25,5,20,5,5,1.0,0.25,True,,464,25,500,0.05,0.01,0.8,0.01
certified,visual_factuality,0.44,0.408,0.40968798602687584,25,6,19,6,1,1.0,0.05263157894736842,True,,465,25,500,0.05,0.01,0.8,0.01
certified,visual_factuality,0.75,0.408,0.41160568730289315,25,5,20,4,3,0.8,0.15,True,,466,25,500,0.05,0.01,0.8,0.01
certified,visual_factuality,0.41,0.408,0.4154927777090525,25,7,18,7,3,1.0,0.16666666666666666,True,,467,25,500,0.05,0.01,0.8,0.01
certified,visual_factuality,0.75,0.408,0.41160568730289315,25,5,20,4,3,0.8,0.15,True,,468,25,500,0.05,0.01,0.8,0.01
certified,visual_factuality,0.41,0.408,0.4154927777090525,25,7,18,7,3,1.0,0.16666666666666666,True,,469,25,500,0.05,0.01,0.8,0.01
not_certified,visual_factuality,,0.408,0.35893925902015617,25,4,21,3,5,0.75,0.23809523809523808,True,,470,25,500,0.05,0.01,0.8,0.01
certified,visual_factuality,0.41,0.408,0.41049303314395635,25,3,22,3,3,1.0,0.13636363636363635,True,,471,25,500,0.05,0.01,0.8,0.01
certified,visual_factuality,0.39,0.408,0.4105756752318199,25,3,22,3,4,1.0,0.18181818181818182,True,,472,25,500,0.05,0.01,0.8,0.01
not_certified,visual_factuality,,0.408,0.3403689696755395,25,4,21,3,3,0.75,0.14285714285714285,True,,473,25,500,0.05,0.01,0.8,0.01
certified,visual_factuality,0.66,0.408,0.412168633775608,25,6,19,5,2,0.8333333333333334,0.10526315789473684,True,,474,25,500,0.05,0.01,0.8,0.01
certified,visual_factuality,0.43,0.408,0.4144382401628343,25,6,19,6,2,1.0,0.10526315789473684,True,,475,25,500,0.05,0.01,0.8,0.01
certified,visual_factuality,0.77,0.408,0.4082966979386653,25,5,20,4,2,0.8,0.1,True,,476,25,500,0.05,0.01,0.8,0.01
certified,visual_factuality,0.62,0.408,0.408948701333987,25,6,19,5,3,0.8333333333333334,0.15789473684210525,True,,477,25,500,0.05,0.01,0.8,0.01
certified,visual_factuality,0.39,0.408,0.4150162163829223,25,5,20,5,4,1.0,0.2,True,,478,25,500,0.05,0.01,0.8,0.01
certified,visual_factuality,0.38,0.408,0.40830203478625104,25,6,19,6,4,1.0,0.21052631578947367,True,,479,25,500,0.05,0.01,0.8,0.01
certified,visual_factuality,0.41,0.408,0.41155640665565996,25,4,21,4,3,1.0,0.14285714285714285,True,,480,25,500,0.05,0.01,0.8,0.01
certified,visual_factuality,0.43,0.408,0.41414742928063264,25,5,20,5,2,1.0,0.1,True,,481,25,500,0.05,0.01,0.8,0.01
certified,visual_factuality,0.41,0.408,0.41272860331692834,25,5,20,5,3,1.0,0.15,True,,482,25,500,0.05,0.01,0.8,0.01
certified,visual_factuality,0.44,0.408,0.40968798602687584,25,6,19,6,1,1.0,0.05263157894736842,True,,483,25,500,0.05,0.01,0.8,0.01
certified,visual_factuality,0.41,0.408,0.4140314088368278,25,6,19,6,3,1.0,0.15789473684210525,True,,484,25,500,0.05,0.01,0.8,0.01
certified,visual_factuality,0.43,0.408,0.4144382401628343,25,6,19,6,2,1.0,0.10526315789473684,True,,485,25,500,0.05,0.01,0.8,0.01
certified,visual_factuality,0.41,0.408,0.4140314088368278,25,6,19,6,3,1.0,0.15789473684210525,True,,486,25,500,0.05,0.01,0.8,0.01
certified,visual_factuality,0.38,0.408,0.40830203478625104,25,6,19,6,4,1.0,0.21052631578947367,True,,487,25,500,0.05,0.01,0.8,0.01
certified,visual_factuality,0.38,0.408,0.41130032084337215,25,7,18,7,4,1.0,0.2222222222222222,True,,488,25,500,0.05,0.01,0.8,0.01
certified,visual_factuality,0.41,0.408,0.41272860331692834,25,5,20,5,3,1.0,0.15,True,,489,25,500,0.05,0.01,0.8,0.01
certified,visual_factuality,0.41,0.408,0.41049303314395635,25,3,22,3,3,1.0,0.13636363636363635,True,,490,25,500,0.05,0.01,0.8,0.01
certified,visual_factuality,0.43,0.408,0.4136043401284206,25,3,22,3,2,1.0,0.09090909090909091,True,,491,25,500,0.05,0.01,0.8,0.01
certified,visual_factuality,0.75,0.408,0.41160568730289315,25,5,20,4,3,0.8,0.15,True,,492,25,500,0.05,0.01,0.8,0.01
certified,visual_factuality,0.43,0.408,0.41414742928063264,25,5,20,5,2,1.0,0.1,True,,493,25,500,0.05,0.01,0.8,0.01
certified,visual_factuality,0.39,0.408,0.4126778046036885,25,4,21,4,4,1.0,0.19047619047619047,True,,494,25,500,0.05,0.01,0.8,0.01
certified,visual_factuality,0.41,0.408,0.41272860331692834,25,5,20,5,3,1.0,0.15,True,,495,25,500,0.05,0.01,0.8,0.01
certified,visual_factuality,0.41,0.408,0.4140314088368278,25,6,19,6,3,1.0,0.15789473684210525,True,,496,25,500,0.05,0.01,0.8,0.01
certified,visual_factuality,0.41,0.408,0.4154927777090525,25,7,18,7,3,1.0,0.16666666666666666,True,,497,25,500,0.05,0.01,0.8,0.01
certified,visual_factuality,0.39,0.408,0.4086732941625112,25,2,23,2,4,1.0,0.17391304347826086,True,,498,25,500,0.05,0.01,0.8,0.01
certified,visual_factuality,0.36,0.408,0.4116492078662513,25,5,20,5,5,1.0,0.25,True,,499,25,500,0.05,0.01,0.8,0.01
certified,visual_factuality,0.56,0.408,0.4111333584271144,25,7,18,6,3,0.8571428571428571,0.16666666666666666,True,,500,25,500,0.05,0.01,0.8,0.01
certified,visual_factuality,0.55,0.408,0.4081700582798674,25,8,17,7,2,0.875,0.11764705882352941,True,,501,25,500,0.05,0.01,0.8,0.01
not_certified,visual_factuality,,0.408,0.19094926921202415,25,3,22,2,2,0.6666666666666666,0.09090909090909091,True,,502,25,500,0.05,0.01,0.8,0.01
certified,visual_factuality,0.41,0.408,0.41272860331692834,25,5,20,5,3,1.0,0.15,True,,503,25,500,0.05,0.01,0.8,0.01
certified,visual_factuality,0.56,0.408,0.4111333584271144,25,7,18,6,3,0.8571428571428571,0.16666666666666666,True,,504,25,500,0.05,0.01,0.8,0.01
certified,visual_factuality,0.41,0.408,0.41272860331692834,25,5,20,5,3,1.0,0.15,True,,505,25,500,0.05,0.01,0.8,0.01
certified,visual_factuality,0.43,0.408,0.4144382401628343,25,6,19,6,2,1.0,0.10526315789473684,True,,506,25,500,0.05,0.01,0.8,0.01
not_certified,visual_factuality,,0.408,0.3219688028501309,25,4,21,3,1,0.75,0.047619047619047616,True,,507,25,500,0.05,0.01,0.8,0.01
certified,visual_factuality,0.41,0.408,0.4154927777090525,25,7,18,7,3,1.0,0.16666666666666666,True,,508,25,500,0.05,0.01,0.8,0.01
certified,visual_factuality,0.39,0.408,0.4150162163829223,25,5,20,5,4,1.0,0.2,True,,509,25,500,0.05,0.01,0.8,0.01
certified,visual_factuality,0.35,0.408,0.41186291114959134,25,7,18,7,5,1.0,0.2777777777777778,True,,510,25,500,0.05,0.01,0.8,0.01
certified,visual_factuality,0.41,0.408,0.4140314088368278,25,6,19,6,3,1.0,0.15789473684210525,True,,511,25,500,0.05,0.01,0.8,0.01
certified,visual_factuality,0.62,0.408,0.408948701333987,25,6,19,5,3,0.8333333333333334,0.15789473684210525,True,,512,25,500,0.05,0.01,0.8,0.01
certified,visual_factuality,0.58,0.408,0.40875759330949374,25,6,19,5,4,0.8333333333333334,0.21052631578947367,True,,513,25,500,0.05,0.01,0.8,0.01
certified,visual_factuality,0.39,0.408,0.4086732941625112,25,2,23,2,4,1.0,0.17391304347826086,True,,514,25,500,0.05,0.01,0.8,0.01
certified,visual_factuality,0.54,0.408,0.4115832324933517,25,6,19,5,5,0.8333333333333334,0.2631578947368421,True,,515,25,500,0.05,0.01,0.8,0.01
certified,visual_factuality,0.77,0.408,0.4082966979386653,25,5,20,4,2,0.8,0.1,True,,516,25,500,0.05,0.01,0.8,0.01
certified,visual_factuality,0.62,0.408,0.408948701333987,25,6,19,5,3,0.8333333333333334,0.15789473684210525,True,,517,25,500,0.05,0.01,0.8,0.01
certified,visual_factuality,0.52,0.408,0.4105330698892037,25,7,18,6,4,0.8571428571428571,0.2222222222222222,True,,518,25,500,0.05,0.01,0.8,0.01
certified,visual_factuality,0.75,0.408,0.41160568730289315,25,5,20,4,3,0.8,0.15,True,,519,25,500,0.05,0.01,0.8,0.01
certified,visual_factuality,0.56,0.408,0.4111333584271144,25,7,18,6,3,0.8571428571428571,0.16666666666666666,True,,520,25,500,0.05,0.01,0.8,0.01
certified,visual_factuality,0.44,0.408,0.40968798602687584,25,6,19,6,1,1.0,0.05263157894736842,True,,521,25,500,0.05,0.01,0.8,0.01
certified,visual_factuality,0.71,0.408,0.40982688068607476,25,5,20,4,4,0.8,0.2,True,,522,25,500,0.05,0.01,0.8,0.01
certified,visual_factuality,0.38,0.408,0.40830203478625104,25,6,19,6,4,1.0,0.21052631578947367,True,,523,25,500,0.05,0.01,0.8,0.01
certified,visual_factuality,0.41,0.408,0.41155640665565996,25,4,21,4,3,1.0,0.14285714285714285,True,,524,25,500,0.05,0.01,0.8,0.01
certified,visual_factuality,0.38,0.408,0.4147212387521312,25,8,17,8,4,1.0,0.23529411764705882,True,,525,25,500,0.05,0.01,0.8,0.01
certified,visual_factuality,0.56,0.408,0.4111333584271144,25,7,18,6,3,0.8571428571428571,0.16666666666666666,True,,526,25,500,0.05,0.01,0.8,0.01
certified,visual_factuality,0.43,0.408,0.41414742928063264,25,5,20,5,2,1.0,0.1,True,,527,25,500,0.05,0.01,0.8,0.01
certified,visual_factuality,0.58,0.408,0.40875759330949374,25,6,19,5,4,0.8333333333333334,0.21052631578947367,True,,528,25,500,0.05,0.01,0.8,0.01
certified,visual_factuality,0.58,0.408,0.40875759330949374,25,6,19,5,4,0.8333333333333334,0.21052631578947367,True,,529,25,500,0.05,0.01,0.8,0.01
certified,visual_factuality,0.38,0.408,0.4147212387521312,25,8,17,8,4,1.0,0.23529411764705882,True,,530,25,500,0.05,0.01,0.8,0.01
certified,visual_factuality,0.8,0.408,0.41146786623260484,25,5,20,4,1,0.8,0.05,True,,531,25,500,0.05,0.01,0.8,0.01
certified,visual_factuality,0.62,0.408,0.408948701333987,25,6,19,5,3,0.8333333333333334,0.15789473684210525,True,,532,25,500,0.05,0.01,0.8,0.01
certified,visual_factuality,0.62,0.408,0.408948701333987,25,6,19,5,3,0.8333333333333334,0.15789473684210525,True,,533,25,500,0.05,0.01,0.8,0.01
certified,visual_factuality,0.41,0.408,0.4140314088368278,25,6,19,6,3,1.0,0.15789473684210525,True,,534,25,500,0.05,0.01,0.8,0.01
certified,visual_factuality,0.77,0.408,0.4082966979386653,25,5,20,4,2,0.8,0.1,True,,535,25,500,0.05,0.01,0.8,0.01
certified,visual_factuality,0.45,0.408,0.41340431706092606,25,6,19,6,0,1.0,0.0,True,,536,25,500,0.05,0.01,0.8,0.01
certified,visual_factuality,0.37,0.408,0.41054234382666577,25,2,23,2,5,1.0,0.21739130434782608,True,,537,25,500,0.05,0.01,0.8,0.01
certified,visual_factuality,0.62,0.408,0.408948701333987,25,6,19,5,3,0.8333333333333334,0.15789473684210525,True,,538,25,500,0.05,0.01,0.8,0.01
certified,visual_factuality,0.59,0.408,0.408761380128156,25,7,18,6,2,0.8571428571428571,0.1111111111111111,True,,539,25,500,0.05,0.01,0.8,0.01
certified,visual_factuality,0.41,0.408,0.41714908740982637,25,8,17,8,3,1.0,0.17647058823529413,True,,540,25,500,0.05,0.01,0.8,0.01
certified,visual_factuality,0.75,0.408,0.41160568730289315,25,5,20,4,3,0.8,0.15,True,,541,25,500,0.05,0.01,0.8,0.01
certified,visual_factuality,0.41,0.408,0.4140314088368278,25,6,19,6,3,1.0,0.15789473684210525,True,,542,25,500,0.05,0.01,0.8,0.01
certified,visual_factuality,0.75,0.408,0.41160568730289315,25,5,20,4,3,0.8,0.15,True,,543,25,500,0.05,0.01,0.8,0.01
certified,visual_factuality,0.66,0.408,0.40823447167059657,25,5,20,4,5,0.8,0.25,True,,544,25,500,0.05,0.01,0.8,0.01
certified,visual_factuality,0.58,0.408,0.40875759330949374,25,6,19,5,4,0.8333333333333334,0.21052631578947367,True,,545,25,500,0.05,0.01,0.8,0.01
certified,visual_factuality,0.62,0.408,0.408948701333987,25,6,19,5,3,0.8333333333333334,0.15789473684210525,True,,546,25,500,0.05,0.01,0.8,0.01
certified,visual_factuality,0.58,0.408,0.40833169260298663,25,8,17,7,1,0.875,0.058823529411764705,True,,547,25,500,0.05,0.01,0.8,0.01
certified,visual_factuality,0.43,0.408,0.41414742928063264,25,5,20,5,2,1.0,0.1,True,,548,25,500,0.05,0.01,0.8,0.01
certified,visual_factuality,0.43,0.408,0.4150813433259758,25,8,17,8,2,1.0,0.11764705882352941,True,,549,25,500,0.05,0.01,0.8,0.01
certified,visual_factuality,0.39,0.408,0.4126778046036885,25,4,21,4,4,1.0,0.19047619047619047,True,,550,25,500,0.05,0.01,0.8,0.01
certified,visual_factuality,0.41,0.408,0.40952128791048487,25,2,23,2,3,1.0,0.13043478260869565,True,,551,25,500,0.05,0.01,0.8,0.01
certified,visual_factuality,0.59,0.408,0.408761380128156,25,7,18,6,2,0.8571428571428571,0.1111111111111111,True,,552,25,500,0.05,0.01,0.8,0.01
certified,visual_factuality,0.41,0.408,0.41106212877442916,25,9,16,8,5,0.8888888888888888,0.3125,True,,553,25,500,0.05,0.01,0.8,0.01
certified,visual_factuality,0.75,0.408,0.41160568730289315,25,5,20,4,3,0.8,0.15,True,,554,25,500,0.05,0.01,0.8,0.01
certified,visual_factuality,0.38,0.408,0.40830203478625104,25,6,19,6,4,1.0,0.21052631578947367,True,,555,25,500,0.05,0.01,0.8,0.01
certified,visual_factuality,0.43,0.408,0.41414742928063264,25,5,20,5,2,1.0,0.1,True,,556,25,500,0.05,0.01,0.8,0.01
certified,visual_factuality,0.71,0.408,0.40982688068607476,25,5,20,4,4,0.8,0.2,True,,557,25,500,0.05,0.01,0.8,0.01
certified,visual_factuality,0.77,0.408,0.4082966979386653,25,5,20,4,2,0.8,0.1,True,,558,25,500,0.05,0.01,0.8,0.01
certified,visual_factuality,0.75,0.408,0.41160568730289315,25,5,20,4,3,0.8,0.15,True,,559,25,500,0.05,0.01,0.8,0.01
certified,visual_factuality,0.62,0.408,0.408948701333987,25,6,19,5,3,0.8333333333333334,0.15789473684210525,True,,560,25,500,0.05,0.01,0.8,0.01
certified,visual_factuality,0.75,0.408,0.41160568730289315,25,5,20,4,3,0.8,0.15,True,,561,25,500,0.05,0.01,0.8,0.01
certified,visual_factuality,0.66,0.408,0.412168633775608,25,6,19,5,2,0.8333333333333334,0.10526315789473684,True,,562,25,500,0.05,0.01,0.8,0.01
certified,visual_factuality,0.38,0.408,0.40830203478625104,25,6,19,6,4,1.0,0.21052631578947367,True,,563,25,500,0.05,0.01,0.8,0.01
certified,visual_factuality,0.43,0.408,0.41474741237916696,25,7,18,7,2,1.0,0.1111111111111111,True,,564,25,500,0.05,0.01,0.8,0.01
certified,visual_factuality,0.39,0.408,0.4086732941625112,25,2,23,2,4,1.0,0.17391304347826086,True,,565,25,500,0.05,0.01,0.8,0.01
certified,visual_factuality,0.39,0.408,0.4150162163829223,25,5,20,5,4,1.0,0.2,True,,566,25,500,0.05,0.01,0.8,0.01
certified,visual_factuality,0.38,0.408,0.41130032084337215,25,7,18,7,4,1.0,0.2222222222222222,True,,567,25,500,0.05,0.01,0.8,0.01
certified,visual_factuality,0.52,0.408,0.4105330698892037,25,7,18,6,4,0.8571428571428571,0.2222222222222222,True,,568,25,500,0.05,0.01,0.8,0.01
certified,visual_factuality,0.38,0.408,0.40830203478625104,25,6,19,6,4,1.0,0.21052631578947367,True,,569,25,500,0.05,0.01,0.8,0.01
certified,visual_factuality,0.71,0.408,0.40982688068607476,25,5,20,4,4,0.8,0.2,True,,570,25,500,0.05,0.01,0.8,0.01
not_certified,visual_factuality,,0.408,0.3403689696755395,25,4,21,3,3,0.75,0.14285714285714285,True,,571,25,500,0.05,0.01,0.8,0.01
certified,visual_factuality,0.45,0.408,0.41340431706092606,25,3,22,3,0,1.0,0.0,True,,572,25,500,0.05,0.01,0.8,0.01
certified,visual_factuality,0.69,0.408,0.41296973029300843,25,6,19,5,1,0.8333333333333334,0.05263157894736842,True,,573,25,500,0.05,0.01,0.8,0.01
certified,visual_factuality,0.39,0.408,0.4150162163829223,25,5,20,5,4,1.0,0.2,True,,574,25,500,0.05,0.01,0.8,0.01
certified,visual_factuality,0.44,0.408,0.4092930604496053,25,7,18,7,1,1.0,0.05555555555555555,True,,575,25,500,0.05,0.01,0.8,0.01
certified,visual_factuality,0.59,0.408,0.408761380128156,25,7,18,6,2,0.8571428571428571,0.1111111111111111,True,,576,25,500,0.05,0.01,0.8,0.01
certified,visual_factuality,0.43,0.408,0.4144382401628343,25,6,19,6,2,1.0,0.10526315789473684,True,,577,25,500,0.05,0.01,0.8,0.01
certified,visual_factuality,0.41,0.408,0.41272860331692834,25,5,20,5,3,1.0,0.15,True,,578,25,500,0.05,0.01,0.8,0.01
certified,visual_factuality,0.66,0.408,0.412168633775608,25,6,19,5,2,0.8333333333333334,0.10526315789473684,True,,579,25,500,0.05,0.01,0.8,0.01
certified,visual_factuality,0.36,0.408,0.4159127557411509,25,6,19,6,5,1.0,0.2631578947368421,True,,580,25,500,0.05,0.01,0.8,0.01
certified,visual_factuality,0.62,0.408,0.408948701333987,25,6,19,5,3,0.8333333333333334,0.15789473684210525,True,,581,25,500,0.05,0.01,0.8,0.01
certified,visual_factuality,0.44,0.408,0.40968798602687584,25,6,19,6,1,1.0,0.05263157894736842,True,,582,25,500,0.05,0.01,0.8,0.01
certified,visual_factuality,0.41,0.408,0.4140314088368278,25,6,19,6,3,1.0,0.15789473684210525,True,,583,25,500,0.05,0.01,0.8,0.01
certified,visual_factuality,0.59,0.408,0.408761380128156,25,7,18,6,2,0.8571428571428571,0.1111111111111111,True,,584,25,500,0.05,0.01,0.8,0.01
certified,visual_factuality,0.45,0.408,0.41340431706092606,25,4,21,4,0,1.0,0.0,True,,585,25,500,0.05,0.01,0.8,0.01
certified,visual_factuality,0.66,0.408,0.412168633775608,25,6,19,5,2,0.8333333333333334,0.10526315789473684,True,,586,25,500,0.05,0.01,0.8,0.01
certified,visual_factuality,0.5,0.408,0.4148749765311834,25,9,16,8,3,0.8888888888888888,0.1875,True,,587,25,500,0.05,0.01,0.8,0.01
certified,visual_factuality,0.75,0.408,0.41160568730289315,25,5,20,4,3,0.8,0.15,True,,588,25,500,0.05,0.01,0.8,0.01
certified,visual_factuality,0.41,0.408,0.4154927777090525,25,7,18,7,3,1.0,0.16666666666666666,True,,589,25,500,0.05,0.01,0.8,0.01
certified,visual_factuality,0.56,0.408,0.4111333584271144,25,7,18,6,3,0.8571428571428571,0.16666666666666666,True,,590,25,500,0.05,0.01,0.8,0.01
certified,visual_factuality,0.52,0.408,0.41057331229084243,25,8,17,7,3,0.875,0.17647058823529413,True,,591,25,500,0.05,0.01,0.8,0.01
certified,visual_factuality,0.62,0.408,0.408948701333987,25,6,19,5,3,0.8333333333333334,0.15789473684210525,True,,592,25,500,0.05,0.01,0.8,0.01
certified,visual_factuality,0.71,0.408,0.40982688068607476,25,5,20,4,4,0.8,0.2,True,,593,25,500,0.05,0.01,0.8,0.01
certified,visual_factuality,0.58,0.408,0.40875759330949374,25,6,19,5,4,0.8333333333333334,0.21052631578947367,True,,594,25,500,0.05,0.01,0.8,0.01
certified,visual_factuality,0.44,0.408,0.40968798602687584,25,6,19,6,1,1.0,0.05263157894736842,True,,595,25,500,0.05,0.01,0.8,0.01
certified,visual_factuality,0.41,0.408,0.4140314088368278,25,6,19,6,3,1.0,0.15789473684210525,True,,596,25,500,0.05,0.01,0.8,0.01
certified,visual_factuality,0.52,0.408,0.41057331229084243,25,8,17,7,3,0.875,0.17647058823529413,True,,597,25,500,0.05,0.01,0.8,0.01
not_certified,visual_factuality,,0.408,0.3496329088702545,25,4,21,3,4,0.75,0.19047619047619047,True,,598,25,500,0.05,0.01,0.8,0.01
certified,visual_factuality,0.41,0.408,0.41272860331692834,25,5,20,5,3,1.0,0.15,True,,599,25,500,0.05,0.01,0.8,0.01
certified,visual_factuality,0.66,0.408,0.412168633775608,25,6,19,5,2,0.8333333333333334,0.10526315789473684,True,,600,25,500,0.05,0.01,0.8,0.01
not_certified,visual_factuality,,0.408,0.3403689696755395,25,4,21,3,3,0.75,0.14285714285714285,True,,601,25,500,0.05,0.01,0.8,0.01
certified,visual_factuality,0.43,0.408,0.4150813433259758,25,8,17,8,2,1.0,0.11764705882352941,True,,602,25,500,0.05,0.01,0.8,0.01
certified,visual_factuality,0.41,0.408,0.41155640665565996,25,4,21,4,3,1.0,0.14285714285714285,True,,603,25,500,0.05,0.01,0.8,0.01
certified,visual_factuality,0.39,0.408,0.4150162163829223,25,5,20,5,4,1.0,0.2,True,,604,25,500,0.05,0.01,0.8,0.01
not_certified,visual_factuality,,0.408,0.3403689696755395,25,4,21,3,3,0.75,0.14285714285714285,True,,605,25,500,0.05,0.01,0.8,0.01
certified,visual_factuality,0.54,0.408,0.4115832324933517,25,6,19,5,5,0.8333333333333334,0.2631578947368421,True,,606,25,500,0.05,0.01,0.8,0.01
certified,visual_factuality,0.43,0.408,0.41414742928063264,25,5,20,5,2,1.0,0.1,True,,607,25,500,0.05,0.01,0.8,0.01
certified,visual_factuality,0.56,0.408,0.4111333584271144,25,7,18,6,3,0.8571428571428571,0.16666666666666666,True,,608,25,500,0.05,0.01,0.8,0.01
certified,visual_factuality,0.39,0.408,0.4150162163829223,25,5,20,5,4,1.0,0.2,True,,609,25,500,0.05,0.01,0.8,0.01
certified,visual_factuality,0.75,0.408,0.41160568730289315,25,5,20,4,3,0.8,0.15,True,,610,25,500,0.05,0.01,0.8,0.01
certified,visual_factuality,0.43,0.408,0.4138705104358807,25,4,21,4,2,1.0,0.09523809523809523,True,,611,25,500,0.05,0.01,0.8,0.01
certified,visual_factuality,0.54,0.408,0.4115832324933517,25,6,19,5,5,0.8333333333333334,0.2631578947368421,True,,612,25,500,0.05,0.01,0.8,0.01
certified,visual_factuality,0.43,0.408,0.4138705104358807,25,4,21,4,2,1.0,0.09523809523809523,True,,613,25,500,0.05,0.01,0.8,0.01
certified,visual_factuality,0.58,0.408,0.40875759330949374,25,6,19,5,4,0.8333333333333334,0.21052631578947367,True,,614,25,500,0.05,0.01,0.8,0.01
certified,visual_factuality,0.62,0.408,0.4087716045378239,25,7,18,6,1,0.8571428571428571,0.05555555555555555,True,,615,25,500,0.05,0.01,0.8,0.01
certified,visual_factuality,0.71,0.408,0.40982688068607476,25,5,20,4,4,0.8,0.2,True,,616,25,500,0.05,0.01,0.8,0.01
certified,visual_factuality,0.59,0.408,0.408761380128156,25,7,18,6,2,0.8571428571428571,0.1111111111111111,True,,617,25,500,0.05,0.01,0.8,0.01
certified,visual_factuality,0.39,0.408,0.4126778046036885,25,4,21,4,4,1.0,0.19047619047619047,True,,618,25,500,0.05,0.01,0.8,0.01
certified,visual_factuality,0.62,0.408,0.408948701333987,25,6,19,5,3,0.8333333333333334,0.15789473684210525,True,,619,25,500,0.05,0.01,0.8,0.01
certified,visual_factuality,0.41,0.408,0.4140314088368278,25,6,19,6,3,1.0,0.15789473684210525,True,,620,25,500,0.05,0.01,0.8,0.01
certified,visual_factuality,0.71,0.408,0.40982688068607476,25,5,20,4,4,0.8,0.2,True,,621,25,500,0.05,0.01,0.8,0.01
certified,visual_factuality,0.45,0.408,0.41340431706092606,25,8,17,8,0,1.0,0.0,True,,622,25,500,0.05,0.01,0.8,0.01
certified,visual_factuality,0.52,0.408,0.41057331229084243,25,8,17,7,3,0.875,0.17647058823529413,True,,623,25,500,0.05,0.01,0.8,0.01
certified,visual_factuality,0.39,0.408,0.4126778046036885,25,4,21,4,4,1.0,0.19047619047619047,True,,624,25,500,0.05,0.01,0.8,0.01
certified,visual_factuality,0.56,0.408,0.4111333584271144,25,7,18,6,3,0.8571428571428571,0.16666666666666666,True,,625,25,500,0.05,0.01,0.8,0.01
certified,visual_factuality,0.41,0.408,0.41272860331692834,25,5,20,5,3,1.0,0.15,True,,626,25,500,0.05,0.01,0.8,0.01
certified,visual_factuality,0.43,0.408,0.4136043401284206,25,3,22,3,2,1.0,0.09090909090909091,True,,627,25,500,0.05,0.01,0.8,0.01
certified,visual_factuality,0.39,0.408,0.4086732941625112,25,2,23,2,4,1.0,0.17391304347826086,True,,628,25,500,0.05,0.01,0.8,0.01
certified,visual_factuality,0.52,0.408,0.41057331229084243,25,8,17,7,3,0.875,0.17647058823529413,True,,629,25,500,0.05,0.01,0.8,0.01
certified,visual_factuality,0.55,0.408,0.4081700582798674,25,8,17,7,2,0.875,0.11764705882352941,True,,630,25,500,0.05,0.01,0.8,0.01
certified,visual_factuality,0.44,0.408,0.41236530420908346,25,8,17,7,5,0.875,0.29411764705882354,True,,631,25,500,0.05,0.01,0.8,0.01
certified,visual_factuality,0.55,0.408,0.4081700582798674,25,8,17,7,2,0.875,0.11764705882352941,True,,632,25,500,0.05,0.01,0.8,0.01
certified,visual_factuality,0.39,0.408,0.4126778046036885,25,4,21,4,4,1.0,0.19047619047619047,True,,633,25,500,0.05,0.01,0.8,0.01
certified,visual_factuality,0.36,0.408,0.4159127557411509,25,6,19,6,5,1.0,0.2631578947368421,True,,634,25,500,0.05,0.01,0.8,0.01
certified,visual_factuality,0.66,0.408,0.412168633775608,25,6,19,5,2,0.8333333333333334,0.10526315789473684,True,,635,25,500,0.05,0.01,0.8,0.01
certified,visual_factuality,0.39,0.408,0.4105756752318199,25,3,22,3,4,1.0,0.18181818181818182,True,,636,25,500,0.05,0.01,0.8,0.01
not_certified,visual_factuality,,0.408,0.3311475562815575,25,4,21,3,2,0.75,0.09523809523809523,True,,637,25,500,0.05,0.01,0.8,0.01
certified,visual_factuality,0.58,0.408,0.40875759330949374,25,6,19,5,4,0.8333333333333334,0.21052631578947367,True,,638,25,500,0.05,0.01,0.8,0.01
certified,visual_factuality,0.62,0.408,0.4087716045378239,25,7,18,6,1,0.8571428571428571,0.05555555555555555,True,,639,25,500,0.05,0.01,0.8,0.01
certified,visual_factuality,0.62,0.408,0.408948701333987,25,6,19,5,3,0.8333333333333334,0.15789473684210525,True,,640,25,500,0.05,0.01,0.8,0.01
certified,visual_factuality,0.43,0.408,0.4138705104358807,25,4,21,4,2,1.0,0.09523809523809523,True,,641,25,500,0.05,0.01,0.8,0.01
certified,visual_factuality,0.41,0.408,0.4140314088368278,25,6,19,6,3,1.0,0.15789473684210525,True,,642,25,500,0.05,0.01,0.8,0.01
certified,visual_factuality,0.41,0.408,0.4140314088368278,25,6,19,6,3,1.0,0.15789473684210525,True,,643,25,500,0.05,0.01,0.8,0.01
certified,visual_factuality,0.62,0.408,0.408948701333987,25,6,19,5,3,0.8333333333333334,0.15789473684210525,True,,644,25,500,0.05,0.01,0.8,0.01
certified,visual_factuality,0.48,0.408,0.4130660459550544,25,7,18,6,5,0.8571428571428571,0.2777777777777778,True,,645,25,500,0.05,0.01,0.8,0.01
certified,visual_factuality,0.39,0.408,0.4105756752318199,25,3,22,3,4,1.0,0.18181818181818182,True,,646,25,500,0.05,0.01,0.8,0.01
certified,visual_factuality,0.65,0.408,0.41109189613809627,25,7,18,6,0,0.8571428571428571,0.0,True,,647,25,500,0.05,0.01,0.8,0.01
certified,visual_factuality,0.66,0.408,0.412168633775608,25,6,19,5,2,0.8333333333333334,0.10526315789473684,True,,648,25,500,0.05,0.01,0.8,0.01
certified,visual_factuality,0.62,0.408,0.408948701333987,25,6,19,5,3,0.8333333333333334,0.15789473684210525,True,,649,25,500,0.05,0.01,0.8,0.01
certified,visual_factuality,0.41,0.408,0.4154927777090525,25,7,18,7,3,1.0,0.16666666666666666,True,,650,25,500,0.05,0.01,0.8,0.01
certified,visual_factuality,0.46,0.408,0.41400355492875374,25,9,16,8,4,0.8888888888888888,0.25,True,,651,25,500,0.05,0.01,0.8,0.01
certified,visual_factuality,0.39,0.408,0.4126778046036885,25,4,21,4,4,1.0,0.19047619047619047,True,,652,25,500,0.05,0.01,0.8,0.01
certified,visual_factuality,0.39,0.408,0.4150162163829223,25,5,20,5,4,1.0,0.2,True,,653,25,500,0.05,0.01,0.8,0.01
certified,visual_factuality,0.62,0.408,0.408948701333987,25,6,19,5,3,0.8333333333333334,0.15789473684210525,True,,654,25,500,0.05,0.01,0.8,0.01
certified,visual_factuality,0.36,0.408,0.4116492078662513,25,5,20,5,5,1.0,0.25,True,,655,25,500,0.05,0.01,0.8,0.01
certified,visual_factuality,0.39,0.408,0.4105756752318199,25,3,22,3,4,1.0,0.18181818181818182,True,,656,25,500,0.05,0.01,0.8,0.01
certified,visual_factuality,0.58,0.408,0.40875759330949374,25,6,19,5,4,0.8333333333333334,0.21052631578947367,True,,657,25,500,0.05,0.01,0.8,0.01
certified,visual_factuality,0.52,0.408,0.41057331229084243,25,8,17,7,3,0.875,0.17647058823529413,True,,658,25,500,0.05,0.01,0.8,0.01
not_certified,visual_factuality,,0.408,0.19980830450213571,25,3,22,2,3,0.6666666666666666,0.13636363636363635,True,,659,25,500,0.05,0.01,0.8,0.01
certified,visual_factuality,0.75,0.408,0.41160568730289315,25,5,20,4,3,0.8,0.15,True,,660,25,500,0.05,0.01,0.8,0.01
certified,visual_factuality,0.39,0.408,0.4126778046036885,25,4,21,4,4,1.0,0.19047619047619047,True,,661,25,500,0.05,0.01,0.8,0.01
certified,visual_factuality,0.44,0.408,0.4092930604496053,25,7,18,7,1,1.0,0.05555555555555555,True,,662,25,500,0.05,0.01,0.8,0.01
certified,visual_factuality,0.41,0.408,0.4140314088368278,25,6,19,6,3,1.0,0.15789473684210525,True,,663,25,500,0.05,0.01,0.8,0.01
certified,visual_factuality,0.62,0.408,0.408948701333987,25,6,19,5,3,0.8333333333333334,0.15789473684210525,True,,664,25,500,0.05,0.01,0.8,0.01
certified,visual_factuality,0.56,0.408,0.4111333584271144,25,7,18,6,3,0.8571428571428571,0.16666666666666666,True,,665,25,500,0.05,0.01,0.8,0.01
certified,visual_factuality,0.56,0.408,0.4111333584271144,25,7,18,6,3,0.8571428571428571,0.16666666666666666,True,,666,25,500,0.05,0.01,0.8,0.01
certified,visual_factuality,0.41,0.408,0.4140314088368278,25,6,19,6,3,1.0,0.15789473684210525,True,,667,25,500,0.05,0.01,0.8,0.01
certified,visual_factuality,0.54,0.408,0.4115832324933517,25,6,19,5,5,0.8333333333333334,0.2631578947368421,True,,668,25,500,0.05,0.01,0.8,0.01
certified,visual_factuality,0.41,0.408,0.4154927777090525,25,7,18,7,3,1.0,0.16666666666666666,True,,669,25,500,0.05,0.01,0.8,0.01
certified,visual_factuality,0.58,0.408,0.40875759330949374,25,6,19,5,4,0.8333333333333334,0.21052631578947367,True,,670,25,500,0.05,0.01,0.8,0.01
certified,visual_factuality,0.54,0.408,0.4115832324933517,25,6,19,5,5,0.8333333333333334,0.2631578947368421,True,,671,25,500,0.05,0.01,0.8,0.01
certified,visual_factuality,0.8,0.408,0.41146786623260484,25,5,20,4,1,0.8,0.05,True,,672,25,500,0.05,0.01,0.8,0.01
not_certified,visual_factuality,,0.408,0.3403689696755395,25,4,21,3,3,0.75,0.14285714285714285,True,,673,25,500,0.05,0.01,0.8,0.01
not_certified,visual_factuality,,0.408,0.3403689696755395,25,4,21,3,3,0.75,0.14285714285714285,True,,674,25,500,0.05,0.01,0.8,0.01
certified,visual_factuality,0.58,0.408,0.40875759330949374,25,6,19,5,4,0.8333333333333334,0.21052631578947367,True,,675,25,500,0.05,0.01,0.8,0.01
certified,visual_factuality,0.55,0.408,0.4081700582798674,25,8,17,7,2,0.875,0.11764705882352941,True,,676,25,500,0.05,0.01,0.8,0.01
certified,visual_factuality,0.55,0.408,0.4081700582798674,25,8,17,7,2,0.875,0.11764705882352941,True,,677,25,500,0.05,0.01,0.8,0.01
not_certified,visual_factuality,,0.408,0.19094926921202415,25,3,22,2,2,0.6666666666666666,0.09090909090909091,True,,678,25,500,0.05,0.01,0.8,0.01
not_certified,visual_factuality,,0.408,0.3403689696755395,25,4,21,3,3,0.75,0.14285714285714285,True,,679,25,500,0.05,0.01,0.8,0.01
certified,visual_factuality,0.41,0.408,0.4154927777090525,25,7,18,7,3,1.0,0.16666666666666666,True,,680,25,500,0.05,0.01,0.8,0.01
certified,visual_factuality,0.77,0.408,0.4082966979386653,25,5,20,4,2,0.8,0.1,True,,681,25,500,0.05,0.01,0.8,0.01
certified,visual_factuality,0.56,0.408,0.4111333584271144,25,7,18,6,3,0.8571428571428571,0.16666666666666666,True,,682,25,500,0.05,0.01,0.8,0.01
certified,visual_factuality,0.41,0.408,0.4140314088368278,25,6,19,6,3,1.0,0.15789473684210525,True,,683,25,500,0.05,0.01,0.8,0.01
certified,visual_factuality,0.55,0.408,0.4081700582798674,25,8,17,7,2,0.875,0.11764705882352941,True,,684,25,500,0.05,0.01,0.8,0.01
certified,visual_factuality,0.71,0.408,0.40982688068607476,25,5,20,4,4,0.8,0.2,True,,685,25,500,0.05,0.01,0.8,0.01
certified,visual_factuality,0.75,0.408,0.41160568730289315,25,5,20,4,3,0.8,0.15,True,,686,25,500,0.05,0.01,0.8,0.01
not_certified,visual_factuality,,0.408,-0.03260291713438973,25,2,23,1,4,0.5,0.17391304347826086,True,,687,25,500,0.05,0.01,0.8,0.01
certified,visual_factuality,0.43,0.408,0.4136043401284206,25,3,22,3,2,1.0,0.09090909090909091,True,,688,25,500,0.05,0.01,0.8,0.01
certified,visual_factuality,0.41,0.408,0.41272860331692834,25,5,20,5,3,1.0,0.15,True,,689,25,500,0.05,0.01,0.8,0.01
certified,visual_factuality,0.71,0.408,0.40982688068607476,25,5,20,4,4,0.8,0.2,True,,690,25,500,0.05,0.01,0.8,0.01
certified,visual_factuality,0.58,0.408,0.40875759330949374,25,6,19,5,4,0.8333333333333334,0.21052631578947367,True,,691,25,500,0.05,0.01,0.8,0.01
certified,visual_factuality,0.58,0.408,0.40833169260298663,25,8,17,7,1,0.875,0.058823529411764705,True,,692,25,500,0.05,0.01,0.8,0.01
certified,visual_factuality,0.41,0.408,0.41272860331692834,25,5,20,5,3,1.0,0.15,True,,693,25,500,0.05,0.01,0.8,0.01
certified,visual_factuality,0.52,0.408,0.4105330698892037,25,7,18,6,4,0.8571428571428571,0.2222222222222222,True,,694,25,500,0.05,0.01,0.8,0.01
not_certified,visual_factuality,,0.408,0.3403689696755395,25,4,21,3,3,0.75,0.14285714285714285,True,,695,25,500,0.05,0.01,0.8,0.01
certified,visual_factuality,0.45,0.408,0.41340431706092606,25,4,21,4,0,1.0,0.0,True,,696,25,500,0.05,0.01,0.8,0.01
certified,visual_factuality,0.56,0.408,0.4111333584271144,25,7,18,6,3,0.8571428571428571,0.16666666666666666,True,,697,25,500,0.05,0.01,0.8,0.01
certified,visual_factuality,0.77,0.408,0.4082966979386653,25,5,20,4,2,0.8,0.1,True,,698,25,500,0.05,0.01,0.8,0.01
certified,visual_factuality,0.52,0.408,0.4105330698892037,25,7,18,6,4,0.8571428571428571,0.2222222222222222,True,,699,25,500,0.05,0.01,0.8,0.01
certified,visual_factuality,0.59,0.408,0.408761380128156,25,7,18,6,2,0.8571428571428571,0.1111111111111111,True,,700,25,500,0.05,0.01,0.8,0.01
certified,visual_factuality,0.75,0.408,0.41160568730289315,25,5,20,4,3,0.8,0.15,True,,701,25,500,0.05,0.01,0.8,0.01
certified,visual_factuality,0.43,0.408,0.4138705104358807,25,4,21,4,2,1.0,0.09523809523809523,True,,702,25,500,0.05,0.01,0.8,0.01
certified,visual_factuality,0.71,0.408,0.40982688068607476,25,5,20,4,4,0.8,0.2,True,,703,25,500,0.05,0.01,0.8,0.01
not_certified,visual_factuality,,0.408,0.35893925902015617,25,4,21,3,5,0.75,0.23809523809523808,True,,704,25,500,0.05,0.01,0.8,0.01
certified,visual_factuality,0.59,0.408,0.408761380128156,25,7,18,6,2,0.8571428571428571,0.1111111111111111,True,,705,25,500,0.05,0.01,0.8,0.01
certified,visual_factuality,0.69,0.408,0.41296973029300843,25,6,19,5,1,0.8333333333333334,0.05263157894736842,True,,706,25,500,0.05,0.01,0.8,0.01
certified,visual_factuality,0.36,0.408,0.4159127557411509,25,6,19,6,5,1.0,0.2631578947368421,True,,707,25,500,0.05,0.01,0.8,0.01
certified,visual_factuality,0.58,0.408,0.40875759330949374,25,6,19,5,4,0.8333333333333334,0.21052631578947367,True,,708,25,500,0.05,0.01,0.8,0.01
certified,visual_factuality,0.38,0.408,0.40830203478625104,25,6,19,6,4,1.0,0.21052631578947367,True,,709,25,500,0.05,0.01,0.8,0.01
certified,visual_factuality,0.43,0.408,0.41474741237916696,25,7,18,7,2,1.0,0.1111111111111111,True,,710,25,500,0.05,0.01,0.8,0.01
certified,visual_factuality,0.52,0.408,0.4105330698892037,25,7,18,6,4,0.8571428571428571,0.2222222222222222,True,,711,25,500,0.05,0.01,0.8,0.01
certified,visual_factuality,0.62,0.408,0.408948701333987,25,6,19,5,3,0.8333333333333334,0.15789473684210525,True,,712,25,500,0.05,0.01,0.8,0.01
certified,visual_factuality,0.43,0.408,0.4144382401628343,25,6,19,6,2,1.0,0.10526315789473684,True,,713,25,500,0.05,0.01,0.8,0.01
not_certified,visual_factuality,,0.408,0.3496329088702545,25,4,21,3,4,0.75,0.19047619047619047,True,,714,25,500,0.05,0.01,0.8,0.01
certified,visual_factuality,0.41,0.408,0.41272860331692834,25,5,20,5,3,1.0,0.15,True,,715,25,500,0.05,0.01,0.8,0.01
not_certified,visual_factuality,,0.408,0.3403689696755395,25,4,21,3,3,0.75,0.14285714285714285,True,,716,25,500,0.05,0.01,0.8,0.01
certified,visual_factuality,0.62,0.408,0.408948701333987,25,6,19,5,3,0.8333333333333334,0.15789473684210525,True,,717,25,500,0.05,0.01,0.8,0.01
certified,visual_factuality,0.66,0.408,0.412168633775608,25,6,19,5,2,0.8333333333333334,0.10526315789473684,True,,718,25,500,0.05,0.01,0.8,0.01
certified,visual_factuality,0.41,0.408,0.4140314088368278,25,6,19,6,3,1.0,0.15789473684210525,True,,719,25,500,0.05,0.01,0.8,0.01
certified,visual_factuality,0.62,0.408,0.408948701333987,25,6,19,5,3,0.8333333333333334,0.15789473684210525,True,,720,25,500,0.05,0.01,0.8,0.01
certified,visual_factuality,0.44,0.408,0.40968798602687584,25,6,19,6,1,1.0,0.05263157894736842,True,,721,25,500,0.05,0.01,0.8,0.01
certified,visual_factuality,0.66,0.408,0.412168633775608,25,6,19,5,2,0.8333333333333334,0.10526315789473684,True,,722,25,500,0.05,0.01,0.8,0.01
certified,visual_factuality,0.43,0.408,0.41474741237916696,25,7,18,7,2,1.0,0.1111111111111111,True,,723,25,500,0.05,0.01,0.8,0.01
certified,visual_factuality,0.69,0.408,0.41296973029300843,25,6,19,5,1,0.8333333333333334,0.05263157894736842,True,,724,25,500,0.05,0.01,0.8,0.01
certified,visual_factuality,0.35,0.408,0.41186291114959134,25,7,18,7,5,1.0,0.2777777777777778,True,,725,25,500,0.05,0.01,0.8,0.01
certified,visual_factuality,0.41,0.408,0.4154927777090525,25,7,18,7,3,1.0,0.16666666666666666,True,,726,25,500,0.05,0.01,0.8,0.01
certified,visual_factuality,0.56,0.408,0.4111333584271144,25,7,18,6,3,0.8571428571428571,0.16666666666666666,True,,727,25,500,0.05,0.01,0.8,0.01
not_certified,visual_factuality,,0.408,0.19094926921202415,25,3,22,2,2,0.6666666666666666,0.09090909090909091,True,,728,25,500,0.05,0.01,0.8,0.01
certified,visual_factuality,0.41,0.408,0.41155640665565996,25,4,21,4,3,1.0,0.14285714285714285,True,,729,25,500,0.05,0.01,0.8,0.01
certified,visual_factuality,0.44,0.408,0.4105032483261034,25,3,22,3,1,1.0,0.045454545454545456,True,,730,25,500,0.05,0.01,0.8,0.01
certified,visual_factuality,0.44,0.408,0.40968798602687584,25,6,19,6,1,1.0,0.05263157894736842,True,,731,25,500,0.05,0.01,0.8,0.01
certified,visual_factuality,0.54,0.408,0.4115832324933517,25,6,19,5,5,0.8333333333333334,0.2631578947368421,True,,732,25,500,0.05,0.01,0.8,0.01
certified,visual_factuality,0.43,0.408,0.4138705104358807,25,4,21,4,2,1.0,0.09523809523809523,True,,733,25,500,0.05,0.01,0.8,0.01
certified,visual_factuality,0.48,0.408,0.4130660459550544,25,7,18,6,5,0.8571428571428571,0.2777777777777778,True,,734,25,500,0.05,0.01,0.8,0.01
certified,visual_factuality,0.69,0.408,0.41296973029300843,25,6,19,5,1,0.8333333333333334,0.05263157894736842,True,,735,25,500,0.05,0.01,0.8,0.01
certified,visual_factuality,0.44,0.408,0.40968798602687584,25,6,19,6,1,1.0,0.05263157894736842,True,,736,25,500,0.05,0.01,0.8,0.01
certified,visual_factuality,0.38,0.408,0.41130032084337215,25,7,18,7,4,1.0,0.2222222222222222,True,,737,25,500,0.05,0.01,0.8,0.01
certified,visual_factuality,0.71,0.408,0.40982688068607476,25,5,20,4,4,0.8,0.2,True,,738,25,500,0.05,0.01,0.8,0.01
certified,visual_factuality,0.69,0.408,0.41296973029300843,25,6,19,5,1,0.8333333333333334,0.05263157894736842,True,,739,25,500,0.05,0.01,0.8,0.01
certified,visual_factuality,0.38,0.408,0.4147212387521312,25,8,17,8,4,1.0,0.23529411764705882,True,,740,25,500,0.05,0.01,0.8,0.01
certified,visual_factuality,0.62,0.408,0.408948701333987,25,6,19,5,3,0.8333333333333334,0.15789473684210525,True,,741,25,500,0.05,0.01,0.8,0.01
certified,visual_factuality,0.44,0.408,0.41236530420908346,25,8,17,7,5,0.875,0.29411764705882354,True,,742,25,500,0.05,0.01,0.8,0.01
certified,visual_factuality,0.41,0.408,0.41272860331692834,25,5,20,5,3,1.0,0.15,True,,743,25,500,0.05,0.01,0.8,0.01
certified,visual_factuality,0.38,0.408,0.41130032084337215,25,7,18,7,4,1.0,0.2222222222222222,True,,744,25,500,0.05,0.01,0.8,0.01
certified,visual_factuality,0.55,0.408,0.4081700582798674,25,8,17,7,2,0.875,0.11764705882352941,True,,745,25,500,0.05,0.01,0.8,0.01
certified,visual_factuality,0.38,0.408,0.40830203478625104,25,6,19,6,4,1.0,0.21052631578947367,True,,746,25,500,0.05,0.01,0.8,0.01
certified,visual_factuality,0.39,0.408,0.4105756752318199,25,3,22,3,4,1.0,0.18181818181818182,True,,747,25,500,0.05,0.01,0.8,0.01
certified,visual_factuality,0.43,0.408,0.4144382401628343,25,6,19,6,2,1.0,0.10526315789473684,True,,748,25,500,0.05,0.01,0.8,0.01
certified,visual_factuality,0.44,0.408,0.4100144885452927,25,5,20,5,1,1.0,0.05,True,,749,25,500,0.05,0.01,0.8,0.01
certified,visual_factuality,0.41,0.408,0.41049303314395635,25,3,22,3,3,1.0,0.13636363636363635,True,,750,25,500,0.05,0.01,0.8,0.01
not_certified,visual_factuality,,0.408,0.35893925902015617,25,4,21,3,5,0.75,0.23809523809523808,True,,751,25,500,0.05,0.01,0.8,0.01
certified,visual_factuality,0.48,0.408,0.4096552423395279,25,8,17,7,4,0.875,0.23529411764705882,True,,752,25,500,0.05,0.01,0.8,0.01
certified,visual_factuality,0.37,0.408,0.4169138405131202,25,4,21,4,5,1.0,0.23809523809523808,True,,753,25,500,0.05,0.01,0.8,0.01
certified,visual_factuality,0.62,0.408,0.408948701333987,25,6,19,5,3,0.8333333333333334,0.15789473684210525,True,,754,25,500,0.05,0.01,0.8,0.01
certified,visual_factuality,0.62,0.408,0.408948701333987,25,6,19,5,3,0.8333333333333334,0.15789473684210525,True,,755,25,500,0.05,0.01,0.8,0.01
certified,visual_factuality,0.75,0.408,0.41160568730289315,25,5,20,4,3,0.8,0.15,True,,756,25,500,0.05,0.01,0.8,0.01
certified,visual_factuality,0.35,0.408,0.41186291114959134,25,7,18,7,5,1.0,0.2777777777777778,True,,757,25,500,0.05,0.01,0.8,0.01
certified,visual_factuality,0.59,0.408,0.408761380128156,25,7,18,6,2,0.8571428571428571,0.1111111111111111,True,,758,25,500,0.05,0.01,0.8,0.01
certified,visual_factuality,0.66,0.408,0.412168633775608,25,6,19,5,2,0.8333333333333334,0.10526315789473684,True,,759,25,500,0.05,0.01,0.8,0.01
certified,visual_factuality,0.43,0.408,0.4144382401628343,25,6,19,6,2,1.0,0.10526315789473684,True,,760,25,500,0.05,0.01,0.8,0.01
not_certified,visual_factuality,,0.408,0.3311475562815575,25,4,21,3,2,0.75,0.09523809523809523,True,,761,25,500,0.05,0.01,0.8,0.01
certified,visual_factuality,0.66,0.408,0.412168633775608,25,6,19,5,2,0.8333333333333334,0.10526315789473684,True,,762,25,500,0.05,0.01,0.8,0.01
certified,visual_factuality,0.41,0.408,0.41155640665565996,25,4,21,4,3,1.0,0.14285714285714285,True,,763,25,500,0.05,0.01,0.8,0.01
not_certified,visual_factuality,,0.408,0.20869688022983945,25,3,22,2,4,0.6666666666666666,0.18181818181818182,True,,764,25,500,0.05,0.01,0.8,0.01
certified,visual_factuality,0.41,0.408,0.4154927777090525,25,7,18,7,3,1.0,0.16666666666666666,True,,765,25,500,0.05,0.01,0.8,0.01
certified,visual_factuality,0.62,0.408,0.408948701333987,25,6,19,5,3,0.8333333333333334,0.15789473684210525,True,,766,25,500,0.05,0.01,0.8,0.01
certified,visual_factuality,0.48,0.408,0.4096552423395279,25,8,17,7,4,0.875,0.23529411764705882,True,,767,25,500,0.05,0.01,0.8,0.01
certified,visual_factuality,0.66,0.408,0.412168633775608,25,6,19,5,2,0.8333333333333334,0.10526315789473684,True,,768,25,500,0.05,0.01,0.8,0.01
certified,visual_factuality,0.41,0.408,0.4140314088368278,25,6,19,6,3,1.0,0.15789473684210525,True,,769,25,500,0.05,0.01,0.8,0.01
certified,visual_factuality,0.41,0.408,0.41049303314395635,25,3,22,3,3,1.0,0.13636363636363635,True,,770,25,500,0.05,0.01,0.8,0.01
certified,visual_factuality,0.41,0.408,0.41049303314395635,25,3,22,3,3,1.0,0.13636363636363635,True,,771,25,500,0.05,0.01,0.8,0.01
certified,visual_factuality,0.44,0.408,0.40968798602687584,25,6,19,6,1,1.0,0.05263157894736842,True,,772,25,500,0.05,0.01,0.8,0.01
certified,visual_factuality,0.69,0.408,0.41296973029300843,25,6,19,5,1,0.8333333333333334,0.05263157894736842,True,,773,25,500,0.05,0.01,0.8,0.01
certified,visual_factuality,0.62,0.408,0.408948701333987,25,6,19,5,3,0.8333333333333334,0.15789473684210525,True,,774,25,500,0.05,0.01,0.8,0.01
certified,visual_factuality,0.52,0.408,0.41057331229084243,25,8,17,7,3,0.875,0.17647058823529413,True,,775,25,500,0.05,0.01,0.8,0.01
certified,visual_factuality,0.56,0.408,0.4111333584271144,25,7,18,6,3,0.8571428571428571,0.16666666666666666,True,,776,25,500,0.05,0.01,0.8,0.01
certified,visual_factuality,0.43,0.408,0.4138705104358807,25,4,21,4,2,1.0,0.09523809523809523,True,,777,25,500,0.05,0.01,0.8,0.01
certified,visual_factuality,0.59,0.408,0.408761380128156,25,7,18,6,2,0.8571428571428571,0.1111111111111111,True,,778,25,500,0.05,0.01,0.8,0.01
certified,visual_factuality,0.66,0.408,0.412168633775608,25,6,19,5,2,0.8333333333333334,0.10526315789473684,True,,779,25,500,0.05,0.01,0.8,0.01
certified,visual_factuality,0.39,0.408,0.4105756752318199,25,3,22,3,4,1.0,0.18181818181818182,True,,780,25,500,0.05,0.01,0.8,0.01
certified,visual_factuality,0.75,0.408,0.41160568730289315,25,5,20,4,3,0.8,0.15,True,,781,25,500,0.05,0.01,0.8,0.01
certified,visual_factuality,0.41,0.408,0.41049303314395635,25,3,22,3,3,1.0,0.13636363636363635,True,,782,25,500,0.05,0.01,0.8,0.01
certified,visual_factuality,0.36,0.408,0.4159127557411509,25,6,19,6,5,1.0,0.2631578947368421,True,,783,25,500,0.05,0.01,0.8,0.01
certified,visual_factuality,0.41,0.408,0.4140314088368278,25,6,19,6,3,1.0,0.15789473684210525,True,,784,25,500,0.05,0.01,0.8,0.01
certified,visual_factuality,0.39,0.408,0.4126778046036885,25,4,21,4,4,1.0,0.19047619047619047,True,,785,25,500,0.05,0.01,0.8,0.01
certified,visual_factuality,0.52,0.408,0.4105330698892037,25,7,18,6,4,0.8571428571428571,0.2222222222222222,True,,786,25,500,0.05,0.01,0.8,0.01
certified,visual_factuality,0.43,0.408,0.4138705104358807,25,4,21,4,2,1.0,0.09523809523809523,True,,787,25,500,0.05,0.01,0.8,0.01
certified,visual_factuality,0.62,0.408,0.408948701333987,25,6,19,5,3,0.8333333333333334,0.15789473684210525,True,,788,25,500,0.05,0.01,0.8,0.01
certified,visual_factuality,0.52,0.408,0.41057331229084243,25,8,17,7,3,0.875,0.17647058823529413,True,,789,25,500,0.05,0.01,0.8,0.01
certified,visual_factuality,0.75,0.408,0.41160568730289315,25,5,20,4,3,0.8,0.15,True,,790,25,500,0.05,0.01,0.8,0.01
certified,visual_factuality,0.38,0.408,0.41130032084337215,25,7,18,7,4,1.0,0.2222222222222222,True,,791,25,500,0.05,0.01,0.8,0.01
certified,visual_factuality,0.39,0.408,0.4126778046036885,25,4,21,4,4,1.0,0.19047619047619047,True,,792,25,500,0.05,0.01,0.8,0.01
certified,visual_factuality,0.62,0.408,0.408948701333987,25,6,19,5,3,0.8333333333333334,0.15789473684210525,True,,793,25,500,0.05,0.01,0.8,0.01
certified,visual_factuality,0.39,0.408,0.4126778046036885,25,4,21,4,4,1.0,0.19047619047619047,True,,794,25,500,0.05,0.01,0.8,0.01
certified,visual_factuality,0.56,0.408,0.4111333584271144,25,7,18,6,3,0.8571428571428571,0.16666666666666666,True,,795,25,500,0.05,0.01,0.8,0.01
certified,visual_factuality,0.75,0.408,0.41160568730289315,25,5,20,4,3,0.8,0.15,True,,796,25,500,0.05,0.01,0.8,0.01
certified,visual_factuality,0.62,0.408,0.408948701333987,25,6,19,5,3,0.8333333333333334,0.15789473684210525,True,,797,25,500,0.05,0.01,0.8,0.01
certified,visual_factuality,0.56,0.408,0.4111333584271144,25,7,18,6,3,0.8571428571428571,0.16666666666666666,True,,798,25,500,0.05,0.01,0.8,0.01
certified,visual_factuality,0.55,0.408,0.4081700582798674,25,8,17,7,2,0.875,0.11764705882352941,True,,799,25,500,0.05,0.01,0.8,0.01
certified,visual_factuality,0.39,0.408,0.4150162163829223,25,5,20,5,4,1.0,0.2,True,,800,25,500,0.05,0.01,0.8,0.01
certified,visual_factuality,0.37,0.408,0.4169138405131202,25,4,21,4,5,1.0,0.23809523809523808,True,,801,25,500,0.05,0.01,0.8,0.01
certified,visual_factuality,0.59,0.408,0.408761380128156,25,7,18,6,2,0.8571428571428571,0.1111111111111111,True,,802,25,500,0.05,0.01,0.8,0.01
certified,visual_factuality,0.41,0.408,0.4140314088368278,25,6,19,6,3,1.0,0.15789473684210525,True,,803,25,500,0.05,0.01,0.8,0.01
certified,visual_factuality,0.43,0.408,0.41414742928063264,25,5,20,5,2,1.0,0.1,True,,804,25,500,0.05,0.01,0.8,0.01
certified,visual_factuality,0.62,0.408,0.4087716045378239,25,7,18,6,1,0.8571428571428571,0.05555555555555555,True,,805,25,500,0.05,0.01,0.8,0.01
certified,visual_factuality,0.44,0.408,0.4092930604496053,25,7,18,7,1,1.0,0.05555555555555555,True,,806,25,500,0.05,0.01,0.8,0.01
certified,visual_factuality,0.52,0.408,0.41057331229084243,25,8,17,7,3,0.875,0.17647058823529413,True,,807,25,500,0.05,0.01,0.8,0.01
certified,visual_factuality,0.39,0.408,0.4126778046036885,25,4,21,4,4,1.0,0.19047619047619047,True,,808,25,500,0.05,0.01,0.8,0.01
certified,visual_factuality,0.43,0.408,0.41414742928063264,25,5,20,5,2,1.0,0.1,True,,809,25,500,0.05,0.01,0.8,0.01
certified,visual_factuality,0.62,0.408,0.408948701333987,25,6,19,5,3,0.8333333333333334,0.15789473684210525,True,,810,25,500,0.05,0.01,0.8,0.01
certified,visual_factuality,0.66,0.408,0.40823447167059657,25,5,20,4,5,0.8,0.25,True,,811,25,500,0.05,0.01,0.8,0.01
certified,visual_factuality,0.39,0.408,0.4105756752318199,25,3,22,3,4,1.0,0.18181818181818182,True,,812,25,500,0.05,0.01,0.8,0.01
certified,visual_factuality,0.43,0.408,0.41414742928063264,25,5,20,5,2,1.0,0.1,True,,813,25,500,0.05,0.01,0.8,0.01
certified,visual_factuality,0.44,0.408,0.4100144885452927,25,5,20,5,1,1.0,0.05,True,,814,25,500,0.05,0.01,0.8,0.01
certified,visual_factuality,0.52,0.408,0.41057331229084243,25,8,17,7,3,0.875,0.17647058823529413,True,,815,25,500,0.05,0.01,0.8,0.01
certified,visual_factuality,0.39,0.408,0.4126778046036885,25,4,21,4,4,1.0,0.19047619047619047,True,,816,25,500,0.05,0.01,0.8,0.01
certified,visual_factuality,0.58,0.408,0.40906924573298764,25,9,16,8,0,0.8888888888888888,0.0,True,,817,25,500,0.05,0.01,0.8,0.01
certified,visual_factuality,0.75,0.408,0.41160568730289315,25,5,20,4,3,0.8,0.15,True,,818,25,500,0.05,0.01,0.8,0.01
certified,visual_factuality,0.62,0.408,0.408948701333987,25,6,19,5,3,0.8333333333333334,0.15789473684210525,True,,819,25,500,0.05,0.01,0.8,0.01
certified,visual_factuality,0.39,0.408,0.4105756752318199,25,3,22,3,4,1.0,0.18181818181818182,True,,820,25,500,0.05,0.01,0.8,0.01
certified,visual_factuality,0.61,0.408,0.4105020573788687,25,5,20,4,6,0.8,0.3,True,,821,25,500,0.05,0.01,0.8,0.01
certified,visual_factuality,0.45,0.408,0.41340431706092606,25,6,19,6,0,1.0,0.0,True,,822,25,500,0.05,0.01,0.8,0.01
certified,visual_factuality,0.43,0.408,0.41474741237916696,25,7,18,7,2,1.0,0.1111111111111111,True,,823,25,500,0.05,0.01,0.8,0.01
certified,visual_factuality,0.55,0.408,0.4081700582798674,25,8,17,7,2,0.875,0.11764705882352941,True,,824,25,500,0.05,0.01,0.8,0.01
certified,visual_factuality,0.41,0.408,0.41272860331692834,25,5,20,5,3,1.0,0.15,True,,825,25,500,0.05,0.01,0.8,0.01
certified,visual_factuality,0.66,0.408,0.412168633775608,25,6,19,5,2,0.8333333333333334,0.10526315789473684,True,,826,25,500,0.05,0.01,0.8,0.01
certified,visual_factuality,0.41,0.408,0.4140314088368278,25,6,19,6,3,1.0,0.15789473684210525,True,,827,25,500,0.05,0.01,0.8,0.01
certified,visual_factuality,0.39,0.408,0.4126778046036885,25,4,21,4,4,1.0,0.19047619047619047,True,,828,25,500,0.05,0.01,0.8,0.01
certified,visual_factuality,0.52,0.408,0.41057331229084243,25,8,17,7,3,0.875,0.17647058823529413,True,,829,25,500,0.05,0.01,0.8,0.01
certified,visual_factuality,0.41,0.408,0.4140314088368278,25,6,19,6,3,1.0,0.15789473684210525,True,,830,25,500,0.05,0.01,0.8,0.01
certified,visual_factuality,0.77,0.408,0.4082966979386653,25,5,20,4,2,0.8,0.1,True,,831,25,500,0.05,0.01,0.8,0.01
certified,visual_factuality,0.44,0.408,0.40968798602687584,25,6,19,6,1,1.0,0.05263157894736842,True,,832,25,500,0.05,0.01,0.8,0.01
not_certified,visual_factuality,,0.408,0.21761494674842047,25,3,22,2,5,0.6666666666666666,0.22727272727272727,True,,833,25,500,0.05,0.01,0.8,0.01
certified,visual_factuality,0.43,0.408,0.4144382401628343,25,6,19,6,2,1.0,0.10526315789473684,True,,834,25,500,0.05,0.01,0.8,0.01
certified,visual_factuality,0.38,0.408,0.40830203478625104,25,6,19,6,4,1.0,0.21052631578947367,True,,835,25,500,0.05,0.01,0.8,0.01
certified,visual_factuality,0.77,0.408,0.4082966979386653,25,5,20,4,2,0.8,0.1,True,,836,25,500,0.05,0.01,0.8,0.01
certified,visual_factuality,0.62,0.408,0.408948701333987,25,6,19,5,3,0.8333333333333334,0.15789473684210525,True,,837,25,500,0.05,0.01,0.8,0.01
certified,visual_factuality,0.43,0.408,0.41334669699508664,25,2,23,2,2,1.0,0.08695652173913043,True,,838,25,500,0.05,0.01,0.8,0.01
certified,visual_factuality,0.65,0.408,0.41109189613809627,25,7,18,6,0,0.8571428571428571,0.0,True,,839,25,500,0.05,0.01,0.8,0.01
certified,visual_factuality,0.46,0.408,0.41400355492875374,25,9,16,8,4,0.8888888888888888,0.25,True,,840,25,500,0.05,0.01,0.8,0.01
certified,visual_factuality,0.39,0.408,0.4150162163829223,25,5,20,5,4,1.0,0.2,True,,841,25,500,0.05,0.01,0.8,0.01
certified,visual_factuality,0.41,0.408,0.4140314088368278,25,6,19,6,3,1.0,0.15789473684210525,True,,842,25,500,0.05,0.01,0.8,0.01
certified,visual_factuality,0.41,0.408,0.41272860331692834,25,5,20,5,3,1.0,0.15,True,,843,25,500,0.05,0.01,0.8,0.01
certified,visual_factuality,0.75,0.408,0.41160568730289315,25,5,20,4,3,0.8,0.15,True,,844,25,500,0.05,0.01,0.8,0.01
certified,visual_factuality,0.41,0.408,0.4154927777090525,25,7,18,7,3,1.0,0.16666666666666666,True,,845,25,500,0.05,0.01,0.8,0.01
certified,visual_factuality,0.75,0.408,0.41160568730289315,25,5,20,4,3,0.8,0.15,True,,846,25,500,0.05,0.01,0.8,0.01
certified,visual_factuality,0.58,0.408,0.40875759330949374,25,6,19,5,4,0.8333333333333334,0.21052631578947367,True,,847,25,500,0.05,0.01,0.8,0.01
not_certified,visual_factuality,,0.408,0.3403689696755395,25,4,21,3,3,0.75,0.14285714285714285,True,,848,25,500,0.05,0.01,0.8,0.01
certified,visual_factuality,0.39,0.408,0.4150162163829223,25,5,20,5,4,1.0,0.2,True,,849,25,500,0.05,0.01,0.8,0.01
certified,visual_factuality,0.39,0.408,0.4150162163829223,25,5,20,5,4,1.0,0.2,True,,850,25,500,0.05,0.01,0.8,0.01
certified,visual_factuality,0.39,0.408,0.4105756752318199,25,3,22,3,4,1.0,0.18181818181818182,True,,851,25,500,0.05,0.01,0.8,0.01
certified,visual_factuality,0.56,0.408,0.4111333584271144,25,7,18,6,3,0.8571428571428571,0.16666666666666666,True,,852,25,500,0.05,0.01,0.8,0.01
certified,visual_factuality,0.59,0.408,0.408761380128156,25,7,18,6,2,0.8571428571428571,0.1111111111111111,True,,853,25,500,0.05,0.01,0.8,0.01
certified,visual_factuality,0.62,0.408,0.4087716045378239,25,7,18,6,1,0.8571428571428571,0.05555555555555555,True,,854,25,500,0.05,0.01,0.8,0.01
certified,visual_factuality,0.43,0.408,0.4144382401628343,25,6,19,6,2,1.0,0.10526315789473684,True,,855,25,500,0.05,0.01,0.8,0.01
certified,visual_factuality,0.41,0.408,0.41155640665565996,25,4,21,4,3,1.0,0.14285714285714285,True,,856,25,500,0.05,0.01,0.8,0.01
certified,visual_factuality,0.59,0.408,0.408761380128156,25,7,18,6,2,0.8571428571428571,0.1111111111111111,True,,857,25,500,0.05,0.01,0.8,0.01
certified,visual_factuality,0.59,0.408,0.408761380128156,25,7,18,6,2,0.8571428571428571,0.1111111111111111,True,,858,25,500,0.05,0.01,0.8,0.01
certified,visual_factuality,0.71,0.408,0.40982688068607476,25,5,20,4,4,0.8,0.2,True,,859,25,500,0.05,0.01,0.8,0.01
certified,visual_factuality,0.41,0.408,0.41272860331692834,25,5,20,5,3,1.0,0.15,True,,860,25,500,0.05,0.01,0.8,0.01
certified,visual_factuality,0.71,0.408,0.40982688068607476,25,5,20,4,4,0.8,0.2,True,,861,25,500,0.05,0.01,0.8,0.01
certified,visual_factuality,0.43,0.408,0.4144382401628343,25,6,19,6,2,1.0,0.10526315789473684,True,,862,25,500,0.05,0.01,0.8,0.01
certified,visual_factuality,0.48,0.408,0.4130660459550544,25,7,18,6,5,0.8571428571428571,0.2777777777777778,True,,863,25,500,0.05,0.01,0.8,0.01
certified,visual_factuality,0.77,0.408,0.4082966979386653,25,5,20,4,2,0.8,0.1,True,,864,25,500,0.05,0.01,0.8,0.01
certified,visual_factuality,0.75,0.408,0.41160568730289315,25,5,20,4,3,0.8,0.15,True,,865,25,500,0.05,0.01,0.8,0.01
certified,visual_factuality,0.41,0.408,0.4140314088368278,25,6,19,6,3,1.0,0.15789473684210525,True,,866,25,500,0.05,0.01,0.8,0.01
certified,visual_factuality,0.62,0.408,0.408948701333987,25,6,19,5,3,0.8333333333333334,0.15789473684210525,True,,867,25,500,0.05,0.01,0.8,0.01
certified,visual_factuality,0.43,0.408,0.41414742928063264,25,5,20,5,2,1.0,0.1,True,,868,25,500,0.05,0.01,0.8,0.01
certified,visual_factuality,0.62,0.408,0.408948701333987,25,6,19,5,3,0.8333333333333334,0.15789473684210525,True,,869,25,500,0.05,0.01,0.8,0.01
certified,visual_factuality,0.39,0.408,0.4150162163829223,25,5,20,5,4,1.0,0.2,True,,870,25,500,0.05,0.01,0.8,0.01
certified,visual_factuality,0.44,0.408,0.4092930604496053,25,7,18,7,1,1.0,0.05555555555555555,True,,871,25,500,0.05,0.01,0.8,0.01
certified,visual_factuality,0.43,0.408,0.4138705104358807,25,4,21,4,2,1.0,0.09523809523809523,True,,872,25,500,0.05,0.01,0.8,0.01
certified,visual_factuality,0.54,0.408,0.4115832324933517,25,6,19,5,5,0.8333333333333334,0.2631578947368421,True,,873,25,500,0.05,0.01,0.8,0.01
certified,visual_factuality,0.58,0.408,0.40875759330949374,25,6,19,5,4,0.8333333333333334,0.21052631578947367,True,,874,25,500,0.05,0.01,0.8,0.01
certified,visual_factuality,0.56,0.408,0.4111333584271144,25,7,18,6,3,0.8571428571428571,0.16666666666666666,True,,875,25,500,0.05,0.01,0.8,0.01
certified,visual_factuality,0.66,0.408,0.412168633775608,25,6,19,5,2,0.8333333333333334,0.10526315789473684,True,,876,25,500,0.05,0.01,0.8,0.01
certified,visual_factuality,0.77,0.408,0.4082966979386653,25,5,20,4,2,0.8,0.1,True,,877,25,500,0.05,0.01,0.8,0.01
not_certified,visual_factuality,,0.408,0.3311475562815575,25,4,21,3,2,0.75,0.09523809523809523,True,,878,25,500,0.05,0.01,0.8,0.01
certified,visual_factuality,0.69,0.408,0.41296973029300843,25,6,19,5,1,0.8333333333333334,0.05263157894736842,True,,879,25,500,0.05,0.01,0.8,0.01
certified,visual_factuality,0.56,0.408,0.4111333584271144,25,7,18,6,3,0.8571428571428571,0.16666666666666666,True,,880,25,500,0.05,0.01,0.8,0.01
certified,visual_factuality,0.48,0.408,0.4096552423395279,25,8,17,7,4,0.875,0.23529411764705882,True,,881,25,500,0.05,0.01,0.8,0.01
certified,visual_factuality,0.75,0.408,0.41160568730289315,25,5,20,4,3,0.8,0.15,True,,882,25,500,0.05,0.01,0.8,0.01
certified,visual_factuality,0.54,0.408,0.4115832324933517,25,6,19,5,5,0.8333333333333334,0.2631578947368421,True,,883,25,500,0.05,0.01,0.8,0.01
certified,visual_factuality,0.59,0.408,0.408761380128156,25,7,18,6,2,0.8571428571428571,0.1111111111111111,True,,884,25,500,0.05,0.01,0.8,0.01
certified,visual_factuality,0.59,0.408,0.408761380128156,25,7,18,6,2,0.8571428571428571,0.1111111111111111,True,,885,25,500,0.05,0.01,0.8,0.01
certified,visual_factuality,0.66,0.408,0.412168633775608,25,6,19,5,2,0.8333333333333334,0.10526315789473684,True,,886,25,500,0.05,0.01,0.8,0.01
certified,visual_factuality,0.43,0.408,0.4138705104358807,25,4,21,4,2,1.0,0.09523809523809523,True,,887,25,500,0.05,0.01,0.8,0.01
certified,visual_factuality,0.43,0.408,0.4138705104358807,25,4,21,4,2,1.0,0.09523809523809523,True,,888,25,500,0.05,0.01,0.8,0.01
certified,visual_factuality,0.8,0.408,0.41146786623260484,25,5,20,4,1,0.8,0.05,True,,889,25,500,0.05,0.01,0.8,0.01
not_certified,visual_factuality,,0.408,0.20869688022983945,25,3,22,2,4,0.6666666666666666,0.18181818181818182,True,,890,25,500,0.05,0.01,0.8,0.01
certified,visual_factuality,0.59,0.408,0.408761380128156,25,7,18,6,2,0.8571428571428571,0.1111111111111111,True,,891,25,500,0.05,0.01,0.8,0.01
certified,visual_factuality,0.38,0.408,0.41130032084337215,25,7,18,7,4,1.0,0.2222222222222222,True,,892,25,500,0.05,0.01,0.8,0.01
certified,visual_factuality,0.37,0.408,0.4135629593935972,25,3,22,3,5,1.0,0.22727272727272727,True,,893,25,500,0.05,0.01,0.8,0.01
certified,visual_factuality,0.43,0.408,0.4138705104358807,25,4,21,4,2,1.0,0.09523809523809523,True,,894,25,500,0.05,0.01,0.8,0.01
certified,visual_factuality,0.43,0.408,0.41414742928063264,25,5,20,5,2,1.0,0.1,True,,895,25,500,0.05,0.01,0.8,0.01
certified,visual_factuality,0.77,0.408,0.4082966979386653,25,5,20,4,2,0.8,0.1,True,,896,25,500,0.05,0.01,0.8,0.01
certified,visual_factuality,0.71,0.408,0.40982688068607476,25,5,20,4,4,0.8,0.2,True,,897,25,500,0.05,0.01,0.8,0.01
certified,visual_factuality,0.44,0.408,0.4100144885452927,25,5,20,5,1,1.0,0.05,True,,898,25,500,0.05,0.01,0.8,0.01
certified,visual_factuality,0.44,0.408,0.4092930604496053,25,7,18,7,1,1.0,0.05555555555555555,True,,899,25,500,0.05,0.01,0.8,0.01
certified,visual_factuality,0.66,0.408,0.412168633775608,25,6,19,5,2,0.8333333333333334,0.10526315789473684,True,,900,25,500,0.05,0.01,0.8,0.01
certified,visual_factuality,0.39,0.408,0.4150162163829223,25,5,20,5,4,1.0,0.2,True,,901,25,500,0.05,0.01,0.8,0.01
certified,visual_factuality,0.43,0.408,0.4138705104358807,25,4,21,4,2,1.0,0.09523809523809523,True,,902,25,500,0.05,0.01,0.8,0.01
certified,visual_factuality,0.36,0.408,0.4116492078662513,25,5,20,5,5,1.0,0.25,True,,903,25,500,0.05,0.01,0.8,0.01
certified,visual_factuality,0.38,0.408,0.41130032084337215,25,7,18,7,4,1.0,0.2222222222222222,True,,904,25,500,0.05,0.01,0.8,0.01
certified,visual_factuality,0.41,0.408,0.4154927777090525,25,7,18,7,3,1.0,0.16666666666666666,True,,905,25,500,0.05,0.01,0.8,0.01
certified,visual_factuality,0.55,0.408,0.4081700582798674,25,8,17,7,2,0.875,0.11764705882352941,True,,906,25,500,0.05,0.01,0.8,0.01
certified,visual_factuality,0.41,0.408,0.41272860331692834,25,5,20,5,3,1.0,0.15,True,,907,25,500,0.05,0.01,0.8,0.01
certified,visual_factuality,0.58,0.408,0.40875759330949374,25,6,19,5,4,0.8333333333333334,0.21052631578947367,True,,908,25,500,0.05,0.01,0.8,0.01
not_certified,visual_factuality,,0.408,0.3311475562815575,25,4,21,3,2,0.75,0.09523809523809523,True,,909,25,500,0.05,0.01,0.8,0.01
certified,visual_factuality,0.43,0.408,0.4144382401628343,25,6,19,6,2,1.0,0.10526315789473684,True,,910,25,500,0.05,0.01,0.8,0.01
certified,visual_factuality,0.41,0.408,0.4140314088368278,25,6,19,6,3,1.0,0.15789473684210525,True,,911,25,500,0.05,0.01,0.8,0.01
certified,visual_factuality,0.55,0.408,0.4081700582798674,25,8,17,7,2,0.875,0.11764705882352941,True,,912,25,500,0.05,0.01,0.8,0.01
certified,visual_factuality,0.56,0.408,0.4111333584271144,25,7,18,6,3,0.8571428571428571,0.16666666666666666,True,,913,25,500,0.05,0.01,0.8,0.01
certified,visual_factuality,0.44,0.408,0.40968798602687584,25,6,19,6,1,1.0,0.05263157894736842,True,,914,25,500,0.05,0.01,0.8,0.01
certified,visual_factuality,0.41,0.408,0.41272860331692834,25,5,20,5,3,1.0,0.15,True,,915,25,500,0.05,0.01,0.8,0.01
certified,visual_factuality,0.39,0.408,0.4150162163829223,25,5,20,5,4,1.0,0.2,True,,916,25,500,0.05,0.01,0.8,0.01
certified,visual_factuality,0.52,0.408,0.4105330698892037,25,7,18,6,4,0.8571428571428571,0.2222222222222222,True,,917,25,500,0.05,0.01,0.8,0.01
certified,visual_factuality,0.43,0.408,0.41414742928063264,25,5,20,5,2,1.0,0.1,True,,918,25,500,0.05,0.01,0.8,0.01
certified,visual_factuality,0.41,0.408,0.41272860331692834,25,5,20,5,3,1.0,0.15,True,,919,25,500,0.05,0.01,0.8,0.01
certified,visual_factuality,0.55,0.408,0.4081700582798674,25,8,17,7,2,0.875,0.11764705882352941,True,,920,25,500,0.05,0.01,0.8,0.01
certified,visual_factuality,0.58,0.408,0.40875759330949374,25,6,19,5,4,0.8333333333333334,0.21052631578947367,True,,921,25,500,0.05,0.01,0.8,0.01
certified,visual_factuality,0.66,0.408,0.40823447167059657,25,5,20,4,5,0.8,0.25,True,,922,25,500,0.05,0.01,0.8,0.01
certified,visual_factuality,0.39,0.408,0.4086732941625112,25,2,23,2,4,1.0,0.17391304347826086,True,,923,25,500,0.05,0.01,0.8,0.01
certified,visual_factuality,0.52,0.408,0.4105330698892037,25,7,18,6,4,0.8571428571428571,0.2222222222222222,True,,924,25,500,0.05,0.01,0.8,0.01
certified,visual_factuality,0.54,0.408,0.4115832324933517,25,6,19,5,5,0.8333333333333334,0.2631578947368421,True,,925,25,500,0.05,0.01,0.8,0.01
certified,visual_factuality,0.39,0.408,0.4105756752318199,25,3,22,3,4,1.0,0.18181818181818182,True,,926,25,500,0.05,0.01,0.8,0.01
certified,visual_factuality,0.53,0.408,0.41250044062088886,25,9,16,8,2,0.8888888888888888,0.125,True,,927,25,500,0.05,0.01,0.8,0.01
certified,visual_factuality,0.43,0.408,0.4150813433259758,25,8,17,8,2,1.0,0.11764705882352941,True,,928,25,500,0.05,0.01,0.8,0.01
certified,visual_factuality,0.43,0.408,0.41414742928063264,25,5,20,5,2,1.0,0.1,True,,929,25,500,0.05,0.01,0.8,0.01
certified,visual_factuality,0.75,0.408,0.41160568730289315,25,5,20,4,3,0.8,0.15,True,,930,25,500,0.05,0.01,0.8,0.01
certified,visual_factuality,0.71,0.408,0.41034308841660905,25,6,19,5,0,0.8333333333333334,0.0,True,,931,25,500,0.05,0.01,0.8,0.01
certified,visual_factuality,0.56,0.408,0.4111333584271144,25,7,18,6,3,0.8571428571428571,0.16666666666666666,True,,932,25,500,0.05,0.01,0.8,0.01
certified,visual_factuality,0.41,0.408,0.4140314088368278,25,6,19,6,3,1.0,0.15789473684210525,True,,933,25,500,0.05,0.01,0.8,0.01
certified,visual_factuality,0.41,0.408,0.4140314088368278,25,6,19,6,3,1.0,0.15789473684210525,True,,934,25,500,0.05,0.01,0.8,0.01
certified,visual_factuality,0.58,0.408,0.40875759330949374,25,6,19,5,4,0.8333333333333334,0.21052631578947367,True,,935,25,500,0.05,0.01,0.8,0.01
certified,visual_factuality,0.62,0.408,0.408948701333987,25,6,19,5,3,0.8333333333333334,0.15789473684210525,True,,936,25,500,0.05,0.01,0.8,0.01
certified,visual_factuality,0.43,0.408,0.4144382401628343,25,6,19,6,2,1.0,0.10526315789473684,True,,937,25,500,0.05,0.01,0.8,0.01
not_certified,visual_factuality,,0.408,0.3311475562815575,25,4,21,3,2,0.75,0.09523809523809523,True,,938,25,500,0.05,0.01,0.8,0.01
certified,visual_factuality,0.41,0.408,0.41272860331692834,25,5,20,5,3,1.0,0.15,True,,939,25,500,0.05,0.01,0.8,0.01
certified,visual_factuality,0.41,0.408,0.41155640665565996,25,4,21,4,3,1.0,0.14285714285714285,True,,940,25,500,0.05,0.01,0.8,0.01
certified,visual_factuality,0.77,0.408,0.4082966979386653,25,5,20,4,2,0.8,0.1,True,,941,25,500,0.05,0.01,0.8,0.01
certified,visual_factuality,0.75,0.408,0.41160568730289315,25,5,20,4,3,0.8,0.15,True,,942,25,500,0.05,0.01,0.8,0.01
certified,visual_factuality,0.39,0.408,0.4150162163829223,25,5,20,5,4,1.0,0.2,True,,943,25,500,0.05,0.01,0.8,0.01
certified,visual_factuality,0.43,0.408,0.4144382401628343,25,6,19,6,2,1.0,0.10526315789473684,True,,944,25,500,0.05,0.01,0.8,0.01
certified,visual_factuality,0.59,0.408,0.408761380128156,25,7,18,6,2,0.8571428571428571,0.1111111111111111,True,,945,25,500,0.05,0.01,0.8,0.01
certified,visual_factuality,0.43,0.408,0.4150813433259758,25,8,17,8,2,1.0,0.11764705882352941,True,,946,25,500,0.05,0.01,0.8,0.01
certified,visual_factuality,0.75,0.408,0.41160568730289315,25,5,20,4,3,0.8,0.15,True,,947,25,500,0.05,0.01,0.8,0.01
certified,visual_factuality,0.41,0.408,0.41155640665565996,25,4,21,4,3,1.0,0.14285714285714285,True,,948,25,500,0.05,0.01,0.8,0.01
certified,visual_factuality,0.66,0.408,0.412168633775608,25,6,19,5,2,0.8333333333333334,0.10526315789473684,True,,949,25,500,0.05,0.01,0.8,0.01
certified,visual_factuality,0.43,0.408,0.4136043401284206,25,3,22,3,2,1.0,0.09090909090909091,True,,950,25,500,0.05,0.01,0.8,0.01
not_certified,visual_factuality,,0.408,0.35893925902015617,25,4,21,3,5,0.75,0.23809523809523808,True,,951,25,500,0.05,0.01,0.8,0.01
certified,visual_factuality,0.71,0.408,0.40982688068607476,25,5,20,4,4,0.8,0.2,True,,952,25,500,0.05,0.01,0.8,0.01
certified,visual_factuality,0.38,0.408,0.40830203478625104,25,6,19,6,4,1.0,0.21052631578947367,True,,953,25,500,0.05,0.01,0.8,0.01
certified,visual_factuality,0.41,0.408,0.41155640665565996,25,4,21,4,3,1.0,0.14285714285714285,True,,954,25,500,0.05,0.01,0.8,0.01
certified,visual_factuality,0.41,0.408,0.4140314088368278,25,6,19,6,3,1.0,0.15789473684210525,True,,955,25,500,0.05,0.01,0.8,0.01
certified,visual_factuality,0.62,0.408,0.408948701333987,25,6,19,5,3,0.8333333333333334,0.15789473684210525,True,,956,25,500,0.05,0.01,0.8,0.01
certified,visual_factuality,0.43,0.408,0.41414742928063264,25,5,20,5,2,1.0,0.1,True,,957,25,500,0.05,0.01,0.8,0.01
certified,visual_factuality,0.31,0.408,0.4086733188598419,25,7,18,7,6,1.0,0.3333333333333333,True,,958,25,500,0.05,0.01,0.8,0.01
certified,visual_factuality,0.41,0.408,0.41049303314395635,25,3,22,3,3,1.0,0.13636363636363635,True,,959,25,500,0.05,0.01,0.8,0.01
certified,visual_factuality,0.39,0.408,0.4126778046036885,25,4,21,4,4,1.0,0.19047619047619047,True,,960,25,500,0.05,0.01,0.8,0.01
certified,visual_factuality,0.43,0.408,0.4138705104358807,25,4,21,4,2,1.0,0.09523809523809523,True,,961,25,500,0.05,0.01,0.8,0.01
certified,visual_factuality,0.41,0.408,0.4140314088368278,25,6,19,6,3,1.0,0.15789473684210525,True,,962,25,500,0.05,0.01,0.8,0.01
certified,visual_factuality,0.38,0.408,0.40830203478625104,25,6,19,6,4,1.0,0.21052631578947367,True,,963,25,500,0.05,0.01,0.8,0.01
certified,visual_factuality,0.75,0.408,0.41160568730289315,25,5,20,4,3,0.8,0.15,True,,964,25,500,0.05,0.01,0.8,0.01
certified,visual_factuality,0.43,0.408,0.41474741237916696,25,7,18,7,2,1.0,0.1111111111111111,True,,965,25,500,0.05,0.01,0.8,0.01
certified,visual_factuality,0.71,0.408,0.40982688068607476,25,5,20,4,4,0.8,0.2,True,,966,25,500,0.05,0.01,0.8,0.01
certified,visual_factuality,0.66,0.408,0.412168633775608,25,6,19,5,2,0.8333333333333334,0.10526315789473684,True,,967,25,500,0.05,0.01,0.8,0.01
certified,visual_factuality,0.39,0.408,0.4126778046036885,25,4,21,4,4,1.0,0.19047619047619047,True,,968,25,500,0.05,0.01,0.8,0.01
certified,visual_factuality,0.62,0.408,0.408948701333987,25,6,19,5,3,0.8333333333333334,0.15789473684210525,True,,969,25,500,0.05,0.01,0.8,0.01
certified,visual_factuality,0.69,0.408,0.41296973029300843,25,6,19,5,1,0.8333333333333334,0.05263157894736842,True,,970,25,500,0.05,0.01,0.8,0.01
certified,visual_factuality,0.71,0.408,0.40982688068607476,25,5,20,4,4,0.8,0.2,True,,971,25,500,0.05,0.01,0.8,0.01
certified,visual_factuality,0.41,0.408,0.41272860331692834,25,5,20,5,3,1.0,0.15,True,,972,25,500,0.05,0.01,0.8,0.01
certified,visual_factuality,0.56,0.408,0.4111333584271144,25,7,18,6,3,0.8571428571428571,0.16666666666666666,True,,973,25,500,0.05,0.01,0.8,0.01
certified,visual_factuality,0.39,0.408,0.4086732941625112,25,2,23,2,4,1.0,0.17391304347826086,True,,974,25,500,0.05,0.01,0.8,0.01
certified,visual_factuality,0.35,0.408,0.41186291114959134,25,7,18,7,5,1.0,0.2777777777777778,True,,975,25,500,0.05,0.01,0.8,0.01
certified,visual_factuality,0.59,0.408,0.408761380128156,25,7,18,6,2,0.8571428571428571,0.1111111111111111,True,,976,25,500,0.05,0.01,0.8,0.01
certified,visual_factuality,0.52,0.408,0.4105330698892037,25,7,18,6,4,0.8571428571428571,0.2222222222222222,True,,977,25,500,0.05,0.01,0.8,0.01
certified,visual_factuality,0.39,0.408,0.4126778046036885,25,4,21,4,4,1.0,0.19047619047619047,True,,978,25,500,0.05,0.01,0.8,0.01
certified,visual_factuality,0.41,0.408,0.4140314088368278,25,6,19,6,3,1.0,0.15789473684210525,True,,979,25,500,0.05,0.01,0.8,0.01
certified,visual_factuality,0.48,0.408,0.4130660459550544,25,7,18,6,5,0.8571428571428571,0.2777777777777778,True,,980,25,500,0.05,0.01,0.8,0.01
not_certified,visual_factuality,,0.408,0.3403689696755395,25,4,21,3,3,0.75,0.14285714285714285,True,,981,25,500,0.05,0.01,0.8,0.01
certified,visual_factuality,0.43,0.408,0.4138705104358807,25,4,21,4,2,1.0,0.09523809523809523,True,,982,25,500,0.05,0.01,0.8,0.01
certified,visual_factuality,0.55,0.408,0.4081700582798674,25,8,17,7,2,0.875,0.11764705882352941,True,,983,25,500,0.05,0.01,0.8,0.01
certified,visual_factuality,0.41,0.408,0.41155640665565996,25,4,21,4,3,1.0,0.14285714285714285,True,,984,25,500,0.05,0.01,0.8,0.01
certified,visual_factuality,0.38,0.408,0.40830203478625104,25,6,19,6,4,1.0,0.21052631578947367,True,,985,25,500,0.05,0.01,0.8,0.01
certified,visual_factuality,0.62,0.408,0.4087716045378239,25,7,18,6,1,0.8571428571428571,0.05555555555555555,True,,986,25,500,0.05,0.01,0.8,0.01
certified,visual_factuality,0.39,0.408,0.4126778046036885,25,4,21,4,4,1.0,0.19047619047619047,True,,987,25,500,0.05,0.01,0.8,0.01
certified,visual_factuality,0.56,0.408,0.4111333584271144,25,7,18,6,3,0.8571428571428571,0.16666666666666666,True,,988,25,500,0.05,0.01,0.8,0.01
certified,visual_factuality,0.62,0.408,0.4087716045378239,25,7,18,6,1,0.8571428571428571,0.05555555555555555,True,,989,25,500,0.05,0.01,0.8,0.01
certified,visual_factuality,0.44,0.408,0.4102832902709082,25,4,21,4,1,1.0,0.047619047619047616,True,,990,25,500,0.05,0.01,0.8,0.01
certified,visual_factuality,0.41,0.408,0.4140314088368278,25,6,19,6,3,1.0,0.15789473684210525,True,,991,25,500,0.05,0.01,0.8,0.01
certified,visual_factuality,0.69,0.408,0.41296973029300843,25,6,19,5,1,0.8333333333333334,0.05263157894736842,True,,992,25,500,0.05,0.01,0.8,0.01
not_certified,visual_factuality,,0.408,0.40197427793719187,25,5,20,4,0,0.8,0.0,True,,993,25,500,0.05,0.01,0.8,0.01
certified,visual_factuality,0.39,0.408,0.4126778046036885,25,4,21,4,4,1.0,0.19047619047619047,True,,994,25,500,0.05,0.01,0.8,0.01
certified,visual_factuality,0.39,0.408,0.4150162163829223,25,5,20,5,4,1.0,0.2,True,,995,25,500,0.05,0.01,0.8,0.01
certified,visual_factuality,0.59,0.408,0.408761380128156,25,7,18,6,2,0.8571428571428571,0.1111111111111111,True,,996,25,500,0.05,0.01,0.8,0.01
certified,visual_factuality,0.56,0.408,0.4111333584271144,25,7,18,6,3,0.8571428571428571,0.16666666666666666,True,,997,25,500,0.05,0.01,0.8,0.01
certified,visual_factuality,0.52,0.408,0.4105330698892037,25,7,18,6,4,0.8571428571428571,0.2222222222222222,True,,998,25,500,0.05,0.01,0.8,0.01
certified,visual_factuality,0.62,0.408,0.408948701333987,25,6,19,5,3,0.8333333333333334,0.15789473684210525,True,,999,25,500,0.05,0.01,0.8,0.01
certified,robustness,0.42,0.492,0.4952445798855989,25,6,19,6,6,1.0,0.3157894736842105,True,,0,25,500,0.05,0.01,0.8,0.01
certified,robustness,0.33,0.492,0.49389542205106285,25,7,18,7,8,1.0,0.4444444444444444,True,,1,25,500,0.05,0.01,0.8,0.01
certified,robustness,0.68,0.492,0.49344130909645173,25,7,18,6,4,0.8571428571428571,0.2222222222222222,True,,2,25,500,0.05,0.01,0.8,0.01
certified,robustness,0.45,0.492,0.49646823440028737,25,6,19,6,5,1.0,0.2631578947368421,True,,3,25,500,0.05,0.01,0.8,0.01
certified,robustness,0.38,0.492,0.49419308336557355,25,10,15,10,6,1.0,0.4,True,,4,25,500,0.05,0.01,0.8,0.01
certified,robustness,0.39,0.492,0.49807204916851,25,6,19,6,7,1.0,0.3684210526315789,True,,5,25,500,0.05,0.01,0.8,0.01
certified,robustness,0.47,0.492,0.492332953829168,25,6,19,6,4,1.0,0.21052631578947367,True,,6,25,500,0.05,0.01,0.8,0.01
certified,robustness,0.55,0.492,0.49684867435352886,25,9,16,8,5,0.8888888888888888,0.3125,True,,7,25,500,0.05,0.01,0.8,0.01
certified,robustness,0.63,0.492,0.49741599014057725,25,8,17,7,4,0.875,0.23529411764705882,True,,8,25,500,0.05,0.01,0.8,0.01
certified,robustness,0.43,0.492,0.498396883838886,25,5,20,5,6,1.0,0.3,True,,9,25,500,0.05,0.01,0.8,0.01
certified,robustness,0.41,0.492,0.5002140005070413,25,8,17,8,6,1.0,0.35294117647058826,True,,10,25,500,0.05,0.01,0.8,0.01
certified,robustness,0.6,0.492,0.4939409272118177,25,7,18,6,6,0.8571428571428571,0.3333333333333333,True,,11,25,500,0.05,0.01,0.8,0.01
certified,robustness,0.35,0.492,0.4974475114424653,25,6,19,6,8,1.0,0.42105263157894735,True,,12,25,500,0.05,0.01,0.8,0.01
certified,robustness,0.41,0.492,0.493007693940917,25,7,18,7,6,1.0,0.3333333333333333,True,,13,25,500,0.05,0.01,0.8,0.01
not_certified,robustness,,0.492,0.4403069538839166,25,5,20,4,4,0.8,0.2,True,,14,25,500,0.05,0.01,0.8,0.01
certified,robustness,0.48,0.492,0.49360205811851865,25,7,18,6,8,0.8571428571428571,0.4444444444444444,True,,15,25,500,0.05,0.01,0.8,0.01
certified,robustness,0.65,0.492,0.4965248921565327,25,7,18,6,5,0.8571428571428571,0.2777777777777778,True,,16,25,500,0.05,0.01,0.8,0.01
certified,robustness,0.6,0.492,0.4939409272118177,25,7,18,6,6,0.8571428571428571,0.3333333333333333,True,,17,25,500,0.05,0.01,0.8,0.01
certified,robustness,0.45,0.492,0.49646823440028737,25,6,19,6,5,1.0,0.2631578947368421,True,,18,25,500,0.05,0.01,0.8,0.01
certified,robustness,0.65,0.492,0.4925280110852246,25,6,19,5,7,0.8333333333333334,0.3684210526315789,True,,19,25,500,0.05,0.01,0.8,0.01
certified,robustness,0.48,0.492,0.49360205811851865,25,7,18,6,8,0.8571428571428571,0.4444444444444444,True,,20,25,500,0.05,0.01,0.8,0.01
certified,robustness,0.37,0.492,0.49528215368318884,25,9,16,8,8,0.8888888888888888,0.5,True,,21,25,500,0.05,0.01,0.8,0.01
certified,robustness,0.44,0.492,0.4967464241127555,25,8,17,8,5,1.0,0.29411764705882354,True,,22,25,500,0.05,0.01,0.8,0.01
certified,robustness,0.48,0.492,0.4993405486804769,25,5,20,5,4,1.0,0.2,True,,23,25,500,0.05,0.01,0.8,0.01
certified,robustness,0.54,0.492,0.49438466579619333,25,8,17,7,6,0.875,0.35294117647058826,True,,24,25,500,0.05,0.01,0.8,0.01
certified,robustness,0.43,0.492,0.4937007616713314,25,9,16,9,5,1.0,0.3125,True,,25,25,500,0.05,0.01,0.8,0.01
certified,robustness,0.62,0.492,0.4942805595190135,25,9,16,8,3,0.8888888888888888,0.1875,True,,26,25,500,0.05,0.01,0.8,0.01
certified,robustness,0.35,0.492,0.4974475114424653,25,6,19,6,8,1.0,0.42105263157894735,True,,27,25,500,0.05,0.01,0.8,0.01
certified,robustness,0.37,0.492,0.4944738503343525,25,4,21,4,8,1.0,0.38095238095238093,True,,28,25,500,0.05,0.01,0.8,0.01
certified,robustness,0.71,0.492,0.4952840938120908,25,6,19,5,6,0.8333333333333334,0.3157894736842105,True,,29,25,500,0.05,0.01,0.8,0.01
certified,robustness,0.49,0.492,0.4967771538820497,25,8,17,7,7,0.875,0.4117647058823529,True,,30,25,500,0.05,0.01,0.8,0.01
certified,robustness,0.4,0.492,0.4922712059658907,25,4,21,4,7,1.0,0.3333333333333333,True,,31,25,500,0.05,0.01,0.8,0.01
certified,robustness,0.49,0.492,0.49460986302366994,25,11,14,10,5,0.9090909090909091,0.35714285714285715,True,,32,25,500,0.05,0.01,0.8,0.01
certified,robustness,0.35,0.492,0.4974475114424653,25,6,19,6,8,1.0,0.42105263157894735,True,,33,25,500,0.05,0.01,0.8,0.01
certified,robustness,0.48,0.492,0.49360205811851865,25,7,18,6,8,0.8571428571428571,0.4444444444444444,True,,34,25,500,0.05,0.01,0.8,0.01
certified,robustness,0.41,0.492,0.493007693940917,25,7,18,7,6,1.0,0.3333333333333333,True,,35,25,500,0.05,0.01,0.8,0.01
certified,robustness,0.45,0.492,0.5007125443363438,25,7,18,7,5,1.0,0.2777777777777778,True,,36,25,500,0.05,0.01,0.8,0.01
certified,robustness,0.4,0.492,0.4922712059658907,25,4,21,4,7,1.0,0.3333333333333333,True,,37,25,500,0.05,0.01,0.8,0.01
certified,robustness,0.71,0.492,0.4952840938120908,25,6,19,5,6,0.8333333333333334,0.3157894736842105,True,,38,25,500,0.05,0.01,0.8,0.01
not_certified,robustness,,0.492,0.4500384609467137,25,5,20,4,5,0.8,0.25,True,,39,25,500,0.05,0.01,0.8,0.01
certified,robustness,0.4,0.492,0.4922712059658907,25,4,21,4,7,1.0,0.3333333333333333,True,,40,25,500,0.05,0.01,0.8,0.01
certified,robustness,0.52,0.492,0.4972970976386668,25,10,15,9,5,0.9,0.3333333333333333,True,,41,25,500,0.05,0.01,0.8,0.01
certified,robustness,0.43,0.492,0.498396883838886,25,5,20,5,6,1.0,0.3,True,,42,25,500,0.05,0.01,0.8,0.01
certified,robustness,0.78,0.492,0.4953362214433735,25,6,19,5,4,0.8333333333333334,0.21052631578947367,True,,43,25,500,0.05,0.01,0.8,0.01
certified,robustness,0.35,0.492,0.4974475114424653,25,6,19,6,8,1.0,0.42105263157894735,True,,44,25,500,0.05,0.01,0.8,0.01
certified,robustness,0.65,0.492,0.4925280110852246,25,6,19,5,7,0.8333333333333334,0.3684210526315789,True,,45,25,500,0.05,0.01,0.8,0.01
certified,robustness,0.39,0.492,0.49807204916851,25,6,19,6,7,1.0,0.3684210526315789,True,,46,25,500,0.05,0.01,0.8,0.01
certified,robustness,0.39,0.492,0.49807204916851,25,6,19,6,7,1.0,0.3684210526315789,True,,47,25,500,0.05,0.01,0.8,0.01
certified,robustness,0.41,0.492,0.493007693940917,25,7,18,7,6,1.0,0.3333333333333333,True,,48,25,500,0.05,0.01,0.8,0.01
not_certified,robustness,,0.492,0.4598288392805784,25,5,20,4,6,0.8,0.3,True,,49,25,500,0.05,0.01,0.8,0.01
certified,robustness,0.44,0.492,0.49451090602308834,25,9,16,8,7,0.8888888888888888,0.4375,True,,50,25,500,0.05,0.01,0.8,0.01
certified,robustness,0.41,0.492,0.5002140005070413,25,8,17,8,6,1.0,0.35294117647058826,True,,51,25,500,0.05,0.01,0.8,0.01
certified,robustness,0.59,0.492,0.4965460948275442,25,8,17,7,5,0.875,0.29411764705882354,True,,52,25,500,0.05,0.01,0.8,0.01
certified,robustness,0.43,0.492,0.498396883838886,25,5,20,5,6,1.0,0.3,True,,53,25,500,0.05,0.01,0.8,0.01
certified,robustness,0.55,0.492,0.49547550807528684,25,7,18,6,7,0.8571428571428571,0.3888888888888889,True,,54,25,500,0.05,0.01,0.8,0.01
certified,robustness,0.45,0.492,0.49646823440028737,25,6,19,6,5,1.0,0.2631578947368421,True,,55,25,500,0.05,0.01,0.8,0.01
certified,robustness,0.4,0.492,0.49879524281767745,25,5,20,5,7,1.0,0.35,True,,56,25,500,0.05,0.01,0.8,0.01
certified,robustness,0.45,0.492,0.4927155327479466,25,5,20,5,5,1.0,0.25,True,,57,25,500,0.05,0.01,0.8,0.01
certified,robustness,0.55,0.492,0.49684867435352886,25,9,16,8,5,0.8888888888888888,0.3125,True,,58,25,500,0.05,0.01,0.8,0.01
certified,robustness,0.47,0.492,0.498020476864739,25,8,17,8,4,1.0,0.23529411764705882,True,,59,25,500,0.05,0.01,0.8,0.01
certified,robustness,0.71,0.492,0.4952840938120908,25,6,19,5,6,0.8333333333333334,0.3157894736842105,True,,60,25,500,0.05,0.01,0.8,0.01
certified,robustness,0.41,0.492,0.493007693940917,25,7,18,7,6,1.0,0.3333333333333333,True,,61,25,500,0.05,0.01,0.8,0.01
certified,robustness,0.47,0.492,0.498020476864739,25,8,17,8,4,1.0,0.23529411764705882,True,,62,25,500,0.05,0.01,0.8,0.01
certified,robustness,0.5,0.492,0.4956023008180176,25,9,16,8,6,0.8888888888888888,0.375,True,,63,25,500,0.05,0.01,0.8,0.01
certified,robustness,0.71,0.492,0.4952840938120908,25,6,19,5,6,0.8333333333333334,0.3157894736842105,True,,64,25,500,0.05,0.01,0.8,0.01
certified,robustness,0.43,0.492,0.498396883838886,25,5,20,5,6,1.0,0.3,True,,65,25,500,0.05,0.01,0.8,0.01
certified,robustness,0.63,0.492,0.49741599014057725,25,8,17,7,4,0.875,0.23529411764705882,True,,66,25,500,0.05,0.01,0.8,0.01
certified,robustness,0.43,0.492,0.498396883838886,25,5,20,5,6,1.0,0.3,True,,67,25,500,0.05,0.01,0.8,0.01
not_certified,robustness,,0.492,0.4795856370377778,25,5,20,4,8,0.8,0.4,True,,68,25,500,0.05,0.01,0.8,0.01
certified,robustness,0.6,0.492,0.4939409272118177,25,7,18,6,6,0.8571428571428571,0.3333333333333333,True,,69,25,500,0.05,0.01,0.8,0.01
certified,robustness,0.55,0.492,0.49684867435352886,25,9,16,8,5,0.8888888888888888,0.3125,True,,70,25,500,0.05,0.01,0.8,0.01
certified,robustness,0.59,0.492,0.4965460948275442,25,8,17,7,5,0.875,0.29411764705882354,True,,71,25,500,0.05,0.01,0.8,0.01
certified,robustness,0.04,0.492,0.49526838815369084,25,7,18,6,12,0.8571428571428571,0.6666666666666666,True,,72,25,500,0.05,0.01,0.8,0.01
certified,robustness,0.45,0.492,0.49215991986137786,25,11,14,11,4,1.0,0.2857142857142857,True,,73,25,500,0.05,0.01,0.8,0.01
certified,robustness,0.65,0.492,0.4965248921565327,25,7,18,6,5,0.8571428571428571,0.2777777777777778,True,,74,25,500,0.05,0.01,0.8,0.01
certified,robustness,0.45,0.492,0.5007125443363438,25,7,18,7,5,1.0,0.2777777777777778,True,,75,25,500,0.05,0.01,0.8,0.01
certified,robustness,0.59,0.492,0.49682706627826256,25,9,16,8,4,0.8888888888888888,0.25,True,,76,25,500,0.05,0.01,0.8,0.01
certified,robustness,0.71,0.492,0.4952840938120908,25,6,19,5,6,0.8333333333333334,0.3157894736842105,True,,77,25,500,0.05,0.01,0.8,0.01
certified,robustness,0.31,0.492,0.4928192344208572,25,8,17,8,8,1.0,0.47058823529411764,True,,78,25,500,0.05,0.01,0.8,0.01
certified,robustness,0.45,0.492,0.5007125443363438,25,7,18,7,5,1.0,0.2777777777777778,True,,79,25,500,0.05,0.01,0.8,0.01
certified,robustness,0.5,0.492,0.4956023008180176,25,9,16,8,6,0.8888888888888888,0.375,True,,80,25,500,0.05,0.01,0.8,0.01
certified,robustness,0.45,0.492,0.49646823440028737,25,6,19,6,5,1.0,0.2631578947368421,True,,81,25,500,0.05,0.01,0.8,0.01
certified,robustness,0.3,0.492,0.494997819160831,25,6,19,6,9,1.0,0.47368421052631576,True,,82,25,500,0.05,0.01,0.8,0.01
certified,robustness,0.5,0.492,0.4930173369069377,25,6,19,5,9,0.8333333333333334,0.47368421052631576,True,,83,25,500,0.05,0.01,0.8,0.01
certified,robustness,0.63,0.492,0.49741599014057725,25,8,17,7,4,0.875,0.23529411764705882,True,,84,25,500,0.05,0.01,0.8,0.01
certified,robustness,0.8,0.492,0.4933564216694434,25,6,19,5,3,0.8333333333333334,0.15789473684210525,True,,85,25,500,0.05,0.01,0.8,0.01
certified,robustness,0.71,0.492,0.4930971812884507,25,7,18,6,3,0.8571428571428571,0.16666666666666666,True,,86,25,500,0.05,0.01,0.8,0.01
certified,robustness,0.54,0.492,0.49438466579619333,25,8,17,7,6,0.875,0.35294117647058826,True,,87,25,500,0.05,0.01,0.8,0.01
certified,robustness,0.42,0.492,0.4952445798855989,25,6,19,6,6,1.0,0.3157894736842105,True,,88,25,500,0.05,0.01,0.8,0.01
certified,robustness,0.4,0.492,0.49338331514402545,25,7,18,6,9,0.8571428571428571,0.5,True,,89,25,500,0.05,0.01,0.8,0.01
certified,robustness,0.45,0.492,0.5007125443363438,25,7,18,7,5,1.0,0.2777777777777778,True,,90,25,500,0.05,0.01,0.8,0.01
certified,robustness,0.43,0.492,0.498396883838886,25,5,20,5,6,1.0,0.3,True,,91,25,500,0.05,0.01,0.8,0.01
certified,robustness,0.55,0.492,0.49547550807528684,25,7,18,6,7,0.8571428571428571,0.3888888888888889,True,,92,25,500,0.05,0.01,0.8,0.01
certified,robustness,0.42,0.492,0.4952445798855989,25,6,19,6,6,1.0,0.3157894736842105,True,,93,25,500,0.05,0.01,0.8,0.01
certified,robustness,0.35,0.492,0.4974475114424653,25,6,19,6,8,1.0,0.42105263157894735,True,,94,25,500,0.05,0.01,0.8,0.01
certified,robustness,0.6,0.492,0.4939409272118177,25,7,18,6,6,0.8571428571428571,0.3333333333333333,True,,95,25,500,0.05,0.01,0.8,0.01
certified,robustness,0.59,0.492,0.4965460948275442,25,8,17,7,5,0.875,0.29411764705882354,True,,96,25,500,0.05,0.01,0.8,0.01
certified,robustness,0.59,0.492,0.49682706627826256,25,9,16,8,4,0.8888888888888888,0.25,True,,97,25,500,0.05,0.01,0.8,0.01
certified,robustness,0.34,0.492,0.49596994277331136,25,8,17,7,9,0.875,0.5294117647058824,True,,98,25,500,0.05,0.01,0.8,0.01
certified,robustness,0.65,0.492,0.4925280110852246,25,6,19,5,7,0.8333333333333334,0.3684210526315789,True,,99,25,500,0.05,0.01,0.8,0.01
certified,robustness,0.43,0.492,0.49361657209485993,25,4,21,4,6,1.0,0.2857142857142857,True,,100,25,500,0.05,0.01,0.8,0.01
certified,robustness,0.36,0.492,0.49525958701751566,25,5,20,5,8,1.0,0.4,True,,101,25,500,0.05,0.01,0.8,0.01
certified,robustness,0.44,0.492,0.4967464241127555,25,8,17,8,5,1.0,0.29411764705882354,True,,102,25,500,0.05,0.01,0.8,0.01
certified,robustness,0.46,0.492,0.49202628927325986,25,10,15,9,6,0.9,0.4,True,,103,25,500,0.05,0.01,0.8,0.01
certified,robustness,0.71,0.492,0.4952840938120908,25,6,19,5,6,0.8333333333333334,0.3157894736842105,True,,104,25,500,0.05,0.01,0.8,0.01
certified,robustness,0.54,0.492,0.49438466579619333,25,8,17,7,6,0.875,0.35294117647058826,True,,105,25,500,0.05,0.01,0.8,0.01
certified,robustness,0.43,0.492,0.498396883838886,25,5,20,5,6,1.0,0.3,True,,106,25,500,0.05,0.01,0.8,0.01
certified,robustness,0.42,0.492,0.4952445798855989,25,6,19,6,6,1.0,0.3157894736842105,True,,107,25,500,0.05,0.01,0.8,0.01
certified,robustness,0.65,0.492,0.4965248921565327,25,7,18,6,5,0.8571428571428571,0.2777777777777778,True,,108,25,500,0.05,0.01,0.8,0.01
certified,robustness,0.54,0.492,0.49438466579619333,25,8,17,7,6,0.875,0.35294117647058826,True,,109,25,500,0.05,0.01,0.8,0.01
certified,robustness,0.47,0.492,0.498020476864739,25,8,17,8,4,1.0,0.23529411764705882,True,,110,25,500,0.05,0.01,0.8,0.01
certified,robustness,0.36,0.492,0.49525958701751566,25,5,20,5,8,1.0,0.4,True,,111,25,500,0.05,0.01,0.8,0.01
certified,robustness,0.42,0.492,0.4952445798855989,25,6,19,6,6,1.0,0.3157894736842105,True,,112,25,500,0.05,0.01,0.8,0.01
certified,robustness,0.38,0.492,0.4986174992486053,25,7,18,7,7,1.0,0.3888888888888889,True,,113,25,500,0.05,0.01,0.8,0.01
certified,robustness,0.52,0.492,0.4972970976386668,25,10,15,9,5,0.9,0.3333333333333333,True,,114,25,500,0.05,0.01,0.8,0.01
certified,robustness,0.49,0.492,0.4967771538820497,25,8,17,7,7,0.875,0.4117647058823529,True,,115,25,500,0.05,0.01,0.8,0.01
certified,robustness,0.42,0.492,0.4952445798855989,25,6,19,6,6,1.0,0.3157894736842105,True,,116,25,500,0.05,0.01,0.8,0.01
certified,robustness,0.41,0.492,0.493007693940917,25,7,18,7,6,1.0,0.3333333333333333,True,,117,25,500,0.05,0.01,0.8,0.01
not_certified,robustness,,0.492,0.4833160879970432,25,6,19,5,2,0.8333333333333334,0.10526315789473684,True,,118,25,500,0.05,0.01,0.8,0.01
certified,robustness,0.71,0.492,0.4952840938120908,25,6,19,5,6,0.8333333333333334,0.3157894736842105,True,,119,25,500,0.05,0.01,0.8,0.01
certified,robustness,0.4,0.492,0.49338331514402545,25,7,18,6,9,0.8571428571428571,0.5,True,,120,25,500,0.05,0.01,0.8,0.01
certified,robustness,0.47,0.492,0.498020476864739,25,8,17,8,4,1.0,0.23529411764705882,True,,121,25,500,0.05,0.01,0.8,0.01
certified,robustness,0.33,0.492,0.49389542205106285,25,7,18,7,8,1.0,0.4444444444444444,True,,122,25,500,0.05,0.01,0.8,0.01
certified,robustness,0.39,0.492,0.49216592412852833,25,9,16,9,6,1.0,0.375,True,,123,25,500,0.05,0.01,0.8,0.01
certified,robustness,0.5,0.492,0.4956023008180176,25,9,16,8,6,0.8888888888888888,0.375,True,,124,25,500,0.05,0.01,0.8,0.01
certified,robustness,0.6,0.492,0.4939409272118177,25,7,18,6,6,0.8571428571428571,0.3333333333333333,True,,125,25,500,0.05,0.01,0.8,0.01
certified,robustness,0.49,0.492,0.4967771538820497,25,8,17,7,7,0.875,0.4117647058823529,True,,126,25,500,0.05,0.01,0.8,0.01
certified,robustness,0.43,0.492,0.4937007616713314,25,9,16,9,5,1.0,0.3125,True,,127,25,500,0.05,0.01,0.8,0.01
not_certified,robustness,,0.492,0.4696779348335156,25,5,20,4,7,0.8,0.35,True,,128,25,500,0.05,0.01,0.8,0.01
certified,robustness,0.42,0.492,0.4951510379627224,25,8,17,7,8,0.875,0.47058823529411764,True,,129,25,500,0.05,0.01,0.8,0.01
certified,robustness,0.31,0.492,0.4928192344208572,25,8,17,8,8,1.0,0.47058823529411764,True,,130,25,500,0.05,0.01,0.8,0.01
certified,robustness,0.29,0.492,0.4959451389895906,25,4,21,4,10,1.0,0.47619047619047616,True,,131,25,500,0.05,0.01,0.8,0.01
certified,robustness,0.42,0.492,0.4952445798855989,25,6,19,6,6,1.0,0.3157894736842105,True,,132,25,500,0.05,0.01,0.8,0.01
certified,robustness,0.6,0.492,0.4939409272118177,25,7,18,6,6,0.8571428571428571,0.3333333333333333,True,,133,25,500,0.05,0.01,0.8,0.01
certified,robustness,0.43,0.492,0.4937007616713314,25,9,16,9,5,1.0,0.3125,True,,134,25,500,0.05,0.01,0.8,0.01
certified,robustness,0.55,0.492,0.49547550807528684,25,7,18,6,7,0.8571428571428571,0.3888888888888889,True,,135,25,500,0.05,0.01,0.8,0.01
certified,robustness,0.46,0.492,0.492290283128893,25,9,16,9,4,1.0,0.25,True,,136,25,500,0.05,0.01,0.8,0.01
certified,robustness,0.48,0.492,0.4993405486804769,25,5,20,5,4,1.0,0.2,True,,137,25,500,0.05,0.01,0.8,0.01
certified,robustness,0.41,0.492,0.5002140005070413,25,8,17,8,6,1.0,0.35294117647058826,True,,138,25,500,0.05,0.01,0.8,0.01
certified,robustness,0.39,0.492,0.49807204916851,25,6,19,6,7,1.0,0.3684210526315789,True,,139,25,500,0.05,0.01,0.8,0.01
certified,robustness,0.49,0.492,0.4967771538820497,25,8,17,7,7,0.875,0.4117647058823529,True,,140,25,500,0.05,0.01,0.8,0.01
certified,robustness,0.65,0.492,0.4965248921565327,25,7,18,6,5,0.8571428571428571,0.2777777777777778,True,,141,25,500,0.05,0.01,0.8,0.01
not_certified,robustness,,0.492,0.3776788278936636,25,4,21,3,7,0.75,0.3333333333333333,True,,142,25,500,0.05,0.01,0.8,0.01
certified,robustness,0.55,0.492,0.49684867435352886,25,9,16,8,5,0.8888888888888888,0.3125,True,,143,25,500,0.05,0.01,0.8,0.01
certified,robustness,0.36,0.492,0.49525958701751566,25,5,20,5,8,1.0,0.4,True,,144,25,500,0.05,0.01,0.8,0.01
certified,robustness,0.5,0.492,0.4930173369069377,25,6,19,5,9,0.8333333333333334,0.47368421052631576,True,,145,25,500,0.05,0.01,0.8,0.01
certified,robustness,0.38,0.492,0.4986174992486053,25,7,18,7,7,1.0,0.3888888888888889,True,,146,25,500,0.05,0.01,0.8,0.01
not_certified,robustness,,0.492,0.4795856370377778,25,5,20,4,8,0.8,0.4,True,,147,25,500,0.05,0.01,0.8,0.01
certified,robustness,0.43,0.492,0.4937007616713314,25,9,16,9,5,1.0,0.3125,True,,148,25,500,0.05,0.01,0.8,0.01
certified,robustness,0.54,0.492,0.49438466579619333,25,8,17,7,6,0.875,0.35294117647058826,True,,149,25,500,0.05,0.01,0.8,0.01
certified,robustness,0.33,0.492,0.49389542205106285,25,7,18,7,8,1.0,0.4444444444444444,True,,150,25,500,0.05,0.01,0.8,0.01
certified,robustness,0.54,0.492,0.49438466579619333,25,8,17,7,6,0.875,0.35294117647058826,True,,151,25,500,0.05,0.01,0.8,0.01
certified,robustness,0.41,0.492,0.493007693940917,25,7,18,7,6,1.0,0.3333333333333333,True,,152,25,500,0.05,0.01,0.8,0.01
certified,robustness,0.39,0.492,0.49807204916851,25,6,19,6,7,1.0,0.3684210526315789,True,,153,25,500,0.05,0.01,0.8,0.01
certified,robustness,0.38,0.492,0.4986174992486053,25,7,18,7,7,1.0,0.3888888888888889,True,,154,25,500,0.05,0.01,0.8,0.01
certified,robustness,0.48,0.492,0.49360205811851865,25,7,18,6,8,0.8571428571428571,0.4444444444444444,True,,155,25,500,0.05,0.01,0.8,0.01
certified,robustness,0.59,0.492,0.4965460948275442,25,8,17,7,5,0.875,0.29411764705882354,True,,156,25,500,0.05,0.01,0.8,0.01
certified,robustness,0.41,0.492,0.5002140005070413,25,8,17,8,6,1.0,0.35294117647058826,True,,157,25,500,0.05,0.01,0.8,0.01
certified,robustness,0.44,0.492,0.4967464241127555,25,8,17,8,5,1.0,0.29411764705882354,True,,158,25,500,0.05,0.01,0.8,0.01
certified,robustness,0.38,0.492,0.4986174992486053,25,7,18,7,7,1.0,0.3888888888888889,True,,159,25,500,0.05,0.01,0.8,0.01
certified,robustness,0.47,0.492,0.492332953829168,25,6,19,6,4,1.0,0.21052631578947367,True,,160,25,500,0.05,0.01,0.8,0.01
certified,robustness,0.38,0.492,0.4986174992486053,25,7,18,7,7,1.0,0.3888888888888889,True,,161,25,500,0.05,0.01,0.8,0.01
certified,robustness,0.59,0.492,0.49682706627826256,25,9,16,8,4,0.8888888888888888,0.25,True,,162,25,500,0.05,0.01,0.8,0.01
not_certified,robustness,,0.492,0.3776788278936636,25,4,21,3,7,0.75,0.3333333333333333,True,,163,25,500,0.05,0.01,0.8,0.01
certified,robustness,0.55,0.492,0.49547550807528684,25,7,18,6,7,0.8571428571428571,0.3888888888888889,True,,164,25,500,0.05,0.01,0.8,0.01
not_certified,robustness,,0.492,0.4696779348335156,25,5,20,4,7,0.8,0.35,True,,165,25,500,0.05,0.01,0.8,0.01
certified,robustness,0.59,0.492,0.4965460948275442,25,8,17,7,5,0.875,0.29411764705882354,True,,166,25,500,0.05,0.01,0.8,0.01
certified,robustness,0.44,0.492,0.49451090602308834,25,9,16,8,7,0.8888888888888888,0.4375,True,,167,25,500,0.05,0.01,0.8,0.01
certified,robustness,0.47,0.492,0.498020476864739,25,8,17,8,4,1.0,0.23529411764705882,True,,168,25,500,0.05,0.01,0.8,0.01
certified,robustness,0.43,0.492,0.4937007616713314,25,9,16,9,5,1.0,0.3125,True,,169,25,500,0.05,0.01,0.8,0.01
not_certified,robustness,,0.492,0.4500384609467137,25,5,20,4,5,0.8,0.25,True,,170,25,500,0.05,0.01,0.8,0.01
certified,robustness,0.48,0.492,0.49360205811851865,25,7,18,6,8,0.8571428571428571,0.4444444444444444,True,,171,25,500,0.05,0.01,0.8,0.01
not_certified,robustness,,0.492,0.3776788278936636,25,4,21,3,7,0.75,0.3333333333333333,True,,172,25,500,0.05,0.01,0.8,0.01
certified,robustness,0.65,0.492,0.4965248921565327,25,7,18,6,5,0.8571428571428571,0.2777777777777778,True,,173,25,500,0.05,0.01,0.8,0.01
certified,robustness,0.44,0.492,0.4967464241127555,25,8,17,8,5,1.0,0.29411764705882354,True,,174,25,500,0.05,0.01,0.8,0.01
certified,robustness,0.4,0.492,0.49879524281767745,25,5,20,5,7,1.0,0.35,True,,175,25,500,0.05,0.01,0.8,0.01
certified,robustness,0.47,0.492,0.492332953829168,25,6,19,6,4,1.0,0.21052631578947367,True,,176,25,500,0.05,0.01,0.8,0.01
certified,robustness,0.35,0.492,0.4971277608218583,25,9,16,9,7,1.0,0.4375,True,,177,25,500,0.05,0.01,0.8,0.01
certified,robustness,0.36,0.492,0.49525958701751566,25,5,20,5,8,1.0,0.4,True,,178,25,500,0.05,0.01,0.8,0.01
certified,robustness,0.65,0.492,0.4965248921565327,25,7,18,6,5,0.8571428571428571,0.2777777777777778,True,,179,25,500,0.05,0.01,0.8,0.01
certified,robustness,0.38,0.492,0.4986174992486053,25,7,18,7,7,1.0,0.3888888888888889,True,,180,25,500,0.05,0.01,0.8,0.01
certified,robustness,0.65,0.492,0.4965248921565327,25,7,18,6,5,0.8571428571428571,0.2777777777777778,True,,181,25,500,0.05,0.01,0.8,0.01
certified,robustness,0.5,0.492,0.4930173369069377,25,6,19,5,9,0.8333333333333334,0.47368421052631576,True,,182,25,500,0.05,0.01,0.8,0.01
certified,robustness,0.65,0.492,0.4965248921565327,25,7,18,6,5,0.8571428571428571,0.2777777777777778,True,,183,25,500,0.05,0.01,0.8,0.01
certified,robustness,0.38,0.492,0.4986174992486053,25,7,18,7,7,1.0,0.3888888888888889,True,,184,25,500,0.05,0.01,0.8,0.01
certified,robustness,0.59,0.492,0.4965460948275442,25,8,17,7,5,0.875,0.29411764705882354,True,,185,25,500,0.05,0.01,0.8,0.01
certified,robustness,0.3,0.492,0.494997819160831,25,6,19,6,9,1.0,0.47368421052631576,True,,186,25,500,0.05,0.01,0.8,0.01
certified,robustness,0.47,0.492,0.498020476864739,25,8,17,8,4,1.0,0.23529411764705882,True,,187,25,500,0.05,0.01,0.8,0.01
certified,robustness,0.65,0.492,0.4965248921565327,25,7,18,6,5,0.8571428571428571,0.2777777777777778,True,,188,25,500,0.05,0.01,0.8,0.01
certified,robustness,0.47,0.492,0.4949951051135935,25,7,18,7,4,1.0,0.2222222222222222,True,,189,25,500,0.05,0.01,0.8,0.01
certified,robustness,0.36,0.492,0.4929169882548909,25,8,17,8,7,1.0,0.4117647058823529,True,,190,25,500,0.05,0.01,0.8,0.01
certified,robustness,0.63,0.492,0.49741599014057725,25,8,17,7,4,0.875,0.23529411764705882,True,,191,25,500,0.05,0.01,0.8,0.01
certified,robustness,0.4,0.492,0.4922712059658907,25,4,21,4,7,1.0,0.3333333333333333,True,,192,25,500,0.05,0.01,0.8,0.01
certified,robustness,0.59,0.492,0.49682706627826256,25,9,16,8,4,0.8888888888888888,0.25,True,,193,25,500,0.05,0.01,0.8,0.01
certified,robustness,0.44,0.492,0.4967464241127555,25,8,17,8,5,1.0,0.29411764705882354,True,,194,25,500,0.05,0.01,0.8,0.01
certified,robustness,0.35,0.492,0.4974475114424653,25,6,19,6,8,1.0,0.42105263157894735,True,,195,25,500,0.05,0.01,0.8,0.01
certified,robustness,0.41,0.492,0.5002140005070413,25,8,17,8,6,1.0,0.35294117647058826,True,,196,25,500,0.05,0.01,0.8,0.01
certified,robustness,0.6,0.492,0.4939409272118177,25,7,18,6,6,0.8571428571428571,0.3333333333333333,True,,197,25,500,0.05,0.01,0.8,0.01
certified,robustness,0.75,0.492,0.4955717468045744,25,6,19,5,5,0.8333333333333334,0.2631578947368421,True,,198,25,500,0.05,0.01,0.8,0.01
certified,robustness,0.65,0.492,0.4925280110852246,25,6,19,5,7,0.8333333333333334,0.3684210526315789,True,,199,25,500,0.05,0.01,0.8,0.01
certified,robustness,0.6,0.492,0.4939409272118177,25,7,18,6,6,0.8571428571428571,0.3333333333333333,True,,200,25,500,0.05,0.01,0.8,0.01
certified,robustness,0.54,0.492,0.49438466579619333,25,8,17,7,6,0.875,0.35294117647058826,True,,201,25,500,0.05,0.01,0.8,0.01
certified,robustness,0.36,0.492,0.49525958701751566,25,5,20,5,8,1.0,0.4,True,,202,25,500,0.05,0.01,0.8,0.01
certified,robustness,0.55,0.492,0.49547550807528684,25,7,18,6,7,0.8571428571428571,0.3888888888888889,True,,203,25,500,0.05,0.01,0.8,0.01
certified,robustness,0.75,0.492,0.4955717468045744,25,6,19,5,5,0.8333333333333334,0.2631578947368421,True,,204,25,500,0.05,0.01,0.8,0.01
certified,robustness,0.59,0.492,0.4965460948275442,25,8,17,7,5,0.875,0.29411764705882354,True,,205,25,500,0.05,0.01,0.8,0.01
certified,robustness,0.41,0.492,0.493007693940917,25,7,18,7,6,1.0,0.3333333333333333,True,,206,25,500,0.05,0.01,0.8,0.01
certified,robustness,0.75,0.492,0.4955717468045744,25,6,19,5,5,0.8333333333333334,0.2631578947368421,True,,207,25,500,0.05,0.01,0.8,0.01
not_certified,robustness,,0.492,0.4696779348335156,25,5,20,4,7,0.8,0.35,True,,208,25,500,0.05,0.01,0.8,0.01
certified,robustness,0.41,0.492,0.5002140005070413,25,8,17,8,6,1.0,0.35294117647058826,True,,209,25,500,0.05,0.01,0.8,0.01
certified,robustness,0.43,0.492,0.498396883838886,25,5,20,5,6,1.0,0.3,True,,210,25,500,0.05,0.01,0.8,0.01
certified,robustness,0.46,0.492,0.49202628927325986,25,10,15,9,6,0.9,0.4,True,,211,25,500,0.05,0.01,0.8,0.01
certified,robustness,0.59,0.492,0.4965460948275442,25,8,17,7,5,0.875,0.29411764705882354,True,,212,25,500,0.05,0.01,0.8,0.01
certified,robustness,0.59,0.492,0.4965460948275442,25,8,17,7,5,0.875,0.29411764705882354,True,,213,25,500,0.05,0.01,0.8,0.01
certified,robustness,0.75,0.492,0.4955717468045744,25,6,19,5,5,0.8333333333333334,0.2631578947368421,True,,214,25,500,0.05,0.01,0.8,0.01
certified,robustness,0.6,0.492,0.4939409272118177,25,7,18,6,6,0.8571428571428571,0.3333333333333333,True,,215,25,500,0.05,0.01,0.8,0.01
certified,robustness,0.4,0.492,0.49879524281767745,25,5,20,5,7,1.0,0.35,True,,216,25,500,0.05,0.01,0.8,0.01
not_certified,robustness,,0.492,0.4500384609467137,25,5,20,4,5,0.8,0.25,True,,217,25,500,0.05,0.01,0.8,0.01
certified,robustness,0.38,0.492,0.4986174992486053,25,7,18,7,7,1.0,0.3888888888888889,True,,218,25,500,0.05,0.01,0.8,0.01
certified,robustness,0.42,0.492,0.4951510379627224,25,8,17,7,8,0.875,0.47058823529411764,True,,219,25,500,0.05,0.01,0.8,0.01
certified,robustness,0.47,0.492,0.492332953829168,25,6,19,6,4,1.0,0.21052631578947367,True,,220,25,500,0.05,0.01,0.8,0.01
certified,robustness,0.45,0.492,0.5007125443363438,25,7,18,7,5,1.0,0.2777777777777778,True,,221,25,500,0.05,0.01,0.8,0.01
certified,robustness,0.55,0.492,0.49547550807528684,25,7,18,6,7,0.8571428571428571,0.3888888888888889,True,,222,25,500,0.05,0.01,0.8,0.01
certified,robustness,0.35,0.492,0.4971277608218583,25,9,16,9,7,1.0,0.4375,True,,223,25,500,0.05,0.01,0.8,0.01
certified,robustness,0.33,0.492,0.49389542205106285,25,7,18,7,8,1.0,0.4444444444444444,True,,224,25,500,0.05,0.01,0.8,0.01
certified,robustness,0.47,0.492,0.498020476864739,25,8,17,8,4,1.0,0.23529411764705882,True,,225,25,500,0.05,0.01,0.8,0.01
certified,robustness,0.65,0.492,0.4965248921565327,25,7,18,6,5,0.8571428571428571,0.2777777777777778,True,,226,25,500,0.05,0.01,0.8,0.01
certified,robustness,0.65,0.492,0.4965248921565327,25,7,18,6,5,0.8571428571428571,0.2777777777777778,True,,227,25,500,0.05,0.01,0.8,0.01
certified,robustness,0.45,0.492,0.4927155327479466,25,5,20,5,5,1.0,0.25,True,,228,25,500,0.05,0.01,0.8,0.01
certified,robustness,0.44,0.492,0.49451090602308834,25,9,16,8,7,0.8888888888888888,0.4375,True,,229,25,500,0.05,0.01,0.8,0.01
certified,robustness,0.71,0.492,0.4952840938120908,25,6,19,5,6,0.8333333333333334,0.3157894736842105,True,,230,25,500,0.05,0.01,0.8,0.01
certified,robustness,0.68,0.492,0.49344130909645173,25,7,18,6,4,0.8571428571428571,0.2222222222222222,True,,231,25,500,0.05,0.01,0.8,0.01
certified,robustness,0.42,0.492,0.4951510379627224,25,8,17,7,8,0.875,0.47058823529411764,True,,232,25,500,0.05,0.01,0.8,0.01
certified,robustness,0.39,0.492,0.49216592412852833,25,9,16,9,6,1.0,0.375,True,,233,25,500,0.05,0.01,0.8,0.01
certified,robustness,0.49,0.492,0.49460986302366994,25,11,14,10,5,0.9090909090909091,0.35714285714285715,True,,234,25,500,0.05,0.01,0.8,0.01
certified,robustness,0.46,0.492,0.492290283128893,25,9,16,9,4,1.0,0.25,True,,235,25,500,0.05,0.01,0.8,0.01
certified,robustness,0.35,0.492,0.4974475114424653,25,6,19,6,8,1.0,0.42105263157894735,True,,236,25,500,0.05,0.01,0.8,0.01
certified,robustness,0.4,0.492,0.49842668146464925,25,1,24,1,8,1.0,0.3333333333333333,True,,237,25,500,0.05,0.01,0.8,0.01
certified,robustness,0.41,0.492,0.493007693940917,25,7,18,7,6,1.0,0.3333333333333333,True,,238,25,500,0.05,0.01,0.8,0.01
certified,robustness,0.42,0.492,0.4952445798855989,25,6,19,6,6,1.0,0.3157894736842105,True,,239,25,500,0.05,0.01,0.8,0.01
certified,robustness,0.32,0.492,0.4965839033801512,25,5,20,5,9,1.0,0.45,True,,240,25,500,0.05,0.01,0.8,0.01
certified,robustness,0.63,0.492,0.49741599014057725,25,8,17,7,4,0.875,0.23529411764705882,True,,241,25,500,0.05,0.01,0.8,0.01
certified,robustness,0.33,0.492,0.49389542205106285,25,7,18,7,8,1.0,0.4444444444444444,True,,242,25,500,0.05,0.01,0.8,0.01
certified,robustness,0.78,0.492,0.4953362214433735,25,6,19,5,4,0.8333333333333334,0.21052631578947367,True,,243,25,500,0.05,0.01,0.8,0.01
certified,robustness,0.65,0.492,0.4925280110852246,25,6,19,5,7,0.8333333333333334,0.3684210526315789,True,,244,25,500,0.05,0.01,0.8,0.01
certified,robustness,0.47,0.492,0.4949951051135935,25,7,18,7,4,1.0,0.2222222222222222,True,,245,25,500,0.05,0.01,0.8,0.01
not_certified,robustness,,0.492,0.4696779348335156,25,5,20,4,7,0.8,0.35,True,,246,25,500,0.05,0.01,0.8,0.01
certified,robustness,0.49,0.492,0.49460986302366994,25,11,14,10,5,0.9090909090909091,0.35714285714285715,True,,247,25,500,0.05,0.01,0.8,0.01
certified,robustness,0.37,0.492,0.4984693809833931,25,11,14,11,6,1.0,0.42857142857142855,True,,248,25,500,0.05,0.01,0.8,0.01
certified,robustness,0.65,0.492,0.4925280110852246,25,6,19,5,7,0.8333333333333334,0.3684210526315789,True,,249,25,500,0.05,0.01,0.8,0.01
certified,robustness,0.41,0.492,0.5002140005070413,25,8,17,8,6,1.0,0.35294117647058826,True,,250,25,500,0.05,0.01,0.8,0.01
certified,robustness,0.37,0.492,0.4944738503343525,25,4,21,4,8,1.0,0.38095238095238093,True,,251,25,500,0.05,0.01,0.8,0.01
not_certified,robustness,,0.492,0.4795856370377778,25,5,20,4,8,0.8,0.4,True,,252,25,500,0.05,0.01,0.8,0.01
certified,robustness,0.54,0.492,0.4976598291540356,25,11,14,10,4,0.9090909090909091,0.2857142857142857,True,,253,25,500,0.05,0.01,0.8,0.01
certified,robustness,0.39,0.492,0.49216592412852833,25,9,16,9,6,1.0,0.375,True,,254,25,500,0.05,0.01,0.8,0.01
certified,robustness,0.33,0.492,0.49389542205106285,25,7,18,7,8,1.0,0.4444444444444444,True,,255,25,500,0.05,0.01,0.8,0.01
certified,robustness,0.28,0.492,0.4960325477993927,25,7,18,7,9,1.0,0.5,True,,256,25,500,0.05,0.01,0.8,0.01
certified,robustness,0.45,0.492,0.4927155327479466,25,5,20,5,5,1.0,0.25,True,,257,25,500,0.05,0.01,0.8,0.01
certified,robustness,0.43,0.492,0.498396883838886,25,5,20,5,6,1.0,0.3,True,,258,25,500,0.05,0.01,0.8,0.01
not_certified,robustness,,0.492,0.36828792434019564,25,4,21,3,6,0.75,0.2857142857142857,True,,259,25,500,0.05,0.01,0.8,0.01
certified,robustness,0.31,0.492,0.4928192344208572,25,8,17,8,8,1.0,0.47058823529411764,True,,260,25,500,0.05,0.01,0.8,0.01
certified,robustness,0.49,0.492,0.49282816925740935,25,7,18,7,3,1.0,0.16666666666666666,True,,261,25,500,0.05,0.01,0.8,0.01
certified,robustness,0.59,0.492,0.4944669551331522,25,6,19,5,8,0.8333333333333334,0.42105263157894735,True,,262,25,500,0.05,0.01,0.8,0.01
certified,robustness,0.55,0.492,0.49547550807528684,25,7,18,6,7,0.8571428571428571,0.3888888888888889,True,,263,25,500,0.05,0.01,0.8,0.01
certified,robustness,0.33,0.492,0.49389542205106285,25,7,18,7,8,1.0,0.4444444444444444,True,,264,25,500,0.05,0.01,0.8,0.01
certified,robustness,0.35,0.492,0.4974475114424653,25,6,19,6,8,1.0,0.42105263157894735,True,,265,25,500,0.05,0.01,0.8,0.01
certified,robustness,0.55,0.492,0.49684867435352886,25,9,16,8,5,0.8888888888888888,0.3125,True,,266,25,500,0.05,0.01,0.8,0.01
certified,robustness,0.35,0.492,0.4971277608218583,25,9,16,9,7,1.0,0.4375,True,,267,25,500,0.05,0.01,0.8,0.01
certified,robustness,0.41,0.492,0.5002140005070413,25,8,17,8,6,1.0,0.35294117647058826,True,,268,25,500,0.05,0.01,0.8,0.01
certified,robustness,0.41,0.492,0.5002140005070413,25,8,17,8,6,1.0,0.35294117647058826,True,,269,25,500,0.05,0.01,0.8,0.01
certified,robustness,0.71,0.492,0.4952840938120908,25,6,19,5,6,0.8333333333333334,0.3157894736842105,True,,270,25,500,0.05,0.01,0.8,0.01
certified,robustness,0.43,0.492,0.498396883838886,25,5,20,5,6,1.0,0.3,True,,271,25,500,0.05,0.01,0.8,0.01
certified,robustness,0.41,0.492,0.5002140005070413,25,8,17,8,6,1.0,0.35294117647058826,True,,272,25,500,0.05,0.01,0.8,0.01
certified,robustness,0.46,0.492,0.49202628927325986,25,10,15,9,6,0.9,0.4,True,,273,25,500,0.05,0.01,0.8,0.01
certified,robustness,0.35,0.492,0.4974475114424653,25,6,19,6,8,1.0,0.42105263157894735,True,,274,25,500,0.05,0.01,0.8,0.01
certified,robustness,0.38,0.492,0.4986174992486053,25,7,18,7,7,1.0,0.3888888888888889,True,,275,25,500,0.05,0.01,0.8,0.01
certified,robustness,0.44,0.492,0.49451090602308834,25,9,16,8,7,0.8888888888888888,0.4375,True,,276,25,500,0.05,0.01,0.8,0.01
certified,robustness,0.59,0.492,0.4965460948275442,25,8,17,7,5,0.875,0.29411764705882354,True,,277,25,500,0.05,0.01,0.8,0.01
certified,robustness,0.41,0.492,0.5002140005070413,25,8,17,8,6,1.0,0.35294117647058826,True,,278,25,500,0.05,0.01,0.8,0.01
certified,robustness,0.45,0.492,0.4927155327479466,25,5,20,5,5,1.0,0.25,True,,279,25,500,0.05,0.01,0.8,0.01
certified,robustness,0.78,0.492,0.4953362214433735,25,6,19,5,4,0.8333333333333334,0.21052631578947367,True,,280,25,500,0.05,0.01,0.8,0.01
certified,robustness,0.49,0.492,0.49812118425065705,25,10,15,10,3,1.0,0.2,True,,281,25,500,0.05,0.01,0.8,0.01
certified,robustness,0.42,0.492,0.4951510379627224,25,8,17,7,8,0.875,0.47058823529411764,True,,282,25,500,0.05,0.01,0.8,0.01
certified,robustness,0.49,0.492,0.4943612458298002,25,8,17,8,3,1.0,0.17647058823529413,True,,283,25,500,0.05,0.01,0.8,0.01
certified,robustness,0.4,0.492,0.49879524281767745,25,5,20,5,7,1.0,0.35,True,,284,25,500,0.05,0.01,0.8,0.01
not_certified,robustness,,0.492,0.38711191142255,25,4,21,3,8,0.75,0.38095238095238093,True,,285,25,500,0.05,0.01,0.8,0.01
certified,robustness,0.5,0.492,0.4956023008180176,25,9,16,8,6,0.8888888888888888,0.375,True,,286,25,500,0.05,0.01,0.8,0.01
certified,robustness,0.35,0.492,0.4974475114424653,25,6,19,6,8,1.0,0.42105263157894735,True,,287,25,500,0.05,0.01,0.8,0.01
certified,robustness,0.42,0.492,0.4951510379627224,25,8,17,7,8,0.875,0.47058823529411764,True,,288,25,500,0.05,0.01,0.8,0.01
certified,robustness,0.36,0.492,0.4929169882548909,25,8,17,8,7,1.0,0.4117647058823529,True,,289,25,500,0.05,0.01,0.8,0.01
certified,robustness,0.66,0.492,0.4959480258388174,25,8,17,7,3,0.875,0.17647058823529413,True,,290,25,500,0.05,0.01,0.8,0.01
not_certified,robustness,,0.492,0.4696779348335156,25,5,20,4,7,0.8,0.35,True,,291,25,500,0.05,0.01,0.8,0.01
certified,robustness,0.6,0.492,0.4939409272118177,25,7,18,6,6,0.8571428571428571,0.3333333333333333,True,,292,25,500,0.05,0.01,0.8,0.01
certified,robustness,0.65,0.492,0.4925280110852246,25,6,19,5,7,0.8333333333333334,0.3684210526315789,True,,293,25,500,0.05,0.01,0.8,0.01
certified,robustness,0.4,0.492,0.4922712059658907,25,4,21,4,7,1.0,0.3333333333333333,True,,294,25,500,0.05,0.01,0.8,0.01
certified,robustness,0.65,0.492,0.4965248921565327,25,7,18,6,5,0.8571428571428571,0.2777777777777778,True,,295,25,500,0.05,0.01,0.8,0.01
certified,robustness,0.75,0.492,0.4955717468045744,25,6,19,5,5,0.8333333333333334,0.2631578947368421,True,,296,25,500,0.05,0.01,0.8,0.01
certified,robustness,0.71,0.492,0.4952840938120908,25,6,19,5,6,0.8333333333333334,0.3157894736842105,True,,297,25,500,0.05,0.01,0.8,0.01
certified,robustness,0.42,0.492,0.4952445798855989,25,6,19,6,6,1.0,0.3157894736842105,True,,298,25,500,0.05,0.01,0.8,0.01
certified,robustness,0.59,0.492,0.49682706627826256,25,9,16,8,4,0.8888888888888888,0.25,True,,299,25,500,0.05,0.01,0.8,0.01
certified,robustness,0.35,0.492,0.4974475114424653,25,6,19,6,8,1.0,0.42105263157894735,True,,300,25,500,0.05,0.01,0.8,0.01
certified,robustness,0.32,0.492,0.4965839033801512,25,5,20,5,9,1.0,0.45,True,,301,25,500,0.05,0.01,0.8,0.01
certified,robustness,0.75,0.492,0.4955717468045744,25,6,19,5,5,0.8333333333333334,0.2631578947368421,True,,302,25,500,0.05,0.01,0.8,0.01
certified,robustness,0.59,0.492,0.49682706627826256,25,9,16,8,4,0.8888888888888888,0.25,True,,303,25,500,0.05,0.01,0.8,0.01
certified,robustness,0.78,0.492,0.4953362214433735,25,6,19,5,4,0.8333333333333334,0.21052631578947367,True,,304,25,500,0.05,0.01,0.8,0.01
certified,robustness,0.69,0.492,0.49723496044107474,25,8,17,7,2,0.875,0.11764705882352941,True,,305,25,500,0.05,0.01,0.8,0.01
certified,robustness,0.38,0.492,0.49419308336557355,25,10,15,10,6,1.0,0.4,True,,306,25,500,0.05,0.01,0.8,0.01
certified,robustness,0.47,0.492,0.498020476864739,25,8,17,8,4,1.0,0.23529411764705882,True,,307,25,500,0.05,0.01,0.8,0.01
not_certified,robustness,,0.492,0.4500384609467137,25,5,20,4,5,0.8,0.25,True,,308,25,500,0.05,0.01,0.8,0.01
certified,robustness,0.41,0.492,0.49482836374336775,25,3,22,3,7,1.0,0.3181818181818182,True,,309,25,500,0.05,0.01,0.8,0.01
certified,robustness,0.4,0.492,0.49338331514402545,25,7,18,6,9,0.8571428571428571,0.5,True,,310,25,500,0.05,0.01,0.8,0.01
certified,robustness,0.42,0.492,0.4952445798855989,25,6,19,6,6,1.0,0.3157894736842105,True,,311,25,500,0.05,0.01,0.8,0.01
certified,robustness,0.4,0.492,0.49879524281767745,25,5,20,5,7,1.0,0.35,True,,312,25,500,0.05,0.01,0.8,0.01
certified,robustness,0.36,0.492,0.49525958701751566,25,5,20,5,8,1.0,0.4,True,,313,25,500,0.05,0.01,0.8,0.01
certified,robustness,0.78,0.492,0.4953362214433735,25,6,19,5,4,0.8333333333333334,0.21052631578947367,True,,314,25,500,0.05,0.01,0.8,0.01
certified,robustness,0.45,0.492,0.49646823440028737,25,6,19,6,5,1.0,0.2631578947368421,True,,315,25,500,0.05,0.01,0.8,0.01
certified,robustness,0.43,0.492,0.49361657209485993,25,4,21,4,6,1.0,0.2857142857142857,True,,316,25,500,0.05,0.01,0.8,0.01
certified,robustness,0.39,0.492,0.49216592412852833,25,9,16,9,6,1.0,0.375,True,,317,25,500,0.05,0.01,0.8,0.01
certified,robustness,0.38,0.492,0.4986174992486053,25,7,18,7,7,1.0,0.3888888888888889,True,,318,25,500,0.05,0.01,0.8,0.01
certified,robustness,0.42,0.492,0.4952445798855989,25,6,19,6,6,1.0,0.3157894736842105,True,,319,25,500,0.05,0.01,0.8,0.01
certified,robustness,0.54,0.492,0.49438466579619333,25,8,17,7,6,0.875,0.35294117647058826,True,,320,25,500,0.05,0.01,0.8,0.01
certified,robustness,0.47,0.492,0.4949951051135935,25,7,18,7,4,1.0,0.2222222222222222,True,,321,25,500,0.05,0.01,0.8,0.01
certified,robustness,0.65,0.492,0.4965248921565327,25,7,18,6,5,0.8571428571428571,0.2777777777777778,True,,322,25,500,0.05,0.01,0.8,0.01
certified,robustness,0.35,0.492,0.4971277608218583,25,9,16,9,7,1.0,0.4375,True,,323,25,500,0.05,0.01,0.8,0.01
certified,robustness,0.56,0.492,0.495882353796407,25,10,15,9,4,0.9,0.26666666666666666,True,,324,25,500,0.05,0.01,0.8,0.01
certified,robustness,0.33,0.492,0.49389542205106285,25,7,18,7,8,1.0,0.4444444444444444,True,,325,25,500,0.05,0.01,0.8,0.01
certified,robustness,0.43,0.492,0.5004277015026096,25,10,15,10,5,1.0,0.3333333333333333,True,,326,25,500,0.05,0.01,0.8,0.01
certified,robustness,0.6,0.492,0.4939409272118177,25,7,18,6,6,0.8571428571428571,0.3333333333333333,True,,327,25,500,0.05,0.01,0.8,0.01
certified,robustness,0.31,0.492,0.4928192344208572,25,8,17,8,8,1.0,0.47058823529411764,True,,328,25,500,0.05,0.01,0.8,0.01
certified,robustness,0.32,0.492,0.4942012769604269,25,10,15,9,8,0.9,0.5333333333333333,True,,329,25,500,0.05,0.01,0.8,0.01
certified,robustness,0.38,0.492,0.4986174992486053,25,7,18,7,7,1.0,0.3888888888888889,True,,330,25,500,0.05,0.01,0.8,0.01
certified,robustness,0.78,0.492,0.4953362214433735,25,6,19,5,4,0.8333333333333334,0.21052631578947367,True,,331,25,500,0.05,0.01,0.8,0.01
certified,robustness,0.45,0.492,0.4927155327479466,25,5,20,5,5,1.0,0.25,True,,332,25,500,0.05,0.01,0.8,0.01
certified,robustness,0.66,0.492,0.4959480258388174,25,8,17,7,3,0.875,0.17647058823529413,True,,333,25,500,0.05,0.01,0.8,0.01
certified,robustness,0.55,0.492,0.49547550807528684,25,7,18,6,7,0.8571428571428571,0.3888888888888889,True,,334,25,500,0.05,0.01,0.8,0.01
certified,robustness,0.6,0.492,0.4939409272118177,25,7,18,6,6,0.8571428571428571,0.3333333333333333,True,,335,25,500,0.05,0.01,0.8,0.01
certified,robustness,0.52,0.492,0.4972970976386668,25,10,15,9,5,0.9,0.3333333333333333,True,,336,25,500,0.05,0.01,0.8,0.01
certified,robustness,0.65,0.492,0.4925280110852246,25,6,19,5,7,0.8333333333333334,0.3684210526315789,True,,337,25,500,0.05,0.01,0.8,0.01
not_certified,robustness,,0.492,0.4696779348335156,25,5,20,4,7,0.8,0.35,True,,338,25,500,0.05,0.01,0.8,0.01
certified,robustness,0.41,0.492,0.5002140005070413,25,8,17,8,6,1.0,0.35294117647058826,True,,339,25,500,0.05,0.01,0.8,0.01
not_certified,robustness,,0.492,0.4696779348335156,25,5,20,4,7,0.8,0.35,True,,340,25,500,0.05,0.01,0.8,0.01
certified,robustness,0.54,0.492,0.49438466579619333,25,8,17,7,6,0.875,0.35294117647058826,True,,341,25,500,0.05,0.01,0.8,0.01
certified,robustness,0.36,0.492,0.49525958701751566,25,5,20,5,8,1.0,0.4,True,,342,25,500,0.05,0.01,0.8,0.01
certified,robustness,0.39,0.492,0.49807204916851,25,6,19,6,7,1.0,0.3684210526315789,True,,343,25,500,0.05,0.01,0.8,0.01
certified,robustness,0.65,0.492,0.4925280110852246,25,6,19,5,7,0.8333333333333334,0.3684210526315789,True,,344,25,500,0.05,0.01,0.8,0.01
certified,robustness,0.49,0.492,0.4943612458298002,25,8,17,8,3,1.0,0.17647058823529413,True,,345,25,500,0.05,0.01,0.8,0.01
certified,robustness,0.49,0.492,0.4967771538820497,25,8,17,7,7,0.875,0.4117647058823529,True,,346,25,500,0.05,0.01,0.8,0.01
certified,robustness,0.6,0.492,0.4939409272118177,25,7,18,6,6,0.8571428571428571,0.3333333333333333,True,,347,25,500,0.05,0.01,0.8,0.01
certified,robustness,0.51,0.492,0.4953162543519931,25,9,16,9,2,1.0,0.125,True,,348,25,500,0.05,0.01,0.8,0.01
certified,robustness,0.32,0.492,0.4965839033801512,25,5,20,5,9,1.0,0.45,True,,349,25,500,0.05,0.01,0.8,0.01
not_certified,robustness,,0.492,0.4598288392805784,25,5,20,4,6,0.8,0.3,True,,350,25,500,0.05,0.01,0.8,0.01
certified,robustness,0.36,0.492,0.49525958701751566,25,5,20,5,8,1.0,0.4,True,,351,25,500,0.05,0.01,0.8,0.01
certified,robustness,0.45,0.492,0.5007125443363438,25,7,18,7,5,1.0,0.2777777777777778,True,,352,25,500,0.05,0.01,0.8,0.01
certified,robustness,0.42,0.492,0.4952445798855989,25,6,19,6,6,1.0,0.3157894736842105,True,,353,25,500,0.05,0.01,0.8,0.01
certified,robustness,0.65,0.492,0.4925280110852246,25,6,19,5,7,0.8333333333333334,0.3684210526315789,True,,354,25,500,0.05,0.01,0.8,0.01
certified,robustness,0.39,0.492,0.49807204916851,25,6,19,6,7,1.0,0.3684210526315789,True,,355,25,500,0.05,0.01,0.8,0.01
certified,robustness,0.45,0.492,0.4927155327479466,25,5,20,5,5,1.0,0.25,True,,356,25,500,0.05,0.01,0.8,0.01
certified,robustness,0.59,0.492,0.4965460948275442,25,8,17,7,5,0.875,0.29411764705882354,True,,357,25,500,0.05,0.01,0.8,0.01
certified,robustness,0.49,0.492,0.49282816925740935,25,7,18,7,3,1.0,0.16666666666666666,True,,358,25,500,0.05,0.01,0.8,0.01
certified,robustness,0.43,0.492,0.498396883838886,25,5,20,5,6,1.0,0.3,True,,359,25,500,0.05,0.01,0.8,0.01
certified,robustness,0.35,0.492,0.4971277608218583,25,9,16,9,7,1.0,0.4375,True,,360,25,500,0.05,0.01,0.8,0.01
certified,robustness,0.47,0.492,0.492332953829168,25,6,19,6,4,1.0,0.21052631578947367,True,,361,25,500,0.05,0.01,0.8,0.01
certified,robustness,0.6,0.492,0.4939409272118177,25,7,18,6,6,0.8571428571428571,0.3333333333333333,True,,362,25,500,0.05,0.01,0.8,0.01
certified,robustness,0.44,0.492,0.4967464241127555,25,8,17,8,5,1.0,0.29411764705882354,True,,363,25,500,0.05,0.01,0.8,0.01
certified,robustness,0.41,0.492,0.5002140005070413,25,8,17,8,6,1.0,0.35294117647058826,True,,364,25,500,0.05,0.01,0.8,0.01
certified,robustness,0.43,0.492,0.49361657209485993,25,4,21,4,6,1.0,0.2857142857142857,True,,365,25,500,0.05,0.01,0.8,0.01
certified,robustness,0.65,0.492,0.4925280110852246,25,6,19,5,7,0.8333333333333334,0.3684210526315789,True,,366,25,500,0.05,0.01,0.8,0.01
certified,robustness,0.31,0.492,0.4928192344208572,25,8,17,8,8,1.0,0.47058823529411764,True,,367,25,500,0.05,0.01,0.8,0.01
certified,robustness,0.65,0.492,0.4965248921565327,25,7,18,6,5,0.8571428571428571,0.2777777777777778,True,,368,25,500,0.05,0.01,0.8,0.01
certified,robustness,0.49,0.492,0.49282816925740935,25,7,18,7,3,1.0,0.16666666666666666,True,,369,25,500,0.05,0.01,0.8,0.01
certified,robustness,0.55,0.492,0.49684867435352886,25,9,16,8,5,0.8888888888888888,0.3125,True,,370,25,500,0.05,0.01,0.8,0.01
certified,robustness,0.35,0.492,0.4971277608218583,25,9,16,9,7,1.0,0.4375,True,,371,25,500,0.05,0.01,0.8,0.01
certified,robustness,0.36,0.492,0.49525958701751566,25,5,20,5,8,1.0,0.4,True,,372,25,500,0.05,0.01,0.8,0.01
certified,robustness,0.6,0.492,0.4939409272118177,25,7,18,6,6,0.8571428571428571,0.3333333333333333,True,,373,25,500,0.05,0.01,0.8,0.01
certified,robustness,0.4,0.492,0.49879524281767745,25,5,20,5,7,1.0,0.35,True,,374,25,500,0.05,0.01,0.8,0.01
certified,robustness,0.35,0.492,0.4974475114424653,25,6,19,6,8,1.0,0.42105263157894735,True,,375,25,500,0.05,0.01,0.8,0.01
certified,robustness,0.59,0.492,0.49682706627826256,25,9,16,8,4,0.8888888888888888,0.25,True,,376,25,500,0.05,0.01,0.8,0.01
certified,robustness,0.55,0.492,0.49547550807528684,25,7,18,6,7,0.8571428571428571,0.3888888888888889,True,,377,25,500,0.05,0.01,0.8,0.01
certified,robustness,0.49,0.492,0.4967771538820497,25,8,17,7,7,0.875,0.4117647058823529,True,,378,25,500,0.05,0.01,0.8,0.01
certified,robustness,0.44,0.492,0.4967464241127555,25,8,17,8,5,1.0,0.29411764705882354,True,,379,25,500,0.05,0.01,0.8,0.01
certified,robustness,0.46,0.492,0.492290283128893,25,9,16,9,4,1.0,0.25,True,,380,25,500,0.05,0.01,0.8,0.01
certified,robustness,0.43,0.492,0.498396883838886,25,5,20,5,6,1.0,0.3,True,,381,25,500,0.05,0.01,0.8,0.01
certified,robustness,0.69,0.492,0.49723496044107474,25,8,17,7,2,0.875,0.11764705882352941,True,,382,25,500,0.05,0.01,0.8,0.01
certified,robustness,0.45,0.492,0.4927155327479466,25,5,20,5,5,1.0,0.25,True,,383,25,500,0.05,0.01,0.8,0.01
certified,robustness,0.47,0.492,0.4949951051135935,25,7,18,7,4,1.0,0.2222222222222222,True,,384,25,500,0.05,0.01,0.8,0.01
certified,robustness,0.47,0.492,0.498020476864739,25,8,17,8,4,1.0,0.23529411764705882,True,,385,25,500,0.05,0.01,0.8,0.01
certified,robustness,0.65,0.492,0.4965248921565327,25,7,18,6,5,0.8571428571428571,0.2777777777777778,True,,386,25,500,0.05,0.01,0.8,0.01
certified,robustness,0.47,0.492,0.498020476864739,25,8,17,8,4,1.0,0.23529411764705882,True,,387,25,500,0.05,0.01,0.8,0.01
not_certified,robustness,,0.492,0.4598288392805784,25,5,20,4,6,0.8,0.3,True,,388,25,500,0.05,0.01,0.8,0.01
certified,robustness,0.65,0.492,0.4947101745489725,25,9,16,8,2,0.8888888888888888,0.125,True,,389,25,500,0.05,0.01,0.8,0.01
certified,robustness,0.33,0.492,0.4928770174852647,25,4,21,4,9,1.0,0.42857142857142855,True,,390,25,500,0.05,0.01,0.8,0.01
certified,robustness,0.45,0.492,0.5007125443363438,25,7,18,7,5,1.0,0.2777777777777778,True,,391,25,500,0.05,0.01,0.8,0.01
not_certified,robustness,,0.492,0.3776788278936636,25,4,21,3,7,0.75,0.3333333333333333,True,,392,25,500,0.05,0.01,0.8,0.01
certified,robustness,0.4,0.492,0.49879524281767745,25,5,20,5,7,1.0,0.35,True,,393,25,500,0.05,0.01,0.8,0.01
certified,robustness,0.32,0.492,0.4942012769604269,25,10,15,9,8,0.9,0.5333333333333333,True,,394,25,500,0.05,0.01,0.8,0.01
certified,robustness,0.37,0.492,0.4944738503343525,25,4,21,4,8,1.0,0.38095238095238093,True,,395,25,500,0.05,0.01,0.8,0.01
certified,robustness,0.36,0.492,0.4929169882548909,25,8,17,8,7,1.0,0.4117647058823529,True,,396,25,500,0.05,0.01,0.8,0.01
certified,robustness,0.36,0.492,0.49525958701751566,25,5,20,5,8,1.0,0.4,True,,397,25,500,0.05,0.01,0.8,0.01
certified,robustness,0.6,0.492,0.4939409272118177,25,7,18,6,6,0.8571428571428571,0.3333333333333333,True,,398,25,500,0.05,0.01,0.8,0.01
certified,robustness,0.55,0.492,0.49547550807528684,25,7,18,6,7,0.8571428571428571,0.3888888888888889,True,,399,25,500,0.05,0.01,0.8,0.01
certified,robustness,0.59,0.492,0.4944669551331522,25,6,19,5,8,0.8333333333333334,0.42105263157894735,True,,400,25,500,0.05,0.01,0.8,0.01
certified,robustness,0.4,0.492,0.49879524281767745,25,5,20,5,7,1.0,0.35,True,,401,25,500,0.05,0.01,0.8,0.01
certified,robustness,0.36,0.492,0.49525958701751566,25,5,20,5,8,1.0,0.4,True,,402,25,500,0.05,0.01,0.8,0.01
certified,robustness,0.5,0.492,0.4956023008180176,25,9,16,8,6,0.8888888888888888,0.375,True,,403,25,500,0.05,0.01,0.8,0.01
certified,robustness,0.49,0.492,0.49460986302366994,25,11,14,10,5,0.9090909090909091,0.35714285714285715,True,,404,25,500,0.05,0.01,0.8,0.01
certified,robustness,0.43,0.492,0.4937007616713314,25,9,16,9,5,1.0,0.3125,True,,405,25,500,0.05,0.01,0.8,0.01
certified,robustness,0.38,0.492,0.4986174992486053,25,7,18,7,7,1.0,0.3888888888888889,True,,406,25,500,0.05,0.01,0.8,0.01
certified,robustness,0.55,0.492,0.49547550807528684,25,7,18,6,7,0.8571428571428571,0.3888888888888889,True,,407,25,500,0.05,0.01,0.8,0.01
certified,robustness,0.68,0.492,0.49344130909645173,25,7,18,6,4,0.8571428571428571,0.2222222222222222,True,,408,25,500,0.05,0.01,0.8,0.01
certified,robustness,0.45,0.492,0.5007125443363438,25,7,18,7,5,1.0,0.2777777777777778,True,,409,25,500,0.05,0.01,0.8,0.01
certified,robustness,0.48,0.492,0.4993405486804769,25,5,20,5,4,1.0,0.2,True,,410,25,500,0.05,0.01,0.8,0.01
certified,robustness,0.42,0.492,0.4952445798855989,25,6,19,6,6,1.0,0.3157894736842105,True,,411,25,500,0.05,0.01,0.8,0.01
certified,robustness,0.33,0.492,0.49389542205106285,25,7,18,7,8,1.0,0.4444444444444444,True,,412,25,500,0.05,0.01,0.8,0.01
certified,robustness,0.33,0.492,0.49389542205106285,25,7,18,7,8,1.0,0.4444444444444444,True,,413,25,500,0.05,0.01,0.8,0.01
certified,robustness,0.42,0.492,0.4952445798855989,25,6,19,6,6,1.0,0.3157894736842105,True,,414,25,500,0.05,0.01,0.8,0.01
certified,robustness,0.55,0.492,0.49547550807528684,25,7,18,6,7,0.8571428571428571,0.3888888888888889,True,,415,25,500,0.05,0.01,0.8,0.01
certified,robustness,0.46,0.492,0.49202628927325986,25,10,15,9,6,0.9,0.4,True,,416,25,500,0.05,0.01,0.8,0.01
certified,robustness,0.6,0.492,0.4939409272118177,25,7,18,6,6,0.8571428571428571,0.3333333333333333,True,,417,25,500,0.05,0.01,0.8,0.01
not_certified,robustness,,0.492,0.36828792434019564,25,4,21,3,6,0.75,0.2857142857142857,True,,418,25,500,0.05,0.01,0.8,0.01
not_certified,robustness,,0.492,0.3496329088702545,25,4,21,3,4,0.75,0.19047619047619047,True,,419,25,500,0.05,0.01,0.8,0.01
certified,robustness,0.36,0.492,0.4929169882548909,25,8,17,8,7,1.0,0.4117647058823529,True,,420,25,500,0.05,0.01,0.8,0.01
certified,robustness,0.68,0.492,0.49344130909645173,25,7,18,6,4,0.8571428571428571,0.2222222222222222,True,,421,25,500,0.05,0.01,0.8,0.01
certified,robustness,0.68,0.492,0.49344130909645173,25,7,18,6,4,0.8571428571428571,0.2222222222222222,True,,422,25,500,0.05,0.01,0.8,0.01
certified,robustness,0.4,0.492,0.49879524281767745,25,5,20,5,7,1.0,0.35,True,,423,25,500,0.05,0.01,0.8,0.01
certified,robustness,0.36,0.492,0.4929169882548909,25,8,17,8,7,1.0,0.4117647058823529,True,,424,25,500,0.05,0.01,0.8,0.01
certified,robustness,0.65,0.492,0.4965248921565327,25,7,18,6,5,0.8571428571428571,0.2777777777777778,True,,425,25,500,0.05,0.01,0.8,0.01
certified,robustness,0.45,0.492,0.49646823440028737,25,6,19,6,5,1.0,0.2631578947368421,True,,426,25,500,0.05,0.01,0.8,0.01
certified,robustness,0.52,0.492,0.4972970976386668,25,10,15,9,5,0.9,0.3333333333333333,True,,427,25,500,0.05,0.01,0.8,0.01
certified,robustness,0.43,0.492,0.49361657209485993,25,4,21,4,6,1.0,0.2857142857142857,True,,428,25,500,0.05,0.01,0.8,0.01
certified,robustness,0.59,0.492,0.49682706627826256,25,9,16,8,4,0.8888888888888888,0.25,True,,429,25,500,0.05,0.01,0.8,0.01
certified,robustness,0.47,0.492,0.4949951051135935,25,7,18,7,4,1.0,0.2222222222222222,True,,430,25,500,0.05,0.01,0.8,0.01
certified,robustness,0.45,0.492,0.49646823440028737,25,6,19,6,5,1.0,0.2631578947368421,True,,431,25,500,0.05,0.01,0.8,0.01
certified,robustness,0.43,0.492,0.4937007616713314,25,9,16,9,5,1.0,0.3125,True,,432,25,500,0.05,0.01,0.8,0.01
certified,robustness,0.45,0.492,0.5007125443363438,25,7,18,7,5,1.0,0.2777777777777778,True,,433,25,500,0.05,0.01,0.8,0.01
certified,robustness,0.26,0.492,0.4940236546577984,25,10,15,10,8,1.0,0.5333333333333333,True,,434,25,500,0.05,0.01,0.8,0.01
certified,robustness,0.37,0.492,0.4944738503343525,25,4,21,4,8,1.0,0.38095238095238093,True,,435,25,500,0.05,0.01,0.8,0.01
certified,robustness,0.8,0.492,0.4933564216694434,25,6,19,5,3,0.8333333333333334,0.15789473684210525,True,,436,25,500,0.05,0.01,0.8,0.01
certified,robustness,0.59,0.492,0.4944669551331522,25,6,19,5,8,0.8333333333333334,0.42105263157894735,True,,437,25,500,0.05,0.01,0.8,0.01
certified,robustness,0.49,0.492,0.4967771538820497,25,8,17,7,7,0.875,0.4117647058823529,True,,438,25,500,0.05,0.01,0.8,0.01
certified,robustness,0.65,0.492,0.4965248921565327,25,7,18,6,5,0.8571428571428571,0.2777777777777778,True,,439,25,500,0.05,0.01,0.8,0.01
certified,robustness,0.42,0.492,0.4952445798855989,25,6,19,6,6,1.0,0.3157894736842105,True,,440,25,500,0.05,0.01,0.8,0.01
certified,robustness,0.4,0.492,0.49879524281767745,25,5,20,5,7,1.0,0.35,True,,441,25,500,0.05,0.01,0.8,0.01
certified,robustness,0.55,0.492,0.49684867435352886,25,9,16,8,5,0.8888888888888888,0.3125,True,,442,25,500,0.05,0.01,0.8,0.01
certified,robustness,0.66,0.492,0.4959480258388174,25,8,17,7,3,0.875,0.17647058823529413,True,,443,25,500,0.05,0.01,0.8,0.01
certified,robustness,0.45,0.492,0.4927155327479466,25,5,20,5,5,1.0,0.25,True,,444,25,500,0.05,0.01,0.8,0.01
certified,robustness,0.59,0.492,0.4965460948275442,25,8,17,7,5,0.875,0.29411764705882354,True,,445,25,500,0.05,0.01,0.8,0.01
certified,robustness,0.42,0.492,0.4952445798855989,25,6,19,6,6,1.0,0.3157894736842105,True,,446,25,500,0.05,0.01,0.8,0.01
certified,robustness,0.43,0.492,0.49240476227220586,25,11,14,10,6,0.9090909090909091,0.42857142857142855,True,,447,25,500,0.05,0.01,0.8,0.01
certified,robustness,0.28,0.492,0.4960325477993927,25,7,18,7,9,1.0,0.5,True,,448,25,500,0.05,0.01,0.8,0.01
certified,robustness,0.47,0.492,0.4949951051135935,25,7,18,7,4,1.0,0.2222222222222222,True,,449,25,500,0.05,0.01,0.8,0.01
certified,robustness,0.66,0.492,0.4959480258388174,25,8,17,7,3,0.875,0.17647058823529413,True,,450,25,500,0.05,0.01,0.8,0.01
certified,robustness,0.38,0.492,0.4986174992486053,25,7,18,7,7,1.0,0.3888888888888889,True,,451,25,500,0.05,0.01,0.8,0.01
certified,robustness,0.55,0.492,0.49684867435352886,25,9,16,8,5,0.8888888888888888,0.3125,True,,452,25,500,0.05,0.01,0.8,0.01
certified,robustness,0.47,0.492,0.498020476864739,25,8,17,8,4,1.0,0.23529411764705882,True,,453,25,500,0.05,0.01,0.8,0.01
certified,robustness,0.47,0.492,0.4949951051135935,25,7,18,7,4,1.0,0.2222222222222222,True,,454,25,500,0.05,0.01,0.8,0.01
certified,robustness,0.39,0.492,0.49807204916851,25,6,19,6,7,1.0,0.3684210526315789,True,,455,25,500,0.05,0.01,0.8,0.01
certified,robustness,0.49,0.492,0.4967771538820497,25,8,17,7,7,0.875,0.4117647058823529,True,,456,25,500,0.05,0.01,0.8,0.01
certified,robustness,0.78,0.492,0.4953362214433735,25,6,19,5,4,0.8333333333333334,0.21052631578947367,True,,457,25,500,0.05,0.01,0.8,0.01
certified,robustness,0.6,0.492,0.4939409272118177,25,7,18,6,6,0.8571428571428571,0.3333333333333333,True,,458,25,500,0.05,0.01,0.8,0.01
certified,robustness,0.62,0.492,0.4942805595190135,25,9,16,8,3,0.8888888888888888,0.1875,True,,459,25,500,0.05,0.01,0.8,0.01
certified,robustness,0.33,0.492,0.49389542205106285,25,7,18,7,8,1.0,0.4444444444444444,True,,460,25,500,0.05,0.01,0.8,0.01
certified,robustness,0.45,0.492,0.5007125443363438,25,7,18,7,5,1.0,0.2777777777777778,True,,461,25,500,0.05,0.01,0.8,0.01
certified,robustness,0.44,0.492,0.4967464241127555,25,8,17,8,5,1.0,0.29411764705882354,True,,462,25,500,0.05,0.01,0.8,0.01
certified,robustness,0.37,0.492,0.4944738503343525,25,4,21,4,8,1.0,0.38095238095238093,True,,463,25,500,0.05,0.01,0.8,0.01
certified,robustness,0.39,0.492,0.49807204916851,25,6,19,6,7,1.0,0.3684210526315789,True,,464,25,500,0.05,0.01,0.8,0.01
certified,robustness,0.4,0.492,0.49879524281767745,25,5,20,5,7,1.0,0.35,True,,465,25,500,0.05,0.01,0.8,0.01
certified,robustness,0.38,0.492,0.4986174992486053,25,7,18,7,7,1.0,0.3888888888888889,True,,466,25,500,0.05,0.01,0.8,0.01
certified,robustness,0.38,0.492,0.4986174992486053,25,7,18,7,7,1.0,0.3888888888888889,True,,467,25,500,0.05,0.01,0.8,0.01
certified,robustness,0.47,0.492,0.498020476864739,25,8,17,8,4,1.0,0.23529411764705882,True,,468,25,500,0.05,0.01,0.8,0.01
certified,robustness,0.43,0.492,0.498396883838886,25,5,20,5,6,1.0,0.3,True,,469,25,500,0.05,0.01,0.8,0.01
certified,robustness,0.71,0.492,0.4952840938120908,25,6,19,5,6,0.8333333333333334,0.3157894736842105,True,,470,25,500,0.05,0.01,0.8,0.01
certified,robustness,0.5,0.492,0.4956023008180176,25,9,16,8,6,0.8888888888888888,0.375,True,,471,25,500,0.05,0.01,0.8,0.01
certified,robustness,0.78,0.492,0.4953362214433735,25,6,19,5,4,0.8333333333333334,0.21052631578947367,True,,472,25,500,0.05,0.01,0.8,0.01
certified,robustness,0.32,0.492,0.4965839033801512,25,5,20,5,9,1.0,0.45,True,,473,25,500,0.05,0.01,0.8,0.01
certified,robustness,0.45,0.492,0.49646823440028737,25,6,19,6,5,1.0,0.2631578947368421,True,,474,25,500,0.05,0.01,0.8,0.01
certified,robustness,0.6,0.492,0.4939409272118177,25,7,18,6,6,0.8571428571428571,0.3333333333333333,True,,475,25,500,0.05,0.01,0.8,0.01
certified,robustness,0.41,0.492,0.5002140005070413,25,8,17,8,6,1.0,0.35294117647058826,True,,476,25,500,0.05,0.01,0.8,0.01
certified,robustness,0.54,0.492,0.49438466579619333,25,8,17,7,6,0.875,0.35294117647058826,True,,477,25,500,0.05,0.01,0.8,0.01
certified,robustness,0.47,0.492,0.4949951051135935,25,7,18,7,4,1.0,0.2222222222222222,True,,478,25,500,0.05,0.01,0.8,0.01
certified,robustness,0.48,0.492,0.49360205811851865,25,7,18,6,8,0.8571428571428571,0.4444444444444444,True,,479,25,500,0.05,0.01,0.8,0.01
certified,robustness,0.55,0.492,0.49547550807528684,25,7,18,6,7,0.8571428571428571,0.3888888888888889,True,,480,25,500,0.05,0.01,0.8,0.01
certified,robustness,0.71,0.492,0.4930971812884507,25,7,18,6,3,0.8571428571428571,0.16666666666666666,True,,481,25,500,0.05,0.01,0.8,0.01
certified,robustness,0.47,0.492,0.4949951051135935,25,7,18,7,4,1.0,0.2222222222222222,True,,482,25,500,0.05,0.01,0.8,0.01
certified,robustness,0.59,0.492,0.49682706627826256,25,9,16,8,4,0.8888888888888888,0.25,True,,483,25,500,0.05,0.01,0.8,0.01
certified,robustness,0.59,0.492,0.4965460948275442,25,8,17,7,5,0.875,0.29411764705882354,True,,484,25,500,0.05,0.01,0.8,0.01
certified,robustness,0.59,0.492,0.4965460948275442,25,8,17,7,5,0.875,0.29411764705882354,True,,485,25,500,0.05,0.01,0.8,0.01
certified,robustness,0.65,0.492,0.4925280110852246,25,6,19,5,7,0.8333333333333334,0.3684210526315789,True,,486,25,500,0.05,0.01,0.8,0.01
not_certified,robustness,,0.492,0.36828792434019564,25,4,21,3,6,0.75,0.2857142857142857,True,,487,25,500,0.05,0.01,0.8,0.01
certified,robustness,0.3,0.492,0.494997819160831,25,6,19,6,9,1.0,0.47368421052631576,True,,488,25,500,0.05,0.01,0.8,0.01
certified,robustness,0.37,0.492,0.4944738503343525,25,4,21,4,8,1.0,0.38095238095238093,True,,489,25,500,0.05,0.01,0.8,0.01
certified,robustness,0.43,0.492,0.498396883838886,25,5,20,5,6,1.0,0.3,True,,490,25,500,0.05,0.01,0.8,0.01
certified,robustness,0.55,0.492,0.49684867435352886,25,9,16,8,5,0.8888888888888888,0.3125,True,,491,25,500,0.05,0.01,0.8,0.01
certified,robustness,0.65,0.492,0.4925280110852246,25,6,19,5,7,0.8333333333333334,0.3684210526315789,True,,492,25,500,0.05,0.01,0.8,0.01
certified,robustness,0.49,0.492,0.49460986302366994,25,11,14,10,5,0.9090909090909091,0.35714285714285715,True,,493,25,500,0.05,0.01,0.8,0.01
certified,robustness,0.54,0.492,0.49438466579619333,25,8,17,7,6,0.875,0.35294117647058826,True,,494,25,500,0.05,0.01,0.8,0.01
certified,robustness,0.55,0.492,0.49684867435352886,25,9,16,8,5,0.8888888888888888,0.3125,True,,495,25,500,0.05,0.01,0.8,0.01
certified,robustness,0.55,0.492,0.49684867435352886,25,9,16,8,5,0.8888888888888888,0.3125,True,,496,25,500,0.05,0.01,0.8,0.01
certified,robustness,0.49,0.492,0.4967771538820497,25,8,17,7,7,0.875,0.4117647058823529,True,,497,25,500,0.05,0.01,0.8,0.01
certified,robustness,0.32,0.492,0.4965839033801512,25,5,20,5,9,1.0,0.45,True,,498,25,500,0.05,0.01,0.8,0.01
certified,robustness,0.5,0.492,0.4956023008180176,25,9,16,8,6,0.8888888888888888,0.375,True,,499,25,500,0.05,0.01,0.8,0.01
not_certified,robustness,,0.492,0.4795856370377778,25,5,20,4,8,0.8,0.4,True,,500,25,500,0.05,0.01,0.8,0.01
certified,robustness,0.5,0.492,0.4956023008180176,25,9,16,8,6,0.8888888888888888,0.375,True,,501,25,500,0.05,0.01,0.8,0.01
certified,robustness,0.41,0.492,0.493007693940917,25,7,18,7,6,1.0,0.3333333333333333,True,,502,25,500,0.05,0.01,0.8,0.01
certified,robustness,0.55,0.492,0.49547550807528684,25,7,18,6,7,0.8571428571428571,0.3888888888888889,True,,503,25,500,0.05,0.01,0.8,0.01
certified,robustness,0.4,0.492,0.4940417528994182,25,10,15,9,7,0.9,0.4666666666666667,True,,504,25,500,0.05,0.01,0.8,0.01
certified,robustness,0.3,0.492,0.494997819160831,25,6,19,6,9,1.0,0.47368421052631576,True,,505,25,500,0.05,0.01,0.8,0.01
certified,robustness,0.38,0.492,0.4986174992486053,25,7,18,7,7,1.0,0.3888888888888889,True,,506,25,500,0.05,0.01,0.8,0.01
not_certified,robustness,,0.492,0.4795856370377778,25,5,20,4,8,0.8,0.4,True,,507,25,500,0.05,0.01,0.8,0.01
certified,robustness,0.4,0.492,0.4940417528994182,25,10,15,9,7,0.9,0.4666666666666667,True,,508,25,500,0.05,0.01,0.8,0.01
certified,robustness,0.62,0.492,0.4942805595190135,25,9,16,8,3,0.8888888888888888,0.1875,True,,509,25,500,0.05,0.01,0.8,0.01
certified,robustness,0.41,0.492,0.5002140005070413,25,8,17,8,6,1.0,0.35294117647058826,True,,510,25,500,0.05,0.01,0.8,0.01
certified,robustness,0.44,0.492,0.4967464241127555,25,8,17,8,5,1.0,0.29411764705882354,True,,511,25,500,0.05,0.01,0.8,0.01
certified,robustness,0.68,0.492,0.49344130909645173,25,7,18,6,4,0.8571428571428571,0.2222222222222222,True,,512,25,500,0.05,0.01,0.8,0.01
certified,robustness,0.55,0.492,0.49684867435352886,25,9,16,8,5,0.8888888888888888,0.3125,True,,513,25,500,0.05,0.01,0.8,0.01
not_certified,robustness,,0.492,0.21761494674842047,25,3,22,2,5,0.6666666666666666,0.22727272727272727,True,,514,25,500,0.05,0.01,0.8,0.01
certified,robustness,0.38,0.492,0.49419308336557355,25,10,15,10,6,1.0,0.4,True,,515,25,500,0.05,0.01,0.8,0.01
certified,robustness,0.35,0.492,0.4971277608218583,25,9,16,9,7,1.0,0.4375,True,,516,25,500,0.05,0.01,0.8,0.01
certified,robustness,0.49,0.492,0.49460986302366994,25,11,14,10,5,0.9090909090909091,0.35714285714285715,True,,517,25,500,0.05,0.01,0.8,0.01
certified,robustness,0.35,0.492,0.4974475114424653,25,6,19,6,8,1.0,0.42105263157894735,True,,518,25,500,0.05,0.01,0.8,0.01
certified,robustness,0.43,0.492,0.498396883838886,25,5,20,5,6,1.0,0.3,True,,519,25,500,0.05,0.01,0.8,0.01
certified,robustness,0.56,0.492,0.495882353796407,25,10,15,9,4,0.9,0.26666666666666666,True,,520,25,500,0.05,0.01,0.8,0.01
certified,robustness,0.44,0.492,0.4967464241127555,25,8,17,8,5,1.0,0.29411764705882354,True,,521,25,500,0.05,0.01,0.8,0.01
certified,robustness,0.65,0.492,0.4925280110852246,25,6,19,5,7,0.8333333333333334,0.3684210526315789,True,,522,25,500,0.05,0.01,0.8,0.01
certified,robustness,0.54,0.492,0.49438466579619333,25,8,17,7,6,0.875,0.35294117647058826,True,,523,25,500,0.05,0.01,0.8,0.01
certified,robustness,0.63,0.492,0.49741599014057725,25,8,17,7,4,0.875,0.23529411764705882,True,,524,25,500,0.05,0.01,0.8,0.01
certified,robustness,0.39,0.492,0.49807204916851,25,6,19,6,7,1.0,0.3684210526315789,True,,525,25,500,0.05,0.01,0.8,0.01
certified,robustness,0.41,0.492,0.493007693940917,25,7,18,7,6,1.0,0.3333333333333333,True,,526,25,500,0.05,0.01,0.8,0.01
certified,robustness,0.37,0.492,0.4944738503343525,25,4,21,4,8,1.0,0.38095238095238093,True,,527,25,500,0.05,0.01,0.8,0.01
certified,robustness,0.45,0.492,0.49646823440028737,25,6,19,6,5,1.0,0.2631578947368421,True,,528,25,500,0.05,0.01,0.8,0.01
certified,robustness,0.43,0.492,0.498396883838886,25,5,20,5,6,1.0,0.3,True,,529,25,500,0.05,0.01,0.8,0.01
certified,robustness,0.68,0.492,0.4927559114742437,25,5,20,4,10,0.8,0.5,True,,530,25,500,0.05,0.01,0.8,0.01
certified,robustness,0.55,0.492,0.49684867435352886,25,9,16,8,5,0.8888888888888888,0.3125,True,,531,25,500,0.05,0.01,0.8,0.01
certified,robustness,0.42,0.492,0.4951510379627224,25,8,17,7,8,0.875,0.47058823529411764,True,,532,25,500,0.05,0.01,0.8,0.01
certified,robustness,0.43,0.492,0.498396883838886,25,5,20,5,6,1.0,0.3,True,,533,25,500,0.05,0.01,0.8,0.01
not_certified,robustness,,0.492,0.4696779348335156,25,5,20,4,7,0.8,0.35,True,,534,25,500,0.05,0.01,0.8,0.01
certified,robustness,0.47,0.492,0.498020476864739,25,8,17,8,4,1.0,0.23529411764705882,True,,535,25,500,0.05,0.01,0.8,0.01
certified,robustness,0.78,0.492,0.4953362214433735,25,6,19,5,4,0.8333333333333334,0.21052631578947367,True,,536,25,500,0.05,0.01,0.8,0.01
certified,robustness,0.45,0.492,0.5007125443363438,25,7,18,7,5,1.0,0.2777777777777778,True,,537,25,500,0.05,0.01,0.8,0.01
certified,robustness,0.5,0.492,0.4930173369069377,25,6,19,5,9,0.8333333333333334,0.47368421052631576,True,,538,25,500,0.05,0.01,0.8,0.01
certified,robustness,0.31,0.492,0.49799126360545976,25,3,22,3,10,1.0,0.45454545454545453,True,,539,25,500,0.05,0.01,0.8,0.01
certified,robustness,0.35,0.492,0.4982640898584172,25,3,22,3,9,1.0,0.4090909090909091,True,,540,25,500,0.05,0.01,0.8,0.01
certified,robustness,0.65,0.492,0.4925280110852246,25,6,19,5,7,0.8333333333333334,0.3684210526315789,True,,541,25,500,0.05,0.01,0.8,0.01
certified,robustness,0.33,0.492,0.49389542205106285,25,7,18,7,8,1.0,0.4444444444444444,True,,542,25,500,0.05,0.01,0.8,0.01
certified,robustness,0.47,0.492,0.498020476864739,25,8,17,8,4,1.0,0.23529411764705882,True,,543,25,500,0.05,0.01,0.8,0.01
certified,robustness,0.47,0.492,0.498020476864739,25,8,17,8,4,1.0,0.23529411764705882,True,,544,25,500,0.05,0.01,0.8,0.01
certified,robustness,0.71,0.492,0.4952840938120908,25,6,19,5,6,0.8333333333333334,0.3157894736842105,True,,545,25,500,0.05,0.01,0.8,0.01
certified,robustness,0.62,0.492,0.4942805595190135,25,9,16,8,3,0.8888888888888888,0.1875,True,,546,25,500,0.05,0.01,0.8,0.01
certified,robustness,0.46,0.492,0.492290283128893,25,9,16,9,4,1.0,0.25,True,,547,25,500,0.05,0.01,0.8,0.01
certified,robustness,0.38,0.492,0.4986174992486053,25,7,18,7,7,1.0,0.3888888888888889,True,,548,25,500,0.05,0.01,0.8,0.01
not_certified,robustness,,0.492,0.38711191142255,25,4,21,3,8,0.75,0.38095238095238093,True,,549,25,500,0.05,0.01,0.8,0.01
certified,robustness,0.46,0.492,0.4963912670544912,25,10,15,10,4,1.0,0.26666666666666666,True,,550,25,500,0.05,0.01,0.8,0.01
certified,robustness,0.44,0.492,0.4967464241127555,25,8,17,8,5,1.0,0.29411764705882354,True,,551,25,500,0.05,0.01,0.8,0.01
certified,robustness,0.41,0.492,0.493007693940917,25,7,18,7,6,1.0,0.3333333333333333,True,,552,25,500,0.05,0.01,0.8,0.01
certified,robustness,0.55,0.492,0.49547550807528684,25,7,18,6,7,0.8571428571428571,0.3888888888888889,True,,553,25,500,0.05,0.01,0.8,0.01
certified,robustness,0.45,0.492,0.4927155327479466,25,5,20,5,5,1.0,0.25,True,,554,25,500,0.05,0.01,0.8,0.01
certified,robustness,0.5,0.492,0.4956023008180176,25,9,16,8,6,0.8888888888888888,0.375,True,,555,25,500,0.05,0.01,0.8,0.01
certified,robustness,0.43,0.492,0.49361657209485993,25,4,21,4,6,1.0,0.2857142857142857,True,,556,25,500,0.05,0.01,0.8,0.01
certified,robustness,0.59,0.492,0.49682706627826256,25,9,16,8,4,0.8888888888888888,0.25,True,,557,25,500,0.05,0.01,0.8,0.01
certified,robustness,0.36,0.492,0.4929169882548909,25,8,17,8,7,1.0,0.4117647058823529,True,,558,25,500,0.05,0.01,0.8,0.01
certified,robustness,0.49,0.492,0.4967771538820497,25,8,17,7,7,0.875,0.4117647058823529,True,,559,25,500,0.05,0.01,0.8,0.01
certified,robustness,0.49,0.492,0.4967771538820497,25,8,17,7,7,0.875,0.4117647058823529,True,,560,25,500,0.05,0.01,0.8,0.01
certified,robustness,0.38,0.492,0.4986174992486053,25,7,18,7,7,1.0,0.3888888888888889,True,,561,25,500,0.05,0.01,0.8,0.01
not_certified,robustness,,0.492,0.4696779348335156,25,5,20,4,7,0.8,0.35,True,,562,25,500,0.05,0.01,0.8,0.01
certified,robustness,0.33,0.492,0.49389542205106285,25,7,18,7,8,1.0,0.4444444444444444,True,,563,25,500,0.05,0.01,0.8,0.01
certified,robustness,0.6,0.492,0.4939409272118177,25,7,18,6,6,0.8571428571428571,0.3333333333333333,True,,564,25,500,0.05,0.01,0.8,0.01
certified,robustness,0.35,0.492,0.4982640898584172,25,3,22,3,9,1.0,0.4090909090909091,True,,565,25,500,0.05,0.01,0.8,0.01
certified,robustness,0.6,0.492,0.4939409272118177,25,7,18,6,6,0.8571428571428571,0.3333333333333333,True,,566,25,500,0.05,0.01,0.8,0.01
certified,robustness,0.71,0.492,0.4952840938120908,25,6,19,5,6,0.8333333333333334,0.3157894736842105,True,,567,25,500,0.05,0.01,0.8,0.01
certified,robustness,0.63,0.492,0.49741599014057725,25,8,17,7,4,0.875,0.23529411764705882,True,,568,25,500,0.05,0.01,0.8,0.01
certified,robustness,0.47,0.492,0.498020476864739,25,8,17,8,4,1.0,0.23529411764705882,True,,569,25,500,0.05,0.01,0.8,0.01
certified,robustness,0.45,0.492,0.5007125443363438,25,7,18,7,5,1.0,0.2777777777777778,True,,570,25,500,0.05,0.01,0.8,0.01
certified,robustness,0.6,0.492,0.4939409272118177,25,7,18,6,6,0.8571428571428571,0.3333333333333333,True,,571,25,500,0.05,0.01,0.8,0.01
certified,robustness,0.35,0.492,0.4974475114424653,25,6,19,6,8,1.0,0.42105263157894735,True,,572,25,500,0.05,0.01,0.8,0.01
certified,robustness,0.52,0.492,0.4972970976386668,25,10,15,9,5,0.9,0.3333333333333333,True,,573,25,500,0.05,0.01,0.8,0.01
certified,robustness,0.36,0.492,0.4929169882548909,25,8,17,8,7,1.0,0.4117647058823529,True,,574,25,500,0.05,0.01,0.8,0.01
certified,robustness,0.35,0.492,0.4971277608218583,25,9,16,9,7,1.0,0.4375,True,,575,25,500,0.05,0.01,0.8,0.01
certified,robustness,0.41,0.492,0.493007693940917,25,7,18,7,6,1.0,0.3333333333333333,True,,576,25,500,0.05,0.01,0.8,0.01
certified,robustness,0.59,0.492,0.4944669551331522,25,6,19,5,8,0.8333333333333334,0.42105263157894735,True,,577,25,500,0.05,0.01,0.8,0.01
certified,robustness,0.75,0.492,0.4955717468045744,25,6,19,5,5,0.8333333333333334,0.2631578947368421,True,,578,25,500,0.05,0.01,0.8,0.01
certified,robustness,0.52,0.492,0.4972970976386668,25,10,15,9,5,0.9,0.3333333333333333,True,,579,25,500,0.05,0.01,0.8,0.01
certified,robustness,0.59,0.492,0.4965460948275442,25,8,17,7,5,0.875,0.29411764705882354,True,,580,25,500,0.05,0.01,0.8,0.01
certified,robustness,0.65,0.492,0.4925280110852246,25,6,19,5,7,0.8333333333333334,0.3684210526315789,True,,581,25,500,0.05,0.01,0.8,0.01
certified,robustness,0.55,0.492,0.49684867435352886,25,9,16,8,5,0.8888888888888888,0.3125,True,,582,25,500,0.05,0.01,0.8,0.01
certified,robustness,0.44,0.492,0.49451090602308834,25,9,16,8,7,0.8888888888888888,0.4375,True,,583,25,500,0.05,0.01,0.8,0.01
certified,robustness,0.71,0.492,0.4952840938120908,25,6,19,5,6,0.8333333333333334,0.3157894736842105,True,,584,25,500,0.05,0.01,0.8,0.01
certified,robustness,0.35,0.492,0.4974475114424653,25,6,19,6,8,1.0,0.42105263157894735,True,,585,25,500,0.05,0.01,0.8,0.01
certified,robustness,0.43,0.492,0.4937007616713314,25,9,16,9,5,1.0,0.3125,True,,586,25,500,0.05,0.01,0.8,0.01
not_certified,robustness,,0.492,0.39658713521954475,25,4,21,3,9,0.75,0.42857142857142855,True,,587,25,500,0.05,0.01,0.8,0.01
certified,robustness,0.43,0.492,0.4937007616713314,25,9,16,9,5,1.0,0.3125,True,,588,25,500,0.05,0.01,0.8,0.01
certified,robustness,0.45,0.492,0.49646823440028737,25,6,19,6,5,1.0,0.2631578947368421,True,,589,25,500,0.05,0.01,0.8,0.01
certified,robustness,0.4,0.492,0.4922712059658907,25,4,21,4,7,1.0,0.3333333333333333,True,,590,25,500,0.05,0.01,0.8,0.01
certified,robustness,0.42,0.492,0.4951510379627224,25,8,17,7,8,0.875,0.47058823529411764,True,,591,25,500,0.05,0.01,0.8,0.01
certified,robustness,0.38,0.492,0.49419308336557355,25,10,15,10,6,1.0,0.4,True,,592,25,500,0.05,0.01,0.8,0.01
certified,robustness,0.43,0.492,0.4937007616713314,25,9,16,9,5,1.0,0.3125,True,,593,25,500,0.05,0.01,0.8,0.01
certified,robustness,0.45,0.492,0.5007125443363438,25,7,18,7,5,1.0,0.2777777777777778,True,,594,25,500,0.05,0.01,0.8,0.01
certified,robustness,0.45,0.492,0.5007125443363438,25,7,18,7,5,1.0,0.2777777777777778,True,,595,25,500,0.05,0.01,0.8,0.01
certified,robustness,0.49,0.492,0.4967771538820497,25,8,17,7,7,0.875,0.4117647058823529,True,,596,25,500,0.05,0.01,0.8,0.01
certified,robustness,0.41,0.492,0.493007693940917,25,7,18,7,6,1.0,0.3333333333333333,True,,597,25,500,0.05,0.01,0.8,0.01
certified,robustness,0.48,0.492,0.49360205811851865,25,7,18,6,8,0.8571428571428571,0.4444444444444444,True,,598,25,500,0.05,0.01,0.8,0.01
certified,robustness,0.78,0.492,0.4953362214433735,25,6,19,5,4,0.8333333333333334,0.21052631578947367,True,,599,25,500,0.05,0.01,0.8,0.01
certified,robustness,0.63,0.492,0.49741599014057725,25,8,17,7,4,0.875,0.23529411764705882,True,,600,25,500,0.05,0.01,0.8,0.01
certified,robustness,0.55,0.492,0.49684867435352886,25,9,16,8,5,0.8888888888888888,0.3125,True,,601,25,500,0.05,0.01,0.8,0.01
certified,robustness,0.35,0.492,0.4974475114424653,25,6,19,6,8,1.0,0.42105263157894735,True,,602,25,500,0.05,0.01,0.8,0.01
certified,robustness,0.68,0.492,0.49344130909645173,25,7,18,6,4,0.8571428571428571,0.2222222222222222,True,,603,25,500,0.05,0.01,0.8,0.01
certified,robustness,0.59,0.492,0.49212363991081953,25,10,15,9,3,0.9,0.2,True,,604,25,500,0.05,0.01,0.8,0.01
certified,robustness,0.56,0.492,0.495882353796407,25,10,15,9,4,0.9,0.26666666666666666,True,,605,25,500,0.05,0.01,0.8,0.01
certified,robustness,0.36,0.492,0.4929169882548909,25,8,17,8,7,1.0,0.4117647058823529,True,,606,25,500,0.05,0.01,0.8,0.01
certified,robustness,0.54,0.492,0.4976598291540356,25,11,14,10,4,0.9090909090909091,0.2857142857142857,True,,607,25,500,0.05,0.01,0.8,0.01
certified,robustness,0.29,0.492,0.4959451389895906,25,4,21,4,10,1.0,0.47619047619047616,True,,608,25,500,0.05,0.01,0.8,0.01
certified,robustness,0.33,0.492,0.49389542205106285,25,7,18,7,8,1.0,0.4444444444444444,True,,609,25,500,0.05,0.01,0.8,0.01
certified,robustness,0.75,0.492,0.4955717468045744,25,6,19,5,5,0.8333333333333334,0.2631578947368421,True,,610,25,500,0.05,0.01,0.8,0.01
certified,robustness,0.55,0.492,0.49547550807528684,25,7,18,6,7,0.8571428571428571,0.3888888888888889,True,,611,25,500,0.05,0.01,0.8,0.01
certified,robustness,0.55,0.492,0.49547550807528684,25,7,18,6,7,0.8571428571428571,0.3888888888888889,True,,612,25,500,0.05,0.01,0.8,0.01
certified,robustness,0.38,0.492,0.4986174992486053,25,7,18,7,7,1.0,0.3888888888888889,True,,613,25,500,0.05,0.01,0.8,0.01
certified,robustness,0.45,0.492,0.4927155327479466,25,5,20,5,5,1.0,0.25,True,,614,25,500,0.05,0.01,0.8,0.01
certified,robustness,0.43,0.492,0.4937007616713314,25,9,16,9,5,1.0,0.3125,True,,615,25,500,0.05,0.01,0.8,0.01
certified,robustness,0.49,0.492,0.4967771538820497,25,8,17,7,7,0.875,0.4117647058823529,True,,616,25,500,0.05,0.01,0.8,0.01
certified,robustness,0.55,0.492,0.49684867435352886,25,9,16,8,5,0.8888888888888888,0.3125,True,,617,25,500,0.05,0.01,0.8,0.01
certified,robustness,0.55,0.492,0.49547550807528684,25,7,18,6,7,0.8571428571428571,0.3888888888888889,True,,618,25,500,0.05,0.01,0.8,0.01
certified,robustness,0.42,0.492,0.4952445798855989,25,6,19,6,6,1.0,0.3157894736842105,True,,619,25,500,0.05,0.01,0.8,0.01
certified,robustness,0.4,0.492,0.49879524281767745,25,5,20,5,7,1.0,0.35,True,,620,25,500,0.05,0.01,0.8,0.01
certified,robustness,0.47,0.492,0.4949951051135935,25,7,18,7,4,1.0,0.2222222222222222,True,,621,25,500,0.05,0.01,0.8,0.01
certified,robustness,0.38,0.492,0.4986174992486053,25,7,18,7,7,1.0,0.3888888888888889,True,,622,25,500,0.05,0.01,0.8,0.01
certified,robustness,0.46,0.492,0.492290283128893,25,9,16,9,4,1.0,0.25,True,,623,25,500,0.05,0.01,0.8,0.01
certified,robustness,0.42,0.492,0.4952445798855989,25,6,19,6,6,1.0,0.3157894736842105,True,,624,25,500,0.05,0.01,0.8,0.01
certified,robustness,0.49,0.492,0.4967771538820497,25,8,17,7,7,0.875,0.4117647058823529,True,,625,25,500,0.05,0.01,0.8,0.01
certified,robustness,0.48,0.492,0.49360205811851865,25,7,18,6,8,0.8571428571428571,0.4444444444444444,True,,626,25,500,0.05,0.01,0.8,0.01
certified,robustness,0.43,0.492,0.5004277015026096,25,10,15,10,5,1.0,0.3333333333333333,True,,627,25,500,0.05,0.01,0.8,0.01
certified,robustness,0.36,0.492,0.49525958701751566,25,5,20,5,8,1.0,0.4,True,,628,25,500,0.05,0.01,0.8,0.01
certified,robustness,0.42,0.492,0.4952445798855989,25,6,19,6,6,1.0,0.3157894736842105,True,,629,25,500,0.05,0.01,0.8,0.01
certified,robustness,0.6,0.492,0.4939409272118177,25,7,18,6,6,0.8571428571428571,0.3333333333333333,True,,630,25,500,0.05,0.01,0.8,0.01
certified,robustness,0.55,0.492,0.49684867435352886,25,9,16,8,5,0.8888888888888888,0.3125,True,,631,25,500,0.05,0.01,0.8,0.01
certified,robustness,0.52,0.492,0.4972970976386668,25,10,15,9,5,0.9,0.3333333333333333,True,,632,25,500,0.05,0.01,0.8,0.01
certified,robustness,0.31,0.492,0.4928192344208572,25,8,17,8,8,1.0,0.47058823529411764,True,,633,25,500,0.05,0.01,0.8,0.01
certified,robustness,0.3,0.492,0.494997819160831,25,6,19,6,9,1.0,0.47368421052631576,True,,634,25,500,0.05,0.01,0.8,0.01
certified,robustness,0.42,0.492,0.4952445798855989,25,6,19,6,6,1.0,0.3157894736842105,True,,635,25,500,0.05,0.01,0.8,0.01
certified,robustness,0.4,0.492,0.49879524281767745,25,5,20,5,7,1.0,0.35,True,,636,25,500,0.05,0.01,0.8,0.01
certified,robustness,0.59,0.492,0.4944669551331522,25,6,19,5,8,0.8333333333333334,0.42105263157894735,True,,637,25,500,0.05,0.01,0.8,0.01
certified,robustness,0.65,0.492,0.4925280110852246,25,6,19,5,7,0.8333333333333334,0.3684210526315789,True,,638,25,500,0.05,0.01,0.8,0.01
certified,robustness,0.39,0.492,0.49807204916851,25,6,19,6,7,1.0,0.3684210526315789,True,,639,25,500,0.05,0.01,0.8,0.01
certified,robustness,0.55,0.492,0.49684867435352886,25,9,16,8,5,0.8888888888888888,0.3125,True,,640,25,500,0.05,0.01,0.8,0.01
certified,robustness,0.65,0.492,0.4965248921565327,25,7,18,6,5,0.8571428571428571,0.2777777777777778,True,,641,25,500,0.05,0.01,0.8,0.01
certified,robustness,0.71,0.492,0.4952840938120908,25,6,19,5,6,0.8333333333333334,0.3157894736842105,True,,642,25,500,0.05,0.01,0.8,0.01
certified,robustness,0.41,0.492,0.493007693940917,25,7,18,7,6,1.0,0.3333333333333333,True,,643,25,500,0.05,0.01,0.8,0.01
certified,robustness,0.41,0.492,0.49482836374336775,25,3,22,3,7,1.0,0.3181818181818182,True,,644,25,500,0.05,0.01,0.8,0.01
certified,robustness,0.75,0.492,0.4955717468045744,25,6,19,5,5,0.8333333333333334,0.2631578947368421,True,,645,25,500,0.05,0.01,0.8,0.01
certified,robustness,0.43,0.492,0.498396883838886,25,5,20,5,6,1.0,0.3,True,,646,25,500,0.05,0.01,0.8,0.01
certified,robustness,0.33,0.492,0.49389542205106285,25,7,18,7,8,1.0,0.4444444444444444,True,,647,25,500,0.05,0.01,0.8,0.01
certified,robustness,0.43,0.492,0.498396883838886,25,5,20,5,6,1.0,0.3,True,,648,25,500,0.05,0.01,0.8,0.01
certified,robustness,0.41,0.492,0.493007693940917,25,7,18,7,6,1.0,0.3333333333333333,True,,649,25,500,0.05,0.01,0.8,0.01
certified,robustness,0.59,0.492,0.4965460948275442,25,8,17,7,5,0.875,0.29411764705882354,True,,650,25,500,0.05,0.01,0.8,0.01
not_certified,robustness,,0.492,0.4696779348335156,25,5,20,4,7,0.8,0.35,True,,651,25,500,0.05,0.01,0.8,0.01
certified,robustness,0.41,0.492,0.5002140005070413,25,8,17,8,6,1.0,0.35294117647058826,True,,652,25,500,0.05,0.01,0.8,0.01
certified,robustness,0.45,0.492,0.5007125443363438,25,7,18,7,5,1.0,0.2777777777777778,True,,653,25,500,0.05,0.01,0.8,0.01
certified,robustness,0.65,0.492,0.4925280110852246,25,6,19,5,7,0.8333333333333334,0.3684210526315789,True,,654,25,500,0.05,0.01,0.8,0.01
not_certified,robustness,,0.492,0.4795856370377778,25,5,20,4,8,0.8,0.4,True,,655,25,500,0.05,0.01,0.8,0.01
certified,robustness,0.43,0.492,0.4937007616713314,25,9,16,9,5,1.0,0.3125,True,,656,25,500,0.05,0.01,0.8,0.01
certified,robustness,0.43,0.492,0.498396883838886,25,5,20,5,6,1.0,0.3,True,,657,25,500,0.05,0.01,0.8,0.01
certified,robustness,0.52,0.492,0.4972970976386668,25,10,15,9,5,0.9,0.3333333333333333,True,,658,25,500,0.05,0.01,0.8,0.01
certified,robustness,0.6,0.492,0.4939409272118177,25,7,18,6,6,0.8571428571428571,0.3333333333333333,True,,659,25,500,0.05,0.01,0.8,0.01
certified,robustness,0.44,0.492,0.4967464241127555,25,8,17,8,5,1.0,0.29411764705882354,True,,660,25,500,0.05,0.01,0.8,0.01
certified,robustness,0.48,0.492,0.4993405486804769,25,5,20,5,4,1.0,0.2,True,,661,25,500,0.05,0.01,0.8,0.01
certified,robustness,0.41,0.492,0.5002140005070413,25,8,17,8,6,1.0,0.35294117647058826,True,,662,25,500,0.05,0.01,0.8,0.01
certified,robustness,0.44,0.492,0.4967464241127555,25,8,17,8,5,1.0,0.29411764705882354,True,,663,25,500,0.05,0.01,0.8,0.01
certified,robustness,0.47,0.492,0.4949951051135935,25,7,18,7,4,1.0,0.2222222222222222,True,,664,25,500,0.05,0.01,0.8,0.01
certified,robustness,0.42,0.492,0.4952445798855989,25,6,19,6,6,1.0,0.3157894736842105,True,,665,25,500,0.05,0.01,0.8,0.01
certified,robustness,0.43,0.492,0.49361657209485993,25,4,21,4,6,1.0,0.2857142857142857,True,,666,25,500,0.05,0.01,0.8,0.01
certified,robustness,0.42,0.492,0.4952445798855989,25,6,19,6,6,1.0,0.3157894736842105,True,,667,25,500,0.05,0.01,0.8,0.01
certified,robustness,0.48,0.492,0.4993405486804769,25,5,20,5,4,1.0,0.2,True,,668,25,500,0.05,0.01,0.8,0.01
certified,robustness,0.6,0.492,0.4939409272118177,25,7,18,6,6,0.8571428571428571,0.3333333333333333,True,,669,25,500,0.05,0.01,0.8,0.01
certified,robustness,0.6,0.492,0.4939409272118177,25,7,18,6,6,0.8571428571428571,0.3333333333333333,True,,670,25,500,0.05,0.01,0.8,0.01
certified,robustness,0.55,0.492,0.49547550807528684,25,7,18,6,7,0.8571428571428571,0.3888888888888889,True,,671,25,500,0.05,0.01,0.8,0.01
certified,robustness,0.63,0.492,0.49741599014057725,25,8,17,7,4,0.875,0.23529411764705882,True,,672,25,500,0.05,0.01,0.8,0.01
certified,robustness,0.68,0.492,0.49344130909645173,25,7,18,6,4,0.8571428571428571,0.2222222222222222,True,,673,25,500,0.05,0.01,0.8,0.01
certified,robustness,0.71,0.492,0.4952840938120908,25,6,19,5,6,0.8333333333333334,0.3157894736842105,True,,674,25,500,0.05,0.01,0.8,0.01
certified,robustness,0.63,0.492,0.49741599014057725,25,8,17,7,4,0.875,0.23529411764705882,True,,675,25,500,0.05,0.01,0.8,0.01
certified,robustness,0.59,0.492,0.4944669551331522,25,6,19,5,8,0.8333333333333334,0.42105263157894735,True,,676,25,500,0.05,0.01,0.8,0.01
certified,robustness,0.55,0.492,0.49684867435352886,25,9,16,8,5,0.8888888888888888,0.3125,True,,677,25,500,0.05,0.01,0.8,0.01
certified,robustness,0.48,0.492,0.49360205811851865,25,7,18,6,8,0.8571428571428571,0.4444444444444444,True,,678,25,500,0.05,0.01,0.8,0.01
certified,robustness,0.4,0.492,0.4940417528994182,25,10,15,9,7,0.9,0.4666666666666667,True,,679,25,500,0.05,0.01,0.8,0.01
certified,robustness,0.45,0.492,0.4927155327479466,25,5,20,5,5,1.0,0.25,True,,680,25,500,0.05,0.01,0.8,0.01
certified,robustness,0.36,0.492,0.4929169882548909,25,8,17,8,7,1.0,0.4117647058823529,True,,681,25,500,0.05,0.01,0.8,0.01
certified,robustness,0.45,0.492,0.49646823440028737,25,6,19,6,5,1.0,0.2631578947368421,True,,682,25,500,0.05,0.01,0.8,0.01
certified,robustness,0.45,0.492,0.4927155327479466,25,5,20,5,5,1.0,0.25,True,,683,25,500,0.05,0.01,0.8,0.01
certified,robustness,0.47,0.492,0.4949951051135935,25,7,18,7,4,1.0,0.2222222222222222,True,,684,25,500,0.05,0.01,0.8,0.01
certified,robustness,0.39,0.492,0.49807204916851,25,6,19,6,7,1.0,0.3684210526315789,True,,685,25,500,0.05,0.01,0.8,0.01
certified,robustness,0.4,0.492,0.49320123018962453,25,12,13,11,6,0.9166666666666666,0.46153846153846156,True,,686,25,500,0.05,0.01,0.8,0.01
certified,robustness,0.65,0.492,0.4965248921565327,25,7,18,6,5,0.8571428571428571,0.2777777777777778,True,,687,25,500,0.05,0.01,0.8,0.01
certified,robustness,0.46,0.492,0.49202628927325986,25,10,15,9,6,0.9,0.4,True,,688,25,500,0.05,0.01,0.8,0.01
certified,robustness,0.41,0.492,0.493007693940917,25,7,18,7,6,1.0,0.3333333333333333,True,,689,25,500,0.05,0.01,0.8,0.01
certified,robustness,0.59,0.492,0.4965460948275442,25,8,17,7,5,0.875,0.29411764705882354,True,,690,25,500,0.05,0.01,0.8,0.01
certified,robustness,0.55,0.492,0.49547550807528684,25,7,18,6,7,0.8571428571428571,0.3888888888888889,True,,691,25,500,0.05,0.01,0.8,0.01
certified,robustness,0.42,0.492,0.4952445798855989,25,6,19,6,6,1.0,0.3157894736842105,True,,692,25,500,0.05,0.01,0.8,0.01
certified,robustness,0.78,0.492,0.4953362214433735,25,6,19,5,4,0.8333333333333334,0.21052631578947367,True,,693,25,500,0.05,0.01,0.8,0.01
certified,robustness,0.41,0.492,0.493007693940917,25,7,18,7,6,1.0,0.3333333333333333,True,,694,25,500,0.05,0.01,0.8,0.01
certified,robustness,0.59,0.492,0.4965460948275442,25,8,17,7,5,0.875,0.29411764705882354,True,,695,25,500,0.05,0.01,0.8,0.01
certified,robustness,0.5,0.492,0.4930173369069377,25,6,19,5,9,0.8333333333333334,0.47368421052631576,True,,696,25,500,0.05,0.01,0.8,0.01
certified,robustness,0.55,0.492,0.49547550807528684,25,7,18,6,7,0.8571428571428571,0.3888888888888889,True,,697,25,500,0.05,0.01,0.8,0.01
certified,robustness,0.6,0.492,0.4939409272118177,25,7,18,6,6,0.8571428571428571,0.3333333333333333,True,,698,25,500,0.05,0.01,0.8,0.01
certified,robustness,0.38,0.492,0.4986174992486053,25,7,18,7,7,1.0,0.3888888888888889,True,,699,25,500,0.05,0.01,0.8,0.01
certified,robustness,0.44,0.492,0.4967464241127555,25,8,17,8,5,1.0,0.29411764705882354,True,,700,25,500,0.05,0.01,0.8,0.01
certified,robustness,0.59,0.492,0.4965460948275442,25,8,17,7,5,0.875,0.29411764705882354,True,,701,25,500,0.05,0.01,0.8,0.01
not_certified,robustness,,0.492,0.4598288392805784,25,5,20,4,6,0.8,0.3,True,,702,25,500,0.05,0.01,0.8,0.01
certified,robustness,0.63,0.492,0.49741599014057725,25,8,17,7,4,0.875,0.23529411764705882,True,,703,25,500,0.05,0.01,0.8,0.01
certified,robustness,0.37,0.492,0.4944738503343525,25,4,21,4,8,1.0,0.38095238095238093,True,,704,25,500,0.05,0.01,0.8,0.01
certified,robustness,0.31,0.492,0.4928192344208572,25,8,17,8,8,1.0,0.47058823529411764,True,,705,25,500,0.05,0.01,0.8,0.01
certified,robustness,0.39,0.492,0.49216592412852833,25,9,16,9,6,1.0,0.375,True,,706,25,500,0.05,0.01,0.8,0.01
certified,robustness,0.59,0.492,0.49682706627826256,25,9,16,8,4,0.8888888888888888,0.25,True,,707,25,500,0.05,0.01,0.8,0.01
certified,robustness,0.36,0.492,0.49525958701751566,25,5,20,5,8,1.0,0.4,True,,708,25,500,0.05,0.01,0.8,0.01
certified,robustness,0.5,0.492,0.4956023008180176,25,9,16,8,6,0.8888888888888888,0.375,True,,709,25,500,0.05,0.01,0.8,0.01
certified,robustness,0.54,0.492,0.49438466579619333,25,8,17,7,6,0.875,0.35294117647058826,True,,710,25,500,0.05,0.01,0.8,0.01
certified,robustness,0.42,0.492,0.4952445798855989,25,6,19,6,6,1.0,0.3157894736842105,True,,711,25,500,0.05,0.01,0.8,0.01
certified,robustness,0.59,0.492,0.49682706627826256,25,9,16,8,4,0.8888888888888888,0.25,True,,712,25,500,0.05,0.01,0.8,0.01
certified,robustness,0.55,0.492,0.49684867435352886,25,9,16,8,5,0.8888888888888888,0.3125,True,,713,25,500,0.05,0.01,0.8,0.01
certified,robustness,0.54,0.492,0.49438466579619333,25,8,17,7,6,0.875,0.35294117647058826,True,,714,25,500,0.05,0.01,0.8,0.01
certified,robustness,0.68,0.492,0.49344130909645173,25,7,18,6,4,0.8571428571428571,0.2222222222222222,True,,715,25,500,0.05,0.01,0.8,0.01
certified,robustness,0.6,0.492,0.4939409272118177,25,7,18,6,6,0.8571428571428571,0.3333333333333333,True,,716,25,500,0.05,0.01,0.8,0.01
certified,robustness,0.38,0.492,0.4986174992486053,25,7,18,7,7,1.0,0.3888888888888889,True,,717,25,500,0.05,0.01,0.8,0.01
certified,robustness,0.45,0.492,0.5007125443363438,25,7,18,7,5,1.0,0.2777777777777778,True,,718,25,500,0.05,0.01,0.8,0.01
certified,robustness,0.55,0.492,0.49684867435352886,25,9,16,8,5,0.8888888888888888,0.3125,True,,719,25,500,0.05,0.01,0.8,0.01
certified,robustness,0.33,0.492,0.49389542205106285,25,7,18,7,8,1.0,0.4444444444444444,True,,720,25,500,0.05,0.01,0.8,0.01
not_certified,robustness,,0.492,0.36828792434019564,25,4,21,3,6,0.75,0.2857142857142857,True,,721,25,500,0.05,0.01,0.8,0.01
certified,robustness,0.46,0.492,0.492290283128893,25,9,16,9,4,1.0,0.25,True,,722,25,500,0.05,0.01,0.8,0.01
certified,robustness,0.45,0.492,0.4927155327479466,25,5,20,5,5,1.0,0.25,True,,723,25,500,0.05,0.01,0.8,0.01
certified,robustness,0.63,0.492,0.49741599014057725,25,8,17,7,4,0.875,0.23529411764705882,True,,724,25,500,0.05,0.01,0.8,0.01
certified,robustness,0.37,0.492,0.4944738503343525,25,4,21,4,8,1.0,0.38095238095238093,True,,725,25,500,0.05,0.01,0.8,0.01
certified,robustness,0.38,0.492,0.4986174992486053,25,7,18,7,7,1.0,0.3888888888888889,True,,726,25,500,0.05,0.01,0.8,0.01
certified,robustness,0.49,0.492,0.49812118425065705,25,10,15,10,3,1.0,0.2,True,,727,25,500,0.05,0.01,0.8,0.01
certified,robustness,0.43,0.492,0.498396883838886,25,5,20,5,6,1.0,0.3,True,,728,25,500,0.05,0.01,0.8,0.01
certified,robustness,0.59,0.492,0.4965460948275442,25,8,17,7,5,0.875,0.29411764705882354,True,,729,25,500,0.05,0.01,0.8,0.01
certified,robustness,0.36,0.492,0.4929169882548909,25,8,17,8,7,1.0,0.4117647058823529,True,,730,25,500,0.05,0.01,0.8,0.01
certified,robustness,0.43,0.492,0.498396883838886,25,5,20,5,6,1.0,0.3,True,,731,25,500,0.05,0.01,0.8,0.01
certified,robustness,0.36,0.492,0.4929169882548909,25,8,17,8,7,1.0,0.4117647058823529,True,,732,25,500,0.05,0.01,0.8,0.01
certified,robustness,0.41,0.492,0.493007693940917,25,7,18,7,6,1.0,0.3333333333333333,True,,733,25,500,0.05,0.01,0.8,0.01
certified,robustness,0.43,0.492,0.49361657209485993,25,4,21,4,6,1.0,0.2857142857142857,True,,734,25,500,0.05,0.01,0.8,0.01
certified,robustness,0.41,0.492,0.493007693940917,25,7,18,7,6,1.0,0.3333333333333333,True,,735,25,500,0.05,0.01,0.8,0.01
certified,robustness,0.36,0.492,0.4929169882548909,25,8,17,8,7,1.0,0.4117647058823529,True,,736,25,500,0.05,0.01,0.8,0.01
certified,robustness,0.39,0.492,0.49807204916851,25,6,19,6,7,1.0,0.3684210526315789,True,,737,25,500,0.05,0.01,0.8,0.01
certified,robustness,0.55,0.492,0.49547550807528684,25,7,18,6,7,0.8571428571428571,0.3888888888888889,True,,738,25,500,0.05,0.01,0.8,0.01
certified,robustness,0.39,0.492,0.49807204916851,25,6,19,6,7,1.0,0.3684210526315789,True,,739,25,500,0.05,0.01,0.8,0.01
certified,robustness,0.68,0.492,0.49344130909645173,25,7,18,6,4,0.8571428571428571,0.2222222222222222,True,,740,25,500,0.05,0.01,0.8,0.01
certified,robustness,0.43,0.492,0.4937007616713314,25,9,16,9,5,1.0,0.3125,True,,741,25,500,0.05,0.01,0.8,0.01
certified,robustness,0.47,0.492,0.4949951051135935,25,7,18,7,4,1.0,0.2222222222222222,True,,742,25,500,0.05,0.01,0.8,0.01
certified,robustness,0.45,0.492,0.49646823440028737,25,6,19,6,5,1.0,0.2631578947368421,True,,743,25,500,0.05,0.01,0.8,0.01
certified,robustness,0.71,0.492,0.4952840938120908,25,6,19,5,6,0.8333333333333334,0.3157894736842105,True,,744,25,500,0.05,0.01,0.8,0.01
certified,robustness,0.42,0.492,0.4952445798855989,25,6,19,6,6,1.0,0.3157894736842105,True,,745,25,500,0.05,0.01,0.8,0.01
certified,robustness,0.75,0.492,0.4955717468045744,25,6,19,5,5,0.8333333333333334,0.2631578947368421,True,,746,25,500,0.05,0.01,0.8,0.01
certified,robustness,0.36,0.492,0.4934581455611901,25,11,14,10,7,0.9090909090909091,0.5,True,,747,25,500,0.05,0.01,0.8,0.01
certified,robustness,0.65,0.492,0.4965248921565327,25,7,18,6,5,0.8571428571428571,0.2777777777777778,True,,748,25,500,0.05,0.01,0.8,0.01
certified,robustness,0.75,0.492,0.4955717468045744,25,6,19,5,5,0.8333333333333334,0.2631578947368421,True,,749,25,500,0.05,0.01,0.8,0.01
certified,robustness,0.38,0.492,0.4986174992486053,25,7,18,7,7,1.0,0.3888888888888889,True,,750,25,500,0.05,0.01,0.8,0.01
certified,robustness,0.46,0.492,0.49202628927325986,25,10,15,9,6,0.9,0.4,True,,751,25,500,0.05,0.01,0.8,0.01
certified,robustness,0.45,0.492,0.5007125443363438,25,7,18,7,5,1.0,0.2777777777777778,True,,752,25,500,0.05,0.01,0.8,0.01
certified,robustness,0.41,0.492,0.493007693940917,25,7,18,7,6,1.0,0.3333333333333333,True,,753,25,500,0.05,0.01,0.8,0.01
certified,robustness,0.41,0.492,0.493007693940917,25,7,18,7,6,1.0,0.3333333333333333,True,,754,25,500,0.05,0.01,0.8,0.01
certified,robustness,0.43,0.492,0.498396883838886,25,5,20,5,6,1.0,0.3,True,,755,25,500,0.05,0.01,0.8,0.01
certified,robustness,0.42,0.492,0.4952445798855989,25,6,19,6,6,1.0,0.3157894736842105,True,,756,25,500,0.05,0.01,0.8,0.01
certified,robustness,0.44,0.492,0.49451090602308834,25,9,16,8,7,0.8888888888888888,0.4375,True,,757,25,500,0.05,0.01,0.8,0.01
certified,robustness,0.42,0.492,0.4952445798855989,25,6,19,6,6,1.0,0.3157894736842105,True,,758,25,500,0.05,0.01,0.8,0.01
certified,robustness,0.49,0.492,0.4943612458298002,25,8,17,8,3,1.0,0.17647058823529413,True,,759,25,500,0.05,0.01,0.8,0.01
certified,robustness,0.6,0.492,0.4939409272118177,25,7,18,6,6,0.8571428571428571,0.3333333333333333,True,,760,25,500,0.05,0.01,0.8,0.01
certified,robustness,0.42,0.492,0.4952445798855989,25,6,19,6,6,1.0,0.3157894736842105,True,,761,25,500,0.05,0.01,0.8,0.01
certified,robustness,0.6,0.492,0.4939409272118177,25,7,18,6,6,0.8571428571428571,0.3333333333333333,True,,762,25,500,0.05,0.01,0.8,0.01
certified,robustness,0.45,0.492,0.5007125443363438,25,7,18,7,5,1.0,0.2777777777777778,True,,763,25,500,0.05,0.01,0.8,0.01
certified,robustness,0.4,0.492,0.49879524281767745,25,5,20,5,7,1.0,0.35,True,,764,25,500,0.05,0.01,0.8,0.01
certified,robustness,0.43,0.492,0.49240476227220586,25,11,14,10,6,0.9090909090909091,0.42857142857142855,True,,765,25,500,0.05,0.01,0.8,0.01
certified,robustness,0.44,0.492,0.4967464241127555,25,8,17,8,5,1.0,0.29411764705882354,True,,766,25,500,0.05,0.01,0.8,0.01
certified,robustness,0.49,0.492,0.49610695159817,25,9,16,9,3,1.0,0.1875,True,,767,25,500,0.05,0.01,0.8,0.01
certified,robustness,0.45,0.492,0.5007125443363438,25,7,18,7,5,1.0,0.2777777777777778,True,,768,25,500,0.05,0.01,0.8,0.01
certified,robustness,0.75,0.492,0.4955717468045744,25,6,19,5,5,0.8333333333333334,0.2631578947368421,True,,769,25,500,0.05,0.01,0.8,0.01
certified,robustness,0.5,0.492,0.4956023008180176,25,9,16,8,6,0.8888888888888888,0.375,True,,770,25,500,0.05,0.01,0.8,0.01
certified,robustness,0.5,0.492,0.501149777242891,25,6,19,6,3,1.0,0.15789473684210525,True,,771,25,500,0.05,0.01,0.8,0.01
certified,robustness,0.49,0.492,0.4967771538820497,25,8,17,7,7,0.875,0.4117647058823529,True,,772,25,500,0.05,0.01,0.8,0.01
certified,robustness,0.35,0.492,0.4974475114424653,25,6,19,6,8,1.0,0.42105263157894735,True,,773,25,500,0.05,0.01,0.8,0.01
certified,robustness,0.42,0.492,0.4952445798855989,25,6,19,6,6,1.0,0.3157894736842105,True,,774,25,500,0.05,0.01,0.8,0.01
not_certified,robustness,,0.492,0.4795856370377778,25,5,20,4,8,0.8,0.4,True,,775,25,500,0.05,0.01,0.8,0.01
certified,robustness,0.54,0.492,0.49438466579619333,25,8,17,7,6,0.875,0.35294117647058826,True,,776,25,500,0.05,0.01,0.8,0.01
certified,robustness,0.49,0.492,0.4967771538820497,25,8,17,7,7,0.875,0.4117647058823529,True,,777,25,500,0.05,0.01,0.8,0.01
certified,robustness,0.4,0.492,0.49879524281767745,25,5,20,5,7,1.0,0.35,True,,778,25,500,0.05,0.01,0.8,0.01
certified,robustness,0.5,0.492,0.4956023008180176,25,9,16,8,6,0.8888888888888888,0.375,True,,779,25,500,0.05,0.01,0.8,0.01
certified,robustness,0.71,0.492,0.4952840938120908,25,6,19,5,6,0.8333333333333334,0.3157894736842105,True,,780,25,500,0.05,0.01,0.8,0.01
certified,robustness,0.49,0.492,0.4967771538820497,25,8,17,7,7,0.875,0.4117647058823529,True,,781,25,500,0.05,0.01,0.8,0.01
certified,robustness,0.55,0.492,0.49547550807528684,25,7,18,6,7,0.8571428571428571,0.3888888888888889,True,,782,25,500,0.05,0.01,0.8,0.01
certified,robustness,0.35,0.492,0.4974475114424653,25,6,19,6,8,1.0,0.42105263157894735,True,,783,25,500,0.05,0.01,0.8,0.01
certified,robustness,0.43,0.492,0.498396883838886,25,5,20,5,6,1.0,0.3,True,,784,25,500,0.05,0.01,0.8,0.01
certified,robustness,0.4,0.492,0.4940963418654222,25,6,19,5,10,0.8333333333333334,0.5263157894736842,True,,785,25,500,0.05,0.01,0.8,0.01
certified,robustness,0.52,0.492,0.4972970976386668,25,10,15,9,5,0.9,0.3333333333333333,True,,786,25,500,0.05,0.01,0.8,0.01
certified,robustness,0.39,0.492,0.49216592412852833,25,9,16,9,6,1.0,0.375,True,,787,25,500,0.05,0.01,0.8,0.01
certified,robustness,0.42,0.492,0.4951510379627224,25,8,17,7,8,0.875,0.47058823529411764,True,,788,25,500,0.05,0.01,0.8,0.01
certified,robustness,0.39,0.492,0.49216592412852833,25,9,16,9,6,1.0,0.375,True,,789,25,500,0.05,0.01,0.8,0.01
certified,robustness,0.43,0.492,0.49361657209485993,25,4,21,4,6,1.0,0.2857142857142857,True,,790,25,500,0.05,0.01,0.8,0.01
certified,robustness,0.38,0.492,0.4986174992486053,25,7,18,7,7,1.0,0.3888888888888889,True,,791,25,500,0.05,0.01,0.8,0.01
certified,robustness,0.46,0.492,0.492290283128893,25,9,16,9,4,1.0,0.25,True,,792,25,500,0.05,0.01,0.8,0.01
not_certified,robustness,,0.492,0.4598288392805784,25,5,20,4,6,0.8,0.3,True,,793,25,500,0.05,0.01,0.8,0.01
certified,robustness,0.41,0.492,0.49482836374336775,25,3,22,3,7,1.0,0.3181818181818182,True,,794,25,500,0.05,0.01,0.8,0.01
certified,robustness,0.35,0.492,0.4974475114424653,25,6,19,6,8,1.0,0.42105263157894735,True,,795,25,500,0.05,0.01,0.8,0.01
certified,robustness,0.59,0.492,0.4944669551331522,25,6,19,5,8,0.8333333333333334,0.42105263157894735,True,,796,25,500,0.05,0.01,0.8,0.01
certified,robustness,0.66,0.492,0.4959480258388174,25,8,17,7,3,0.875,0.17647058823529413,True,,797,25,500,0.05,0.01,0.8,0.01
certified,robustness,0.41,0.492,0.493007693940917,25,7,18,7,6,1.0,0.3333333333333333,True,,798,25,500,0.05,0.01,0.8,0.01
certified,robustness,0.44,0.492,0.4980924069785333,25,3,22,3,6,1.0,0.2727272727272727,True,,799,25,500,0.05,0.01,0.8,0.01
certified,robustness,0.55,0.492,0.49547550807528684,25,7,18,6,7,0.8571428571428571,0.3888888888888889,True,,800,25,500,0.05,0.01,0.8,0.01
not_certified,robustness,,0.492,0.4500384609467137,25,5,20,4,5,0.8,0.25,True,,801,25,500,0.05,0.01,0.8,0.01
certified,robustness,0.5,0.492,0.4930173369069377,25,6,19,5,9,0.8333333333333334,0.47368421052631576,True,,802,25,500,0.05,0.01,0.8,0.01
certified,robustness,0.59,0.492,0.49212363991081953,25,10,15,9,3,0.9,0.2,True,,803,25,500,0.05,0.01,0.8,0.01
certified,robustness,0.45,0.492,0.5007125443363438,25,7,18,7,5,1.0,0.2777777777777778,True,,804,25,500,0.05,0.01,0.8,0.01
certified,robustness,0.29,0.492,0.4959451389895906,25,4,21,4,10,1.0,0.47619047619047616,True,,805,25,500,0.05,0.01,0.8,0.01
certified,robustness,0.49,0.492,0.4967771538820497,25,8,17,7,7,0.875,0.4117647058823529,True,,806,25,500,0.05,0.01,0.8,0.01
certified,robustness,0.49,0.492,0.4967771538820497,25,8,17,7,7,0.875,0.4117647058823529,True,,807,25,500,0.05,0.01,0.8,0.01
certified,robustness,0.55,0.492,0.49547550807528684,25,7,18,6,7,0.8571428571428571,0.3888888888888889,True,,808,25,500,0.05,0.01,0.8,0.01
certified,robustness,0.59,0.492,0.4944669551331522,25,6,19,5,8,0.8333333333333334,0.42105263157894735,True,,809,25,500,0.05,0.01,0.8,0.01
certified,robustness,0.6,0.492,0.4939409272118177,25,7,18,6,6,0.8571428571428571,0.3333333333333333,True,,810,25,500,0.05,0.01,0.8,0.01
certified,robustness,0.35,0.492,0.4971277608218583,25,9,16,9,7,1.0,0.4375,True,,811,25,500,0.05,0.01,0.8,0.01
certified,robustness,0.41,0.492,0.493007693940917,25,7,18,7,6,1.0,0.3333333333333333,True,,812,25,500,0.05,0.01,0.8,0.01
certified,robustness,0.44,0.492,0.4967464241127555,25,8,17,8,5,1.0,0.29411764705882354,True,,813,25,500,0.05,0.01,0.8,0.01
certified,robustness,0.44,0.492,0.4967464241127555,25,8,17,8,5,1.0,0.29411764705882354,True,,814,25,500,0.05,0.01,0.8,0.01
certified,robustness,0.42,0.492,0.4952445798855989,25,6,19,6,6,1.0,0.3157894736842105,True,,815,25,500,0.05,0.01,0.8,0.01
certified,robustness,0.43,0.492,0.4937007616713314,25,9,16,9,5,1.0,0.3125,True,,816,25,500,0.05,0.01,0.8,0.01
certified,robustness,0.48,0.492,0.49360205811851865,25,7,18,6,8,0.8571428571428571,0.4444444444444444,True,,817,25,500,0.05,0.01,0.8,0.01
certified,robustness,0.35,0.492,0.4974475114424653,25,6,19,6,8,1.0,0.42105263157894735,True,,818,25,500,0.05,0.01,0.8,0.01
certified,robustness,0.4,0.492,0.4940417528994182,25,10,15,9,7,0.9,0.4666666666666667,True,,819,25,500,0.05,0.01,0.8,0.01
certified,robustness,0.59,0.492,0.49682706627826256,25,9,16,8,4,0.8888888888888888,0.25,True,,820,25,500,0.05,0.01,0.8,0.01
certified,robustness,0.65,0.492,0.4925280110852246,25,6,19,5,7,0.8333333333333334,0.3684210526315789,True,,821,25,500,0.05,0.01,0.8,0.01
certified,robustness,0.59,0.492,0.4965460948275442,25,8,17,7,5,0.875,0.29411764705882354,True,,822,25,500,0.05,0.01,0.8,0.01
certified,robustness,0.43,0.492,0.49240476227220586,25,11,14,10,6,0.9090909090909091,0.42857142857142855,True,,823,25,500,0.05,0.01,0.8,0.01
certified,robustness,0.52,0.492,0.4972970976386668,25,10,15,9,5,0.9,0.3333333333333333,True,,824,25,500,0.05,0.01,0.8,0.01
certified,robustness,0.38,0.492,0.4986174992486053,25,7,18,7,7,1.0,0.3888888888888889,True,,825,25,500,0.05,0.01,0.8,0.01
certified,robustness,0.44,0.492,0.4967464241127555,25,8,17,8,5,1.0,0.29411764705882354,True,,826,25,500,0.05,0.01,0.8,0.01
certified,robustness,0.33,0.492,0.49389542205106285,25,7,18,7,8,1.0,0.4444444444444444,True,,827,25,500,0.05,0.01,0.8,0.01
certified,robustness,0.43,0.492,0.498396883838886,25,5,20,5,6,1.0,0.3,True,,828,25,500,0.05,0.01,0.8,0.01
certified,robustness,0.39,0.492,0.49807204916851,25,6,19,6,7,1.0,0.3684210526315789,True,,829,25,500,0.05,0.01,0.8,0.01
certified,robustness,0.59,0.492,0.4965460948275442,25,8,17,7,5,0.875,0.29411764705882354,True,,830,25,500,0.05,0.01,0.8,0.01
certified,robustness,0.48,0.492,0.4993405486804769,25,5,20,5,4,1.0,0.2,True,,831,25,500,0.05,0.01,0.8,0.01
certified,robustness,0.55,0.492,0.49684867435352886,25,9,16,8,5,0.8888888888888888,0.3125,True,,832,25,500,0.05,0.01,0.8,0.01
certified,robustness,0.65,0.492,0.4965248921565327,25,7,18,6,5,0.8571428571428571,0.2777777777777778,True,,833,25,500,0.05,0.01,0.8,0.01
certified,robustness,0.43,0.492,0.49361657209485993,25,4,21,4,6,1.0,0.2857142857142857,True,,834,25,500,0.05,0.01,0.8,0.01
certified,robustness,0.5,0.492,0.4956023008180176,25,9,16,8,6,0.8888888888888888,0.375,True,,835,25,500,0.05,0.01,0.8,0.01
not_certified,robustness,,0.492,0.4598288392805784,25,5,20,4,6,0.8,0.3,True,,836,25,500,0.05,0.01,0.8,0.01
certified,robustness,0.59,0.492,0.4965460948275442,25,8,17,7,5,0.875,0.29411764705882354,True,,837,25,500,0.05,0.01,0.8,0.01
certified,robustness,0.35,0.492,0.4974475114424653,25,6,19,6,8,1.0,0.42105263157894735,True,,838,25,500,0.05,0.01,0.8,0.01
certified,robustness,0.28,0.492,0.4960325477993927,25,7,18,7,9,1.0,0.5,True,,839,25,500,0.05,0.01,0.8,0.01
certified,robustness,0.38,0.492,0.49419308336557355,25,10,15,10,6,1.0,0.4,True,,840,25,500,0.05,0.01,0.8,0.01
certified,robustness,0.75,0.492,0.4955717468045744,25,6,19,5,5,0.8333333333333334,0.2631578947368421,True,,841,25,500,0.05,0.01,0.8,0.01
certified,robustness,0.8,0.492,0.4933564216694434,25,6,19,5,3,0.8333333333333334,0.15789473684210525,True,,842,25,500,0.05,0.01,0.8,0.01
certified,robustness,0.45,0.492,0.5007125443363438,25,7,18,7,5,1.0,0.2777777777777778,True,,843,25,500,0.05,0.01,0.8,0.01
certified,robustness,0.39,0.492,0.49216592412852833,25,9,16,9,6,1.0,0.375,True,,844,25,500,0.05,0.01,0.8,0.01
certified,robustness,0.36,0.492,0.4929169882548909,25,8,17,8,7,1.0,0.4117647058823529,True,,845,25,500,0.05,0.01,0.8,0.01
certified,robustness,0.6,0.492,0.4939409272118177,25,7,18,6,6,0.8571428571428571,0.3333333333333333,True,,846,25,500,0.05,0.01,0.8,0.01
certified,robustness,0.54,0.492,0.49438466579619333,25,8,17,7,6,0.875,0.35294117647058826,True,,847,25,500,0.05,0.01,0.8,0.01
certified,robustness,0.71,0.492,0.4952840938120908,25,6,19,5,6,0.8333333333333334,0.3157894736842105,True,,848,25,500,0.05,0.01,0.8,0.01
certified,robustness,0.43,0.492,0.498396883838886,25,5,20,5,6,1.0,0.3,True,,849,25,500,0.05,0.01,0.8,0.01
certified,robustness,0.43,0.492,0.498396883838886,25,5,20,5,6,1.0,0.3,True,,850,25,500,0.05,0.01,0.8,0.01
certified,robustness,0.6,0.492,0.4939409272118177,25,7,18,6,6,0.8571428571428571,0.3333333333333333,True,,851,25,500,0.05,0.01,0.8,0.01
certified,robustness,0.5,0.492,0.49993806395280155,25,5,20,5,3,1.0,0.15,True,,852,25,500,0.05,0.01,0.8,0.01
certified,robustness,0.47,0.492,0.492332953829168,25,6,19,6,4,1.0,0.21052631578947367,True,,853,25,500,0.05,0.01,0.8,0.01
certified,robustness,0.41,0.492,0.493007693940917,25,7,18,7,6,1.0,0.3333333333333333,True,,854,25,500,0.05,0.01,0.8,0.01
certified,robustness,0.44,0.492,0.4967464241127555,25,8,17,8,5,1.0,0.29411764705882354,True,,855,25,500,0.05,0.01,0.8,0.01
certified,robustness,0.6,0.492,0.4939409272118177,25,7,18,6,6,0.8571428571428571,0.3333333333333333,True,,856,25,500,0.05,0.01,0.8,0.01
certified,robustness,0.47,0.492,0.498020476864739,25,8,17,8,4,1.0,0.23529411764705882,True,,857,25,500,0.05,0.01,0.8,0.01
certified,robustness,0.45,0.492,0.4927155327479466,25,5,20,5,5,1.0,0.25,True,,858,25,500,0.05,0.01,0.8,0.01
certified,robustness,0.45,0.492,0.5007125443363438,25,7,18,7,5,1.0,0.2777777777777778,True,,859,25,500,0.05,0.01,0.8,0.01
certified,robustness,0.45,0.492,0.49215991986137786,25,11,14,11,4,1.0,0.2857142857142857,True,,860,25,500,0.05,0.01,0.8,0.01
certified,robustness,0.51,0.492,0.49448274695174455,25,7,18,7,2,1.0,0.1111111111111111,True,,861,25,500,0.05,0.01,0.8,0.01
certified,robustness,0.21,0.492,0.4926996067727628,25,7,18,7,10,1.0,0.5555555555555556,True,,862,25,500,0.05,0.01,0.8,0.01
certified,robustness,0.44,0.492,0.49451090602308834,25,9,16,8,7,0.8888888888888888,0.4375,True,,863,25,500,0.05,0.01,0.8,0.01
certified,robustness,0.41,0.492,0.493007693940917,25,7,18,7,6,1.0,0.3333333333333333,True,,864,25,500,0.05,0.01,0.8,0.01
certified,robustness,0.65,0.492,0.4965248921565327,25,7,18,6,5,0.8571428571428571,0.2777777777777778,True,,865,25,500,0.05,0.01,0.8,0.01
certified,robustness,0.39,0.492,0.49807204916851,25,6,19,6,7,1.0,0.3684210526315789,True,,866,25,500,0.05,0.01,0.8,0.01
certified,robustness,0.63,0.492,0.49741599014057725,25,8,17,7,4,0.875,0.23529411764705882,True,,867,25,500,0.05,0.01,0.8,0.01
certified,robustness,0.4,0.492,0.49879524281767745,25,5,20,5,7,1.0,0.35,True,,868,25,500,0.05,0.01,0.8,0.01
certified,robustness,0.45,0.492,0.4927155327479466,25,5,20,5,5,1.0,0.25,True,,869,25,500,0.05,0.01,0.8,0.01
certified,robustness,0.6,0.492,0.4939409272118177,25,7,18,6,6,0.8571428571428571,0.3333333333333333,True,,870,25,500,0.05,0.01,0.8,0.01
certified,robustness,0.43,0.492,0.498396883838886,25,5,20,5,6,1.0,0.3,True,,871,25,500,0.05,0.01,0.8,0.01
certified,robustness,0.45,0.492,0.5007125443363438,25,7,18,7,5,1.0,0.2777777777777778,True,,872,25,500,0.05,0.01,0.8,0.01
certified,robustness,0.35,0.492,0.4974475114424653,25,6,19,6,8,1.0,0.42105263157894735,True,,873,25,500,0.05,0.01,0.8,0.01
certified,robustness,0.47,0.492,0.498020476864739,25,8,17,8,4,1.0,0.23529411764705882,True,,874,25,500,0.05,0.01,0.8,0.01
certified,robustness,0.39,0.492,0.49807204916851,25,6,19,6,7,1.0,0.3684210526315789,True,,875,25,500,0.05,0.01,0.8,0.01
certified,robustness,0.69,0.492,0.49723496044107474,25,8,17,7,2,0.875,0.11764705882352941,True,,876,25,500,0.05,0.01,0.8,0.01
certified,robustness,0.45,0.492,0.5007125443363438,25,7,18,7,5,1.0,0.2777777777777778,True,,877,25,500,0.05,0.01,0.8,0.01
certified,robustness,0.33,0.492,0.49389542205106285,25,7,18,7,8,1.0,0.4444444444444444,True,,878,25,500,0.05,0.01,0.8,0.01
certified,robustness,0.42,0.492,0.4952445798855989,25,6,19,6,6,1.0,0.3157894736842105,True,,879,25,500,0.05,0.01,0.8,0.01
certified,robustness,0.49,0.492,0.4943612458298002,25,8,17,8,3,1.0,0.17647058823529413,True,,880,25,500,0.05,0.01,0.8,0.01
not_certified,robustness,,0.492,0.4598288392805784,25,5,20,4,6,0.8,0.3,True,,881,25,500,0.05,0.01,0.8,0.01
certified,robustness,0.41,0.492,0.493007693940917,25,7,18,7,6,1.0,0.3333333333333333,True,,882,25,500,0.05,0.01,0.8,0.01
certified,robustness,0.59,0.492,0.4965460948275442,25,8,17,7,5,0.875,0.29411764705882354,True,,883,25,500,0.05,0.01,0.8,0.01
certified,robustness,0.69,0.492,0.49723496044107474,25,8,17,7,2,0.875,0.11764705882352941,True,,884,25,500,0.05,0.01,0.8,0.01
certified,robustness,0.36,0.492,0.49525958701751566,25,5,20,5,8,1.0,0.4,True,,885,25,500,0.05,0.01,0.8,0.01
certified,robustness,0.44,0.492,0.4967464241127555,25,8,17,8,5,1.0,0.29411764705882354,True,,886,25,500,0.05,0.01,0.8,0.01
certified,robustness,0.75,0.492,0.4955717468045744,25,6,19,5,5,0.8333333333333334,0.2631578947368421,True,,887,25,500,0.05,0.01,0.8,0.01
not_certified,robustness,,0.492,0.4500384609467137,25,5,20,4,5,0.8,0.25,True,,888,25,500,0.05,0.01,0.8,0.01
certified,robustness,0.65,0.492,0.4925280110852246,25,6,19,5,7,0.8333333333333334,0.3684210526315789,True,,889,25,500,0.05,0.01,0.8,0.01
certified,robustness,0.41,0.492,0.5002140005070413,25,8,17,8,6,1.0,0.35294117647058826,True,,890,25,500,0.05,0.01,0.8,0.01
certified,robustness,0.45,0.492,0.4927155327479466,25,5,20,5,5,1.0,0.25,True,,891,25,500,0.05,0.01,0.8,0.01
certified,robustness,0.6,0.492,0.4939409272118177,25,7,18,6,6,0.8571428571428571,0.3333333333333333,True,,892,25,500,0.05,0.01,0.8,0.01
certified,robustness,0.65,0.492,0.4925280110852246,25,6,19,5,7,0.8333333333333334,0.3684210526315789,True,,893,25,500,0.05,0.01,0.8,0.01
certified,robustness,0.32,0.492,0.4965839033801512,25,5,20,5,9,1.0,0.45,True,,894,25,500,0.05,0.01,0.8,0.01
certified,robustness,0.55,0.492,0.49547550807528684,25,7,18,6,7,0.8571428571428571,0.3888888888888889,True,,895,25,500,0.05,0.01,0.8,0.01
certified,robustness,0.74,0.492,0.49545859780765317,25,7,18,6,2,0.8571428571428571,0.1111111111111111,True,,896,25,500,0.05,0.01,0.8,0.01
certified,robustness,0.41,0.492,0.5002140005070413,25,8,17,8,6,1.0,0.35294117647058826,True,,897,25,500,0.05,0.01,0.8,0.01
certified,robustness,0.49,0.492,0.4967771538820497,25,8,17,7,7,0.875,0.4117647058823529,True,,898,25,500,0.05,0.01,0.8,0.01
certified,robustness,0.43,0.492,0.498396883838886,25,5,20,5,6,1.0,0.3,True,,899,25,500,0.05,0.01,0.8,0.01
certified,robustness,0.36,0.492,0.49525958701751566,25,5,20,5,8,1.0,0.4,True,,900,25,500,0.05,0.01,0.8,0.01
certified,robustness,0.54,0.492,0.49438466579619333,25,8,17,7,6,0.875,0.35294117647058826,True,,901,25,500,0.05,0.01,0.8,0.01
certified,robustness,0.41,0.492,0.493007693940917,25,7,18,7,6,1.0,0.3333333333333333,True,,902,25,500,0.05,0.01,0.8,0.01
certified,robustness,0.38,0.492,0.4986174992486053,25,7,18,7,7,1.0,0.3888888888888889,True,,903,25,500,0.05,0.01,0.8,0.01
certified,robustness,0.46,0.492,0.49202628927325986,25,10,15,9,6,0.9,0.4,True,,904,25,500,0.05,0.01,0.8,0.01
not_certified,robustness,,0.492,0.4696779348335156,25,5,20,4,7,0.8,0.35,True,,905,25,500,0.05,0.01,0.8,0.01
certified,robustness,0.59,0.492,0.4965460948275442,25,8,17,7,5,0.875,0.29411764705882354,True,,906,25,500,0.05,0.01,0.8,0.01
certified,robustness,0.32,0.492,0.4965839033801512,25,5,20,5,9,1.0,0.45,True,,907,25,500,0.05,0.01,0.8,0.01
certified,robustness,0.6,0.492,0.4939409272118177,25,7,18,6,6,0.8571428571428571,0.3333333333333333,True,,908,25,500,0.05,0.01,0.8,0.01
certified,robustness,0.45,0.492,0.5007125443363438,25,7,18,7,5,1.0,0.2777777777777778,True,,909,25,500,0.05,0.01,0.8,0.01
certified,robustness,0.39,0.492,0.49216592412852833,25,9,16,9,6,1.0,0.375,True,,910,25,500,0.05,0.01,0.8,0.01
certified,robustness,0.39,0.492,0.49216592412852833,25,9,16,9,6,1.0,0.375,True,,911,25,500,0.05,0.01,0.8,0.01
certified,robustness,0.3,0.492,0.494997819160831,25,6,19,6,9,1.0,0.47368421052631576,True,,912,25,500,0.05,0.01,0.8,0.01
certified,robustness,0.63,0.492,0.49741599014057725,25,8,17,7,4,0.875,0.23529411764705882,True,,913,25,500,0.05,0.01,0.8,0.01
certified,robustness,0.63,0.492,0.49741599014057725,25,8,17,7,4,0.875,0.23529411764705882,True,,914,25,500,0.05,0.01,0.8,0.01
certified,robustness,0.75,0.492,0.4955717468045744,25,6,19,5,5,0.8333333333333334,0.2631578947368421,True,,915,25,500,0.05,0.01,0.8,0.01
certified,robustness,0.3,0.492,0.494997819160831,25,6,19,6,9,1.0,0.47368421052631576,True,,916,25,500,0.05,0.01,0.8,0.01
certified,robustness,0.54,0.492,0.49438466579619333,25,8,17,7,6,0.875,0.35294117647058826,True,,917,25,500,0.05,0.01,0.8,0.01
certified,robustness,0.43,0.492,0.498396883838886,25,5,20,5,6,1.0,0.3,True,,918,25,500,0.05,0.01,0.8,0.01
certified,robustness,0.6,0.492,0.4939409272118177,25,7,18,6,6,0.8571428571428571,0.3333333333333333,True,,919,25,500,0.05,0.01,0.8,0.01
certified,robustness,0.63,0.492,0.49741599014057725,25,8,17,7,4,0.875,0.23529411764705882,True,,920,25,500,0.05,0.01,0.8,0.01
certified,robustness,0.31,0.492,0.4928192344208572,25,8,17,8,8,1.0,0.47058823529411764,True,,921,25,500,0.05,0.01,0.8,0.01
certified,robustness,0.63,0.492,0.49741599014057725,25,8,17,7,4,0.875,0.23529411764705882,True,,922,25,500,0.05,0.01,0.8,0.01
certified,robustness,0.47,0.492,0.498020476864739,25,8,17,8,4,1.0,0.23529411764705882,True,,923,25,500,0.05,0.01,0.8,0.01
certified,robustness,0.33,0.492,0.49389542205106285,25,7,18,7,8,1.0,0.4444444444444444,True,,924,25,500,0.05,0.01,0.8,0.01
certified,robustness,0.55,0.492,0.49547550807528684,25,7,18,6,7,0.8571428571428571,0.3888888888888889,True,,925,25,500,0.05,0.01,0.8,0.01
certified,robustness,0.45,0.492,0.5007125443363438,25,7,18,7,5,1.0,0.2777777777777778,True,,926,25,500,0.05,0.01,0.8,0.01
certified,robustness,0.41,0.492,0.493007693940917,25,7,18,7,6,1.0,0.3333333333333333,True,,927,25,500,0.05,0.01,0.8,0.01
certified,robustness,0.59,0.492,0.4965460948275442,25,8,17,7,5,0.875,0.29411764705882354,True,,928,25,500,0.05,0.01,0.8,0.01
certified,robustness,0.43,0.492,0.49361657209485993,25,4,21,4,6,1.0,0.2857142857142857,True,,929,25,500,0.05,0.01,0.8,0.01
certified,robustness,0.47,0.492,0.4949951051135935,25,7,18,7,4,1.0,0.2222222222222222,True,,930,25,500,0.05,0.01,0.8,0.01
certified,robustness,0.54,0.492,0.49438466579619333,25,8,17,7,6,0.875,0.35294117647058826,True,,931,25,500,0.05,0.01,0.8,0.01
certified,robustness,0.63,0.492,0.49741599014057725,25,8,17,7,4,0.875,0.23529411764705882,True,,932,25,500,0.05,0.01,0.8,0.01
certified,robustness,0.59,0.492,0.4944669551331522,25,6,19,5,8,0.8333333333333334,0.42105263157894735,True,,933,25,500,0.05,0.01,0.8,0.01
certified,robustness,0.59,0.492,0.4965460948275442,25,8,17,7,5,0.875,0.29411764705882354,True,,934,25,500,0.05,0.01,0.8,0.01
certified,robustness,0.4,0.492,0.49879524281767745,25,5,20,5,7,1.0,0.35,True,,935,25,500,0.05,0.01,0.8,0.01
certified,robustness,0.38,0.492,0.4986174992486053,25,7,18,7,7,1.0,0.3888888888888889,True,,936,25,500,0.05,0.01,0.8,0.01
certified,robustness,0.43,0.492,0.4937007616713314,25,9,16,9,5,1.0,0.3125,True,,937,25,500,0.05,0.01,0.8,0.01
certified,robustness,0.33,0.492,0.4963975803490457,25,10,15,10,7,1.0,0.4666666666666667,True,,938,25,500,0.05,0.01,0.8,0.01
certified,robustness,0.5,0.492,0.4930173369069377,25,6,19,5,9,0.8333333333333334,0.47368421052631576,True,,939,25,500,0.05,0.01,0.8,0.01
certified,robustness,0.4,0.492,0.4922712059658907,25,4,21,4,7,1.0,0.3333333333333333,True,,940,25,500,0.05,0.01,0.8,0.01
certified,robustness,0.4,0.492,0.49879524281767745,25,5,20,5,7,1.0,0.35,True,,941,25,500,0.05,0.01,0.8,0.01
certified,robustness,0.75,0.492,0.4955717468045744,25,6,19,5,5,0.8333333333333334,0.2631578947368421,True,,942,25,500,0.05,0.01,0.8,0.01
certified,robustness,0.42,0.492,0.4952445798855989,25,6,19,6,6,1.0,0.3157894736842105,True,,943,25,500,0.05,0.01,0.8,0.01
certified,robustness,0.43,0.492,0.49361657209485993,25,4,21,4,6,1.0,0.2857142857142857,True,,944,25,500,0.05,0.01,0.8,0.01
certified,robustness,0.65,0.492,0.4965248921565327,25,7,18,6,5,0.8571428571428571,0.2777777777777778,True,,945,25,500,0.05,0.01,0.8,0.01
certified,robustness,0.32,0.492,0.4965839033801512,25,5,20,5,9,1.0,0.45,True,,946,25,500,0.05,0.01,0.8,0.01
certified,robustness,0.48,0.492,0.4993405486804769,25,5,20,5,4,1.0,0.2,True,,947,25,500,0.05,0.01,0.8,0.01
certified,robustness,0.65,0.492,0.4965248921565327,25,7,18,6,5,0.8571428571428571,0.2777777777777778,True,,948,25,500,0.05,0.01,0.8,0.01
certified,robustness,0.41,0.492,0.493007693940917,25,7,18,7,6,1.0,0.3333333333333333,True,,949,25,500,0.05,0.01,0.8,0.01
certified,robustness,0.4,0.492,0.49879524281767745,25,5,20,5,7,1.0,0.35,True,,950,25,500,0.05,0.01,0.8,0.01
not_certified,robustness,,0.492,0.4598288392805784,25,5,20,4,6,0.8,0.3,True,,951,25,500,0.05,0.01,0.8,0.01
certified,robustness,0.36,0.492,0.4929169882548909,25,8,17,8,7,1.0,0.4117647058823529,True,,952,25,500,0.05,0.01,0.8,0.01
certified,robustness,0.42,0.492,0.4952445798855989,25,6,19,6,6,1.0,0.3157894736842105,True,,953,25,500,0.05,0.01,0.8,0.01
certified,robustness,0.55,0.492,0.49684867435352886,25,9,16,8,5,0.8888888888888888,0.3125,True,,954,25,500,0.05,0.01,0.8,0.01
certified,robustness,0.36,0.492,0.4929169882548909,25,8,17,8,7,1.0,0.4117647058823529,True,,955,25,500,0.05,0.01,0.8,0.01
certified,robustness,0.6,0.492,0.4939409272118177,25,7,18,6,6,0.8571428571428571,0.3333333333333333,True,,956,25,500,0.05,0.01,0.8,0.01
certified,robustness,0.63,0.492,0.49741599014057725,25,8,17,7,4,0.875,0.23529411764705882,True,,957,25,500,0.05,0.01,0.8,0.01
certified,robustness,0.44,0.492,0.49451090602308834,25,9,16,8,7,0.8888888888888888,0.4375,True,,958,25,500,0.05,0.01,0.8,0.01
certified,robustness,0.41,0.492,0.493007693940917,25,7,18,7,6,1.0,0.3333333333333333,True,,959,25,500,0.05,0.01,0.8,0.01
certified,robustness,0.41,0.492,0.493007693940917,25,7,18,7,6,1.0,0.3333333333333333,True,,960,25,500,0.05,0.01,0.8,0.01
certified,robustness,0.44,0.492,0.4967464241127555,25,8,17,8,5,1.0,0.29411764705882354,True,,961,25,500,0.05,0.01,0.8,0.01
certified,robustness,0.46,0.492,0.4963912670544912,25,10,15,10,4,1.0,0.26666666666666666,True,,962,25,500,0.05,0.01,0.8,0.01
certified,robustness,0.54,0.492,0.49438466579619333,25,8,17,7,6,0.875,0.35294117647058826,True,,963,25,500,0.05,0.01,0.8,0.01
certified,robustness,0.71,0.492,0.4952840938120908,25,6,19,5,6,0.8333333333333334,0.3157894736842105,True,,964,25,500,0.05,0.01,0.8,0.01
certified,robustness,0.35,0.492,0.4974475114424653,25,6,19,6,8,1.0,0.42105263157894735,True,,965,25,500,0.05,0.01,0.8,0.01
certified,robustness,0.68,0.492,0.49344130909645173,25,7,18,6,4,0.8571428571428571,0.2222222222222222,True,,966,25,500,0.05,0.01,0.8,0.01
certified,robustness,0.39,0.492,0.49216592412852833,25,9,16,9,6,1.0,0.375,True,,967,25,500,0.05,0.01,0.8,0.01
certified,robustness,0.6,0.492,0.4939409272118177,25,7,18,6,6,0.8571428571428571,0.3333333333333333,True,,968,25,500,0.05,0.01,0.8,0.01
certified,robustness,0.65,0.492,0.4925280110852246,25,6,19,5,7,0.8333333333333334,0.3684210526315789,True,,969,25,500,0.05,0.01,0.8,0.01
certified,robustness,0.41,0.492,0.493007693940917,25,7,18,7,6,1.0,0.3333333333333333,True,,970,25,500,0.05,0.01,0.8,0.01
certified,robustness,0.65,0.492,0.4925280110852246,25,6,19,5,7,0.8333333333333334,0.3684210526315789,True,,971,25,500,0.05,0.01,0.8,0.01
certified,robustness,0.65,0.492,0.4965248921565327,25,7,18,6,5,0.8571428571428571,0.2777777777777778,True,,972,25,500,0.05,0.01,0.8,0.01
certified,robustness,0.41,0.492,0.493007693940917,25,7,18,7,6,1.0,0.3333333333333333,True,,973,25,500,0.05,0.01,0.8,0.01
certified,robustness,0.44,0.492,0.4967464241127555,25,8,17,8,5,1.0,0.29411764705882354,True,,974,25,500,0.05,0.01,0.8,0.01
certified,robustness,0.62,0.492,0.4942805595190135,25,9,16,8,3,0.8888888888888888,0.1875,True,,975,25,500,0.05,0.01,0.8,0.01
certified,robustness,0.43,0.492,0.5004277015026096,25,10,15,10,5,1.0,0.3333333333333333,True,,976,25,500,0.05,0.01,0.8,0.01
certified,robustness,0.45,0.492,0.5007125443363438,25,7,18,7,5,1.0,0.2777777777777778,True,,977,25,500,0.05,0.01,0.8,0.01
certified,robustness,0.47,0.492,0.492332953829168,25,6,19,6,4,1.0,0.21052631578947367,True,,978,25,500,0.05,0.01,0.8,0.01
certified,robustness,0.5,0.492,0.4956023008180176,25,9,16,8,6,0.8888888888888888,0.375,True,,979,25,500,0.05,0.01,0.8,0.01
certified,robustness,0.65,0.492,0.4965248921565327,25,7,18,6,5,0.8571428571428571,0.2777777777777778,True,,980,25,500,0.05,0.01,0.8,0.01
certified,robustness,0.59,0.492,0.4965460948275442,25,8,17,7,5,0.875,0.29411764705882354,True,,981,25,500,0.05,0.01,0.8,0.01
certified,robustness,0.3,0.492,0.494997819160831,25,6,19,6,9,1.0,0.47368421052631576,True,,982,25,500,0.05,0.01,0.8,0.01
certified,robustness,0.45,0.492,0.49646823440028737,25,6,19,6,5,1.0,0.2631578947368421,True,,983,25,500,0.05,0.01,0.8,0.01
certified,robustness,0.59,0.492,0.4944669551331522,25,6,19,5,8,0.8333333333333334,0.42105263157894735,True,,984,25,500,0.05,0.01,0.8,0.01
certified,robustness,0.38,0.492,0.4986174992486053,25,7,18,7,7,1.0,0.3888888888888889,True,,985,25,500,0.05,0.01,0.8,0.01
certified,robustness,0.39,0.492,0.49807204916851,25,6,19,6,7,1.0,0.3684210526315789,True,,986,25,500,0.05,0.01,0.8,0.01
certified,robustness,0.39,0.492,0.49216592412852833,25,9,16,9,6,1.0,0.375,True,,987,25,500,0.05,0.01,0.8,0.01
certified,robustness,0.45,0.492,0.5007125443363438,25,7,18,7,5,1.0,0.2777777777777778,True,,988,25,500,0.05,0.01,0.8,0.01
certified,robustness,0.52,0.492,0.4972970976386668,25,10,15,9,5,0.9,0.3333333333333333,True,,989,25,500,0.05,0.01,0.8,0.01
certified,robustness,0.46,0.492,0.49202628927325986,25,10,15,9,6,0.9,0.4,True,,990,25,500,0.05,0.01,0.8,0.01
certified,robustness,0.41,0.492,0.5002140005070413,25,8,17,8,6,1.0,0.35294117647058826,True,,991,25,500,0.05,0.01,0.8,0.01
certified,robustness,0.42,0.492,0.4952445798855989,25,6,19,6,6,1.0,0.3157894736842105,True,,992,25,500,0.05,0.01,0.8,0.01
certified,robustness,0.55,0.492,0.49547550807528684,25,7,18,6,7,0.8571428571428571,0.3888888888888889,True,,993,25,500,0.05,0.01,0.8,0.01
certified,robustness,0.54,0.492,0.49438466579619333,25,8,17,7,6,0.875,0.35294117647058826,True,,994,25,500,0.05,0.01,0.8,0.01
certified,robustness,0.36,0.492,0.4929169882548909,25,8,17,8,7,1.0,0.4117647058823529,True,,995,25,500,0.05,0.01,0.8,0.01
certified,robustness,0.39,0.492,0.49807204916851,25,6,19,6,7,1.0,0.3684210526315789,True,,996,25,500,0.05,0.01,0.8,0.01
certified,robustness,0.36,0.492,0.49525958701751566,25,5,20,5,8,1.0,0.4,True,,997,25,500,0.05,0.01,0.8,0.01
certified,robustness,0.45,0.492,0.5007125443363438,25,7,18,7,5,1.0,0.2777777777777778,True,,998,25,500,0.05,0.01,0.8,0.01
certified,robustness,0.32,0.492,0.4965839033801512,25,5,20,5,9,1.0,0.45,True,,999,25,500,0.05,0.01,0.8,0.01
certified,refusal_behavior,0.21,0.176,0.1800794577366146,25,3,22,3,1,1.0,0.045454545454545456,True,,0,25,500,0.05,0.01,0.8,0.01
certified,refusal_behavior,0.2,0.176,0.18567578836728596,25,3,22,3,2,1.0,0.09090909090909091,True,,1,25,500,0.05,0.01,0.8,0.01
certified,refusal_behavior,0.21,0.176,0.18003836923548955,25,4,21,4,0,1.0,0.0,True,,2,25,500,0.05,0.01,0.8,0.01
certified,refusal_behavior,0.21,0.176,0.18003836923548955,25,5,20,5,0,1.0,0.0,True,,3,25,500,0.05,0.01,0.8,0.01
certified,refusal_behavior,0.21,0.176,0.1806904478154368,25,2,23,2,1,1.0,0.043478260869565216,True,,4,25,500,0.05,0.01,0.8,0.01
certified,refusal_behavior,0.21,0.176,0.18003836923548955,25,6,19,6,0,1.0,0.0,True,,5,25,500,0.05,0.01,0.8,0.01
certified,refusal_behavior,0.21,0.176,0.1800794577366146,25,3,22,3,1,1.0,0.045454545454545456,True,,6,25,500,0.05,0.01,0.8,0.01
certified,refusal_behavior,0.21,0.176,0.18003836923548955,25,4,21,4,0,1.0,0.0,True,,7,25,500,0.05,0.01,0.8,0.01
certified,refusal_behavior,0.21,0.176,0.1806904478154368,25,2,23,2,1,1.0,0.043478260869565216,True,,8,25,500,0.05,0.01,0.8,0.01
certified,refusal_behavior,0.2,0.176,0.18567578836728596,25,3,22,3,2,1.0,0.09090909090909091,True,,9,25,500,0.05,0.01,0.8,0.01
certified,refusal_behavior,0.21,0.176,0.1800794577366146,25,3,22,3,1,1.0,0.045454545454545456,True,,10,25,500,0.05,0.01,0.8,0.01
certified,refusal_behavior,0.21,0.176,0.1806904478154368,25,2,23,2,1,1.0,0.043478260869565216,True,,11,25,500,0.05,0.01,0.8,0.01
certified,refusal_behavior,0.21,0.176,0.1786234690724302,25,5,20,5,1,1.0,0.05,True,,12,25,500,0.05,0.01,0.8,0.01
certified,refusal_behavior,0.21,0.176,0.1786234690724302,25,5,20,5,1,1.0,0.05,True,,13,25,500,0.05,0.01,0.8,0.01
certified,refusal_behavior,0.21,0.176,0.1806904478154368,25,2,23,2,1,1.0,0.043478260869565216,True,,14,25,500,0.05,0.01,0.8,0.01
certified,refusal_behavior,0.21,0.176,0.17939408966838144,25,4,21,4,1,1.0,0.047619047619047616,True,,15,25,500,0.05,0.01,0.8,0.01
certified,refusal_behavior,0.21,0.176,0.17939408966838144,25,4,21,4,1,1.0,0.047619047619047616,True,,16,25,500,0.05,0.01,0.8,0.01
certified,refusal_behavior,0.21,0.176,0.18003836923548955,25,2,23,2,0,1.0,0.0,True,,17,25,500,0.05,0.01,0.8,0.01
certified,refusal_behavior,0.21,0.176,0.1800794577366146,25,3,22,3,1,1.0,0.045454545454545456,True,,18,25,500,0.05,0.01,0.8,0.01
certified,refusal_behavior,0.21,0.176,0.18003836923548955,25,3,22,3,0,1.0,0.0,True,,19,25,500,0.05,0.01,0.8,0.01
certified,refusal_behavior,0.2,0.176,0.18567578836728596,25,3,22,3,2,1.0,0.09090909090909091,True,,20,25,500,0.05,0.01,0.8,0.01
certified,refusal_behavior,0.2,0.176,0.1857102956710172,25,4,21,4,2,1.0,0.09523809523809523,True,,21,25,500,0.05,0.01,0.8,0.01
certified,refusal_behavior,0.2,0.176,0.18567578836728596,25,3,22,3,2,1.0,0.09090909090909091,True,,22,25,500,0.05,0.01,0.8,0.01
certified,refusal_behavior,0.21,0.176,0.18003836923548955,25,3,22,3,0,1.0,0.0,True,,23,25,500,0.05,0.01,0.8,0.01
certified,refusal_behavior,0.21,0.176,0.1786234690724302,25,5,20,5,1,1.0,0.05,True,,24,25,500,0.05,0.01,0.8,0.01
certified,refusal_behavior,0.21,0.176,0.17939408966838144,25,4,21,4,1,1.0,0.047619047619047616,True,,25,25,500,0.05,0.01,0.8,0.01
certified,refusal_behavior,0.21,0.176,0.18003836923548955,25,3,22,3,0,1.0,0.0,True,,26,25,500,0.05,0.01,0.8,0.01
certified,refusal_behavior,0.2,0.176,0.1857102956710172,25,4,21,4,2,1.0,0.09523809523809523,True,,27,25,500,0.05,0.01,0.8,0.01
certified,refusal_behavior,0.21,0.176,0.18003836923548955,25,4,21,4,0,1.0,0.0,True,,28,25,500,0.05,0.01,0.8,0.01
certified,refusal_behavior,0.21,0.176,0.1800794577366146,25,3,22,3,1,1.0,0.045454545454545456,True,,29,25,500,0.05,0.01,0.8,0.01
certified,refusal_behavior,0.21,0.176,0.18003836923548955,25,2,23,2,0,1.0,0.0,True,,30,25,500,0.05,0.01,0.8,0.01
certified,refusal_behavior,0.21,0.176,0.18003836923548955,25,5,20,5,0,1.0,0.0,True,,31,25,500,0.05,0.01,0.8,0.01
certified,refusal_behavior,0.2,0.176,0.1857511789543972,25,5,20,5,2,1.0,0.1,True,,32,25,500,0.05,0.01,0.8,0.01
certified,refusal_behavior,0.2,0.176,0.18567578836728596,25,3,22,3,2,1.0,0.09090909090909091,True,,33,25,500,0.05,0.01,0.8,0.01
certified,refusal_behavior,0.21,0.176,0.1786234690724302,25,5,20,5,1,1.0,0.05,True,,34,25,500,0.05,0.01,0.8,0.01
certified,refusal_behavior,0.21,0.176,0.18003836923548955,25,3,22,3,0,1.0,0.0,True,,35,25,500,0.05,0.01,0.8,0.01
certified,refusal_behavior,0.2,0.176,0.1857102956710172,25,4,21,4,2,1.0,0.09523809523809523,True,,36,25,500,0.05,0.01,0.8,0.01
certified,refusal_behavior,0.21,0.176,0.1786234690724302,25,5,20,5,1,1.0,0.05,True,,37,25,500,0.05,0.01,0.8,0.01
certified,refusal_behavior,0.21,0.176,0.18003836923548955,25,5,20,5,0,1.0,0.0,True,,38,25,500,0.05,0.01,0.8,0.01
certified,refusal_behavior,0.21,0.176,0.1800794577366146,25,3,22,3,1,1.0,0.045454545454545456,True,,39,25,500,0.05,0.01,0.8,0.01
certified,refusal_behavior,0.21,0.176,0.18003836923548955,25,3,22,3,0,1.0,0.0,True,,40,25,500,0.05,0.01,0.8,0.01
certified,refusal_behavior,0.21,0.176,0.1800794577366146,25,3,22,3,1,1.0,0.045454545454545456,True,,41,25,500,0.05,0.01,0.8,0.01
certified,refusal_behavior,0.21,0.176,0.1786234690724302,25,5,20,5,1,1.0,0.05,True,,42,25,500,0.05,0.01,0.8,0.01
certified,refusal_behavior,0.21,0.176,0.1800794577366146,25,3,22,3,1,1.0,0.045454545454545456,True,,43,25,500,0.05,0.01,0.8,0.01
certified,refusal_behavior,0.21,0.176,0.18003836923548955,25,4,21,4,0,1.0,0.0,True,,44,25,500,0.05,0.01,0.8,0.01
certified,refusal_behavior,0.21,0.176,0.18003836923548955,25,3,22,3,0,1.0,0.0,True,,45,25,500,0.05,0.01,0.8,0.01
certified,refusal_behavior,0.21,0.176,0.1786234690724302,25,5,20,5,1,1.0,0.05,True,,46,25,500,0.05,0.01,0.8,0.01
certified,refusal_behavior,0.21,0.176,0.1786234690724302,25,5,20,5,1,1.0,0.05,True,,47,25,500,0.05,0.01,0.8,0.01
certified,refusal_behavior,0.21,0.176,0.1800794577366146,25,3,22,3,1,1.0,0.045454545454545456,True,,48,25,500,0.05,0.01,0.8,0.01
certified,refusal_behavior,0.2,0.176,0.1857102956710172,25,4,21,4,2,1.0,0.09523809523809523,True,,49,25,500,0.05,0.01,0.8,0.01
certified,refusal_behavior,0.2,0.176,0.1856445634907957,25,2,23,2,2,1.0,0.08695652173913043,True,,50,25,500,0.05,0.01,0.8,0.01
certified,refusal_behavior,0.21,0.176,0.1786234690724302,25,5,20,5,1,1.0,0.05,True,,51,25,500,0.05,0.01,0.8,0.01
certified,refusal_behavior,0.21,0.176,0.18003836923548955,25,4,21,4,0,1.0,0.0,True,,52,25,500,0.05,0.01,0.8,0.01
certified,refusal_behavior,0.2,0.176,0.1857102956710172,25,4,21,4,2,1.0,0.09523809523809523,True,,53,25,500,0.05,0.01,0.8,0.01
certified,refusal_behavior,0.21,0.176,0.1800794577366146,25,3,22,3,1,1.0,0.045454545454545456,True,,54,25,500,0.05,0.01,0.8,0.01
certified,refusal_behavior,0.21,0.176,0.1806904478154368,25,2,23,2,1,1.0,0.043478260869565216,True,,55,25,500,0.05,0.01,0.8,0.01
certified,refusal_behavior,0.2,0.176,0.1857102956710172,25,4,21,4,2,1.0,0.09523809523809523,True,,56,25,500,0.05,0.01,0.8,0.01
certified,refusal_behavior,0.21,0.176,0.1800794577366146,25,3,22,3,1,1.0,0.045454545454545456,True,,57,25,500,0.05,0.01,0.8,0.01
certified,refusal_behavior,0.21,0.176,0.17939408966838144,25,4,21,4,1,1.0,0.047619047619047616,True,,58,25,500,0.05,0.01,0.8,0.01
certified,refusal_behavior,0.21,0.176,0.1786234690724302,25,5,20,5,1,1.0,0.05,True,,59,25,500,0.05,0.01,0.8,0.01
certified,refusal_behavior,0.21,0.176,0.18003836923548955,25,1,24,1,0,1.0,0.0,True,,60,25,500,0.05,0.01,0.8,0.01
certified,refusal_behavior,0.2,0.176,0.18567578836728596,25,3,22,3,2,1.0,0.09090909090909091,True,,61,25,500,0.05,0.01,0.8,0.01
certified,refusal_behavior,0.21,0.176,0.1786234690724302,25,5,20,5,1,1.0,0.05,True,,62,25,500,0.05,0.01,0.8,0.01
certified,refusal_behavior,0.2,0.176,0.1857511789543972,25,5,20,5,2,1.0,0.1,True,,63,25,500,0.05,0.01,0.8,0.01
certified,refusal_behavior,0.21,0.176,0.18003836923548955,25,4,21,4,0,1.0,0.0,True,,64,25,500,0.05,0.01,0.8,0.01
certified,refusal_behavior,0.21,0.176,0.1786234690724302,25,5,20,5,1,1.0,0.05,True,,65,25,500,0.05,0.01,0.8,0.01
certified,refusal_behavior,0.21,0.176,0.18003836923548955,25,3,22,3,0,1.0,0.0,True,,66,25,500,0.05,0.01,0.8,0.01
certified,refusal_behavior,0.2,0.176,0.1857511789543972,25,5,20,5,2,1.0,0.1,True,,67,25,500,0.05,0.01,0.8,0.01
certified,refusal_behavior,0.2,0.176,0.1857511789543972,25,5,20,5,2,1.0,0.1,True,,68,25,500,0.05,0.01,0.8,0.01
certified,refusal_behavior,0.21,0.176,0.1800794577366146,25,3,22,3,1,1.0,0.045454545454545456,True,,69,25,500,0.05,0.01,0.8,0.01
certified,refusal_behavior,0.2,0.176,0.18567578836728596,25,3,22,3,2,1.0,0.09090909090909091,True,,70,25,500,0.05,0.01,0.8,0.01
certified,refusal_behavior,0.21,0.176,0.1806904478154368,25,2,23,2,1,1.0,0.043478260869565216,True,,71,25,500,0.05,0.01,0.8,0.01
certified,refusal_behavior,0.2,0.176,0.18567578836728596,25,3,22,3,2,1.0,0.09090909090909091,True,,72,25,500,0.05,0.01,0.8,0.01
certified,refusal_behavior,0.21,0.176,0.18003836923548955,25,3,22,3,0,1.0,0.0,True,,73,25,500,0.05,0.01,0.8,0.01
certified,refusal_behavior,0.21,0.176,0.1800794577366146,25,3,22,3,1,1.0,0.045454545454545456,True,,74,25,500,0.05,0.01,0.8,0.01
certified,refusal_behavior,0.2,0.176,0.1857102956710172,25,4,21,4,2,1.0,0.09523809523809523,True,,75,25,500,0.05,0.01,0.8,0.01
certified,refusal_behavior,0.21,0.176,0.17939408966838144,25,4,21,4,1,1.0,0.047619047619047616,True,,76,25,500,0.05,0.01,0.8,0.01
certified,refusal_behavior,0.2,0.176,0.1857511789543972,25,5,20,5,2,1.0,0.1,True,,77,25,500,0.05,0.01,0.8,0.01
certified,refusal_behavior,0.21,0.176,0.1800794577366146,25,3,22,3,1,1.0,0.045454545454545456,True,,78,25,500,0.05,0.01,0.8,0.01
certified,refusal_behavior,0.21,0.176,0.18003836923548955,25,3,22,3,0,1.0,0.0,True,,79,25,500,0.05,0.01,0.8,0.01
certified,refusal_behavior,0.2,0.176,0.1857102956710172,25,4,21,4,2,1.0,0.09523809523809523,True,,80,25,500,0.05,0.01,0.8,0.01
certified,refusal_behavior,0.21,0.176,0.1806904478154368,25,2,23,2,1,1.0,0.043478260869565216,True,,81,25,500,0.05,0.01,0.8,0.01
certified,refusal_behavior,0.21,0.176,0.17939408966838144,25,4,21,4,1,1.0,0.047619047619047616,True,,82,25,500,0.05,0.01,0.8,0.01
certified,refusal_behavior,0.21,0.176,0.17939408966838144,25,4,21,4,1,1.0,0.047619047619047616,True,,83,25,500,0.05,0.01,0.8,0.01
certified,refusal_behavior,0.2,0.176,0.18567578836728596,25,3,22,3,2,1.0,0.09090909090909091,True,,84,25,500,0.05,0.01,0.8,0.01
certified,refusal_behavior,0.21,0.176,0.1806904478154368,25,2,23,2,1,1.0,0.043478260869565216,True,,85,25,500,0.05,0.01,0.8,0.01
certified,refusal_behavior,0.21,0.176,0.17939408966838144,25,4,21,4,1,1.0,0.047619047619047616,True,,86,25,500,0.05,0.01,0.8,0.01
certified,refusal_behavior,0.2,0.176,0.1857511789543972,25,5,20,5,2,1.0,0.1,True,,87,25,500,0.05,0.01,0.8,0.01
certified,refusal_behavior,0.21,0.176,0.1800794577366146,25,3,22,3,1,1.0,0.045454545454545456,True,,88,25,500,0.05,0.01,0.8,0.01
certified,refusal_behavior,0.21,0.176,0.1806904478154368,25,2,23,2,1,1.0,0.043478260869565216,True,,89,25,500,0.05,0.01,0.8,0.01
certified,refusal_behavior,0.2,0.176,0.18567578836728596,25,3,22,3,2,1.0,0.09090909090909091,True,,90,25,500,0.05,0.01,0.8,0.01
certified,refusal_behavior,0.2,0.176,0.18561445924579426,25,1,24,1,2,1.0,0.08333333333333333,True,,91,25,500,0.05,0.01,0.8,0.01
certified,refusal_behavior,0.21,0.176,0.1806904478154368,25,2,23,2,1,1.0,0.043478260869565216,True,,92,25,500,0.05,0.01,0.8,0.01
certified,refusal_behavior,0.21,0.176,0.1800794577366146,25,3,22,3,1,1.0,0.045454545454545456,True,,93,25,500,0.05,0.01,0.8,0.01
certified,refusal_behavior,0.21,0.176,0.18003836923548955,25,3,22,3,0,1.0,0.0,True,,94,25,500,0.05,0.01,0.8,0.01
certified,refusal_behavior,0.21,0.176,0.1800794577366146,25,3,22,3,1,1.0,0.045454545454545456,True,,95,25,500,0.05,0.01,0.8,0.01
certified,refusal_behavior,0.2,0.176,0.18580285113997957,25,6,19,6,2,1.0,0.10526315789473684,True,,96,25,500,0.05,0.01,0.8,0.01
certified,refusal_behavior,0.21,0.176,0.1800794577366146,25,3,22,3,1,1.0,0.045454545454545456,True,,97,25,500,0.05,0.01,0.8,0.01
certified,refusal_behavior,0.2,0.176,0.1856445634907957,25,2,23,2,2,1.0,0.08695652173913043,True,,98,25,500,0.05,0.01,0.8,0.01
certified,refusal_behavior,0.21,0.176,0.18003836923548955,25,4,21,4,0,1.0,0.0,True,,99,25,500,0.05,0.01,0.8,0.01
certified,refusal_behavior,0.21,0.176,0.17939408966838144,25,4,21,4,1,1.0,0.047619047619047616,True,,100,25,500,0.05,0.01,0.8,0.01
certified,refusal_behavior,0.21,0.176,0.1806904478154368,25,2,23,2,1,1.0,0.043478260869565216,True,,101,25,500,0.05,0.01,0.8,0.01
certified,refusal_behavior,0.21,0.176,0.17775464591766416,25,6,19,6,1,1.0,0.05263157894736842,True,,102,25,500,0.05,0.01,0.8,0.01
certified,refusal_behavior,0.21,0.176,0.1806904478154368,25,2,23,2,1,1.0,0.043478260869565216,True,,103,25,500,0.05,0.01,0.8,0.01
certified,refusal_behavior,0.2,0.176,0.18567578836728596,25,3,22,3,2,1.0,0.09090909090909091,True,,104,25,500,0.05,0.01,0.8,0.01
certified,refusal_behavior,0.2,0.176,0.1857511789543972,25,5,20,5,2,1.0,0.1,True,,105,25,500,0.05,0.01,0.8,0.01
certified,refusal_behavior,0.21,0.176,0.1786234690724302,25,5,20,5,1,1.0,0.05,True,,106,25,500,0.05,0.01,0.8,0.01
certified,refusal_behavior,0.21,0.176,0.17939408966838144,25,4,21,4,1,1.0,0.047619047619047616,True,,107,25,500,0.05,0.01,0.8,0.01
certified,refusal_behavior,0.21,0.176,0.18003836923548955,25,2,23,2,0,1.0,0.0,True,,108,25,500,0.05,0.01,0.8,0.01
certified,refusal_behavior,0.2,0.176,0.1857102956710172,25,4,21,4,2,1.0,0.09523809523809523,True,,109,25,500,0.05,0.01,0.8,0.01
certified,refusal_behavior,0.21,0.176,0.18003836923548955,25,3,22,3,0,1.0,0.0,True,,110,25,500,0.05,0.01,0.8,0.01
certified,refusal_behavior,0.21,0.176,0.18003836923548955,25,3,22,3,0,1.0,0.0,True,,111,25,500,0.05,0.01,0.8,0.01
certified,refusal_behavior,0.21,0.176,0.1800794577366146,25,3,22,3,1,1.0,0.045454545454545456,True,,112,25,500,0.05,0.01,0.8,0.01
certified,refusal_behavior,0.21,0.176,0.18003836923548955,25,3,22,3,0,1.0,0.0,True,,113,25,500,0.05,0.01,0.8,0.01
certified,refusal_behavior,0.2,0.176,0.18567578836728596,25,3,22,3,2,1.0,0.09090909090909091,True,,114,25,500,0.05,0.01,0.8,0.01
certified,refusal_behavior,0.21,0.176,0.1800794577366146,25,3,22,3,1,1.0,0.045454545454545456,True,,115,25,500,0.05,0.01,0.8,0.01
certified,refusal_behavior,0.2,0.176,0.1857102956710172,25,4,21,4,2,1.0,0.09523809523809523,True,,116,25,500,0.05,0.01,0.8,0.01
certified,refusal_behavior,0.21,0.176,0.18003836923548955,25,4,21,4,0,1.0,0.0,True,,117,25,500,0.05,0.01,0.8,0.01
certified,refusal_behavior,0.2,0.176,0.1857102956710172,25,4,21,4,2,1.0,0.09523809523809523,True,,118,25,500,0.05,0.01,0.8,0.01
certified,refusal_behavior,0.21,0.176,0.1800794577366146,25,3,22,3,1,1.0,0.045454545454545456,True,,119,25,500,0.05,0.01,0.8,0.01
certified,refusal_behavior,0.21,0.176,0.1800794577366146,25,3,22,3,1,1.0,0.045454545454545456,True,,120,25,500,0.05,0.01,0.8,0.01
certified,refusal_behavior,0.21,0.176,0.18003836923548955,25,4,21,4,0,1.0,0.0,True,,121,25,500,0.05,0.01,0.8,0.01
certified,refusal_behavior,0.21,0.176,0.18003836923548955,25,4,21,4,0,1.0,0.0,True,,122,25,500,0.05,0.01,0.8,0.01
certified,refusal_behavior,0.21,0.176,0.1806904478154368,25,2,23,2,1,1.0,0.043478260869565216,True,,123,25,500,0.05,0.01,0.8,0.01
certified,refusal_behavior,0.21,0.176,0.1800794577366146,25,3,22,3,1,1.0,0.045454545454545456,True,,124,25,500,0.05,0.01,0.8,0.01
certified,refusal_behavior,0.21,0.176,0.17939408966838144,25,4,21,4,1,1.0,0.047619047619047616,True,,125,25,500,0.05,0.01,0.8,0.01
certified,refusal_behavior,0.2,0.176,0.18567578836728596,25,3,22,3,2,1.0,0.09090909090909091,True,,126,25,500,0.05,0.01,0.8,0.01
certified,refusal_behavior,0.21,0.176,0.18003836923548955,25,2,23,2,0,1.0,0.0,True,,127,25,500,0.05,0.01,0.8,0.01
certified,refusal_behavior,0.21,0.176,0.18003836923548955,25,2,23,2,0,1.0,0.0,True,,128,25,500,0.05,0.01,0.8,0.01
certified,refusal_behavior,0.2,0.176,0.18567578836728596,25,3,22,3,2,1.0,0.09090909090909091,True,,129,25,500,0.05,0.01,0.8,0.01
certified,refusal_behavior,0.2,0.176,0.1857102956710172,25,4,21,4,2,1.0,0.09523809523809523,True,,130,25,500,0.05,0.01,0.8,0.01
certified,refusal_behavior,0.21,0.176,0.17775464591766416,25,6,19,6,1,1.0,0.05263157894736842,True,,131,25,500,0.05,0.01,0.8,0.01
certified,refusal_behavior,0.21,0.176,0.18003836923548955,25,3,22,3,0,1.0,0.0,True,,132,25,500,0.05,0.01,0.8,0.01
certified,refusal_behavior,0.21,0.176,0.1806904478154368,25,2,23,2,1,1.0,0.043478260869565216,True,,133,25,500,0.05,0.01,0.8,0.01
certified,refusal_behavior,0.21,0.176,0.17939408966838144,25,4,21,4,1,1.0,0.047619047619047616,True,,134,25,500,0.05,0.01,0.8,0.01
certified,refusal_behavior,0.21,0.176,0.1786234690724302,25,5,20,5,1,1.0,0.05,True,,135,25,500,0.05,0.01,0.8,0.01
certified,refusal_behavior,0.21,0.176,0.1786234690724302,25,5,20,5,1,1.0,0.05,True,,136,25,500,0.05,0.01,0.8,0.01
certified,refusal_behavior,0.21,0.176,0.1800794577366146,25,3,22,3,1,1.0,0.045454545454545456,True,,137,25,500,0.05,0.01,0.8,0.01
certified,refusal_behavior,0.21,0.176,0.1800794577366146,25,3,22,3,1,1.0,0.045454545454545456,True,,138,25,500,0.05,0.01,0.8,0.01
certified,refusal_behavior,0.21,0.176,0.1800794577366146,25,3,22,3,1,1.0,0.045454545454545456,True,,139,25,500,0.05,0.01,0.8,0.01
certified,refusal_behavior,0.21,0.176,0.1786234690724302,25,5,20,5,1,1.0,0.05,True,,140,25,500,0.05,0.01,0.8,0.01
certified,refusal_behavior,0.21,0.176,0.17939408966838144,25,4,21,4,1,1.0,0.047619047619047616,True,,141,25,500,0.05,0.01,0.8,0.01
certified,refusal_behavior,0.21,0.176,0.1800794577366146,25,3,22,3,1,1.0,0.045454545454545456,True,,142,25,500,0.05,0.01,0.8,0.01
certified,refusal_behavior,0.2,0.176,0.18561445924579426,25,1,24,1,2,1.0,0.08333333333333333,True,,143,25,500,0.05,0.01,0.8,0.01
certified,refusal_behavior,0.21,0.176,0.18003836923548955,25,1,24,1,0,1.0,0.0,True,,144,25,500,0.05,0.01,0.8,0.01
certified,refusal_behavior,0.21,0.176,0.17939408966838144,25,4,21,4,1,1.0,0.047619047619047616,True,,145,25,500,0.05,0.01,0.8,0.01
certified,refusal_behavior,0.21,0.176,0.18003836923548955,25,4,21,4,0,1.0,0.0,True,,146,25,500,0.05,0.01,0.8,0.01
certified,refusal_behavior,0.21,0.176,0.1786234690724302,25,5,20,5,1,1.0,0.05,True,,147,25,500,0.05,0.01,0.8,0.01
certified,refusal_behavior,0.2,0.176,0.1856445634907957,25,2,23,2,2,1.0,0.08695652173913043,True,,148,25,500,0.05,0.01,0.8,0.01
certified,refusal_behavior,0.21,0.176,0.1800794577366146,25,3,22,3,1,1.0,0.045454545454545456,True,,149,25,500,0.05,0.01,0.8,0.01
certified,refusal_behavior,0.21,0.176,0.18003836923548955,25,4,21,4,0,1.0,0.0,True,,150,25,500,0.05,0.01,0.8,0.01
certified,refusal_behavior,0.21,0.176,0.1786234690724302,25,5,20,5,1,1.0,0.05,True,,151,25,500,0.05,0.01,0.8,0.01
certified,refusal_behavior,0.21,0.176,0.18003836923548955,25,3,22,3,0,1.0,0.0,True,,152,25,500,0.05,0.01,0.8,0.01
certified,refusal_behavior,0.2,0.176,0.1857102956710172,25,4,21,4,2,1.0,0.09523809523809523,True,,153,25,500,0.05,0.01,0.8,0.01
certified,refusal_behavior,0.21,0.176,0.17939408966838144,25,4,21,4,1,1.0,0.047619047619047616,True,,154,25,500,0.05,0.01,0.8,0.01
certified,refusal_behavior,0.21,0.176,0.1806904478154368,25,2,23,2,1,1.0,0.043478260869565216,True,,155,25,500,0.05,0.01,0.8,0.01
certified,refusal_behavior,0.21,0.176,0.1800794577366146,25,3,22,3,1,1.0,0.045454545454545456,True,,156,25,500,0.05,0.01,0.8,0.01
certified,refusal_behavior,0.2,0.176,0.1857102956710172,25,4,21,4,2,1.0,0.09523809523809523,True,,157,25,500,0.05,0.01,0.8,0.01
certified,refusal_behavior,0.21,0.176,0.18003836923548955,25,3,22,3,0,1.0,0.0,True,,158,25,500,0.05,0.01,0.8,0.01
certified,refusal_behavior,0.21,0.176,0.18003836923548955,25,6,19,6,0,1.0,0.0,True,,159,25,500,0.05,0.01,0.8,0.01
certified,refusal_behavior,0.21,0.176,0.18003836923548955,25,2,23,2,0,1.0,0.0,True,,160,25,500,0.05,0.01,0.8,0.01
certified,refusal_behavior,0.21,0.176,0.1800794577366146,25,3,22,3,1,1.0,0.045454545454545456,True,,161,25,500,0.05,0.01,0.8,0.01
certified,refusal_behavior,0.21,0.176,0.18003836923548955,25,3,22,3,0,1.0,0.0,True,,162,25,500,0.05,0.01,0.8,0.01
certified,refusal_behavior,0.2,0.176,0.1857511789543972,25,5,20,5,2,1.0,0.1,True,,163,25,500,0.05,0.01,0.8,0.01
certified,refusal_behavior,0.21,0.176,0.18003836923548955,25,3,22,3,0,1.0,0.0,True,,164,25,500,0.05,0.01,0.8,0.01
certified,refusal_behavior,0.21,0.176,0.17939408966838144,25,4,21,4,1,1.0,0.047619047619047616,True,,165,25,500,0.05,0.01,0.8,0.01
certified,refusal_behavior,0.21,0.176,0.1800794577366146,25,3,22,3,1,1.0,0.045454545454545456,True,,166,25,500,0.05,0.01,0.8,0.01
certified,refusal_behavior,0.2,0.176,0.18567578836728596,25,3,22,3,2,1.0,0.09090909090909091,True,,167,25,500,0.05,0.01,0.8,0.01
certified,refusal_behavior,0.21,0.176,0.17939408966838144,25,4,21,4,1,1.0,0.047619047619047616,True,,168,25,500,0.05,0.01,0.8,0.01
certified,refusal_behavior,0.2,0.176,0.1857102956710172,25,4,21,4,2,1.0,0.09523809523809523,True,,169,25,500,0.05,0.01,0.8,0.01
certified,refusal_behavior,0.21,0.176,0.17939408966838144,25,4,21,4,1,1.0,0.047619047619047616,True,,170,25,500,0.05,0.01,0.8,0.01
certified,refusal_behavior,0.21,0.176,0.1786234690724302,25,5,20,5,1,1.0,0.05,True,,171,25,500,0.05,0.01,0.8,0.01
certified,refusal_behavior,0.21,0.176,0.1800794577366146,25,3,22,3,1,1.0,0.045454545454545456,True,,172,25,500,0.05,0.01,0.8,0.01
certified,refusal_behavior,0.21,0.176,0.1800794577366146,25,3,22,3,1,1.0,0.045454545454545456,True,,173,25,500,0.05,0.01,0.8,0.01
certified,refusal_behavior,0.21,0.176,0.1800794577366146,25,3,22,3,1,1.0,0.045454545454545456,True,,174,25,500,0.05,0.01,0.8,0.01
certified,refusal_behavior,0.21,0.176,0.1786234690724302,25,5,20,5,1,1.0,0.05,True,,175,25,500,0.05,0.01,0.8,0.01
certified,refusal_behavior,0.21,0.176,0.1806904478154368,25,2,23,2,1,1.0,0.043478260869565216,True,,176,25,500,0.05,0.01,0.8,0.01
certified,refusal_behavior,0.21,0.176,0.17939408966838144,25,4,21,4,1,1.0,0.047619047619047616,True,,177,25,500,0.05,0.01,0.8,0.01
certified,refusal_behavior,0.21,0.176,0.1806904478154368,25,2,23,2,1,1.0,0.043478260869565216,True,,178,25,500,0.05,0.01,0.8,0.01
certified,refusal_behavior,0.21,0.176,0.18003836923548955,25,3,22,3,0,1.0,0.0,True,,179,25,500,0.05,0.01,0.8,0.01
certified,refusal_behavior,0.21,0.176,0.1786234690724302,25,5,20,5,1,1.0,0.05,True,,180,25,500,0.05,0.01,0.8,0.01
certified,refusal_behavior,0.21,0.176,0.18003836923548955,25,4,21,4,0,1.0,0.0,True,,181,25,500,0.05,0.01,0.8,0.01
certified,refusal_behavior,0.2,0.176,0.18567578836728596,25,3,22,3,2,1.0,0.09090909090909091,True,,182,25,500,0.05,0.01,0.8,0.01
certified,refusal_behavior,0.21,0.176,0.18003836923548955,25,5,20,5,0,1.0,0.0,True,,183,25,500,0.05,0.01,0.8,0.01
certified,refusal_behavior,0.21,0.176,0.1786234690724302,25,5,20,5,1,1.0,0.05,True,,184,25,500,0.05,0.01,0.8,0.01
certified,refusal_behavior,0.21,0.176,0.17939408966838144,25,4,21,4,1,1.0,0.047619047619047616,True,,185,25,500,0.05,0.01,0.8,0.01
certified,refusal_behavior,0.21,0.176,0.17939408966838144,25,4,21,4,1,1.0,0.047619047619047616,True,,186,25,500,0.05,0.01,0.8,0.01
certified,refusal_behavior,0.21,0.176,0.17939408966838144,25,4,21,4,1,1.0,0.047619047619047616,True,,187,25,500,0.05,0.01,0.8,0.01
certified,refusal_behavior,0.21,0.176,0.1806904478154368,25,2,23,2,1,1.0,0.043478260869565216,True,,188,25,500,0.05,0.01,0.8,0.01
certified,refusal_behavior,0.21,0.176,0.17939408966838144,25,4,21,4,1,1.0,0.047619047619047616,True,,189,25,500,0.05,0.01,0.8,0.01
certified,refusal_behavior,0.2,0.176,0.18567578836728596,25,3,22,3,2,1.0,0.09090909090909091,True,,190,25,500,0.05,0.01,0.8,0.01
certified,refusal_behavior,0.21,0.176,0.1806904478154368,25,2,23,2,1,1.0,0.043478260869565216,True,,191,25,500,0.05,0.01,0.8,0.01
certified,refusal_behavior,0.21,0.176,0.18003836923548955,25,5,20,5,0,1.0,0.0,True,,192,25,500,0.05,0.01,0.8,0.01
certified,refusal_behavior,0.21,0.176,0.18003836923548955,25,4,21,4,0,1.0,0.0,True,,193,25,500,0.05,0.01,0.8,0.01
certified,refusal_behavior,0.2,0.176,0.1857511789543972,25,5,20,5,2,1.0,0.1,True,,194,25,500,0.05,0.01,0.8,0.01
certified,refusal_behavior,0.21,0.176,0.17939408966838144,25,4,21,4,1,1.0,0.047619047619047616,True,,195,25,500,0.05,0.01,0.8,0.01
certified,refusal_behavior,0.21,0.176,0.17939408966838144,25,4,21,4,1,1.0,0.047619047619047616,True,,196,25,500,0.05,0.01,0.8,0.01
certified,refusal_behavior,0.21,0.176,0.18003836923548955,25,4,21,4,0,1.0,0.0,True,,197,25,500,0.05,0.01,0.8,0.01
certified,refusal_behavior,0.2,0.176,0.18567578836728596,25,3,22,3,2,1.0,0.09090909090909091,True,,198,25,500,0.05,0.01,0.8,0.01
certified,refusal_behavior,0.21,0.176,0.1800794577366146,25,3,22,3,1,1.0,0.045454545454545456,True,,199,25,500,0.05,0.01,0.8,0.01
certified,refusal_behavior,0.21,0.176,0.17939408966838144,25,4,21,4,1,1.0,0.047619047619047616,True,,200,25,500,0.05,0.01,0.8,0.01
certified,refusal_behavior,0.2,0.176,0.1856445634907957,25,2,23,2,2,1.0,0.08695652173913043,True,,201,25,500,0.05,0.01,0.8,0.01
certified,refusal_behavior,0.2,0.176,0.18580285113997957,25,6,19,6,2,1.0,0.10526315789473684,True,,202,25,500,0.05,0.01,0.8,0.01
certified,refusal_behavior,0.21,0.176,0.1786234690724302,25,5,20,5,1,1.0,0.05,True,,203,25,500,0.05,0.01,0.8,0.01
certified,refusal_behavior,0.21,0.176,0.18003836923548955,25,4,21,4,0,1.0,0.0,True,,204,25,500,0.05,0.01,0.8,0.01
certified,refusal_behavior,0.21,0.176,0.17939408966838144,25,4,21,4,1,1.0,0.047619047619047616,True,,205,25,500,0.05,0.01,0.8,0.01
certified,refusal_behavior,0.2,0.176,0.1856445634907957,25,2,23,2,2,1.0,0.08695652173913043,True,,206,25,500,0.05,0.01,0.8,0.01
certified,refusal_behavior,0.21,0.176,0.17939408966838144,25,4,21,4,1,1.0,0.047619047619047616,True,,207,25,500,0.05,0.01,0.8,0.01
certified,refusal_behavior,0.21,0.176,0.1800794577366146,25,3,22,3,1,1.0,0.045454545454545456,True,,208,25,500,0.05,0.01,0.8,0.01
certified,refusal_behavior,0.21,0.176,0.18003836923548955,25,4,21,4,0,1.0,0.0,True,,209,25,500,0.05,0.01,0.8,0.01
certified,refusal_behavior,0.21,0.176,0.1806904478154368,25,2,23,2,1,1.0,0.043478260869565216,True,,210,25,500,0.05,0.01,0.8,0.01
certified,refusal_behavior,0.2,0.176,0.1856445634907957,25,2,23,2,2,1.0,0.08695652173913043,True,,211,25,500,0.05,0.01,0.8,0.01
certified,refusal_behavior,0.21,0.176,0.18003836923548955,25,2,23,2,0,1.0,0.0,True,,212,25,500,0.05,0.01,0.8,0.01
certified,refusal_behavior,0.21,0.176,0.17939408966838144,25,4,21,4,1,1.0,0.047619047619047616,True,,213,25,500,0.05,0.01,0.8,0.01
certified,refusal_behavior,0.21,0.176,0.18003836923548955,25,5,20,5,0,1.0,0.0,True,,214,25,500,0.05,0.01,0.8,0.01
certified,refusal_behavior,0.21,0.176,0.1806904478154368,25,2,23,2,1,1.0,0.043478260869565216,True,,215,25,500,0.05,0.01,0.8,0.01
certified,refusal_behavior,0.21,0.176,0.1800794577366146,25,3,22,3,1,1.0,0.045454545454545456,True,,216,25,500,0.05,0.01,0.8,0.01
certified,refusal_behavior,0.21,0.176,0.18003836923548955,25,1,24,1,0,1.0,0.0,True,,217,25,500,0.05,0.01,0.8,0.01
certified,refusal_behavior,0.21,0.176,0.1806904478154368,25,2,23,2,1,1.0,0.043478260869565216,True,,218,25,500,0.05,0.01,0.8,0.01
certified,refusal_behavior,0.21,0.176,0.1800794577366146,25,3,22,3,1,1.0,0.045454545454545456,True,,219,25,500,0.05,0.01,0.8,0.01
certified,refusal_behavior,0.2,0.176,0.1856445634907957,25,2,23,2,2,1.0,0.08695652173913043,True,,220,25,500,0.05,0.01,0.8,0.01
certified,refusal_behavior,0.21,0.176,0.17939408966838144,25,4,21,4,1,1.0,0.047619047619047616,True,,221,25,500,0.05,0.01,0.8,0.01
certified,refusal_behavior,0.2,0.176,0.1856445634907957,25,2,23,2,2,1.0,0.08695652173913043,True,,222,25,500,0.05,0.01,0.8,0.01
certified,refusal_behavior,0.2,0.176,0.1856445634907957,25,2,23,2,2,1.0,0.08695652173913043,True,,223,25,500,0.05,0.01,0.8,0.01
certified,refusal_behavior,0.21,0.176,0.17939408966838144,25,4,21,4,1,1.0,0.047619047619047616,True,,224,25,500,0.05,0.01,0.8,0.01
certified,refusal_behavior,0.21,0.176,0.18003836923548955,25,4,21,4,0,1.0,0.0,True,,225,25,500,0.05,0.01,0.8,0.01
certified,refusal_behavior,0.2,0.176,0.1857102956710172,25,4,21,4,2,1.0,0.09523809523809523,True,,226,25,500,0.05,0.01,0.8,0.01
certified,refusal_behavior,0.2,0.176,0.1857102956710172,25,4,21,4,2,1.0,0.09523809523809523,True,,227,25,500,0.05,0.01,0.8,0.01
certified,refusal_behavior,0.2,0.176,0.18567578836728596,25,3,22,3,2,1.0,0.09090909090909091,True,,228,25,500,0.05,0.01,0.8,0.01
certified,refusal_behavior,0.21,0.176,0.18003836923548955,25,4,21,4,0,1.0,0.0,True,,229,25,500,0.05,0.01,0.8,0.01
certified,refusal_behavior,0.21,0.176,0.18003836923548955,25,5,20,5,0,1.0,0.0,True,,230,25,500,0.05,0.01,0.8,0.01
certified,refusal_behavior,0.2,0.176,0.18567578836728596,25,3,22,3,2,1.0,0.09090909090909091,True,,231,25,500,0.05,0.01,0.8,0.01
certified,refusal_behavior,0.2,0.176,0.1857511789543972,25,5,20,5,2,1.0,0.1,True,,232,25,500,0.05,0.01,0.8,0.01
certified,refusal_behavior,0.21,0.176,0.17939408966838144,25,4,21,4,1,1.0,0.047619047619047616,True,,233,25,500,0.05,0.01,0.8,0.01
certified,refusal_behavior,0.21,0.176,0.1786234690724302,25,5,20,5,1,1.0,0.05,True,,234,25,500,0.05,0.01,0.8,0.01
certified,refusal_behavior,0.21,0.176,0.17939408966838144,25,4,21,4,1,1.0,0.047619047619047616,True,,235,25,500,0.05,0.01,0.8,0.01
certified,refusal_behavior,0.21,0.176,0.18003836923548955,25,2,23,2,0,1.0,0.0,True,,236,25,500,0.05,0.01,0.8,0.01
certified,refusal_behavior,0.21,0.176,0.1786234690724302,25,5,20,5,1,1.0,0.05,True,,237,25,500,0.05,0.01,0.8,0.01
certified,refusal_behavior,0.21,0.176,0.18003836923548955,25,2,23,2,0,1.0,0.0,True,,238,25,500,0.05,0.01,0.8,0.01
certified,refusal_behavior,0.21,0.176,0.1786234690724302,25,5,20,5,1,1.0,0.05,True,,239,25,500,0.05,0.01,0.8,0.01
certified,refusal_behavior,0.21,0.176,0.17939408966838144,25,4,21,4,1,1.0,0.047619047619047616,True,,240,25,500,0.05,0.01,0.8,0.01
certified,refusal_behavior,0.21,0.176,0.1786234690724302,25,5,20,5,1,1.0,0.05,True,,241,25,500,0.05,0.01,0.8,0.01
certified,refusal_behavior,0.2,0.176,0.18567578836728596,25,3,22,3,2,1.0,0.09090909090909091,True,,242,25,500,0.05,0.01,0.8,0.01
certified,refusal_behavior,0.21,0.176,0.17939408966838144,25,4,21,4,1,1.0,0.047619047619047616,True,,243,25,500,0.05,0.01,0.8,0.01
certified,refusal_behavior,0.21,0.176,0.18003836923548955,25,4,21,4,0,1.0,0.0,True,,244,25,500,0.05,0.01,0.8,0.01
certified,refusal_behavior,0.21,0.176,0.18003836923548955,25,6,19,6,0,1.0,0.0,True,,245,25,500,0.05,0.01,0.8,0.01
certified,refusal_behavior,0.2,0.176,0.18561445924579426,25,1,24,1,2,1.0,0.08333333333333333,True,,246,25,500,0.05,0.01,0.8,0.01
certified,refusal_behavior,0.21,0.176,0.18003836923548955,25,4,21,4,0,1.0,0.0,True,,247,25,500,0.05,0.01,0.8,0.01
certified,refusal_behavior,0.21,0.176,0.18003836923548955,25,3,22,3,0,1.0,0.0,True,,248,25,500,0.05,0.01,0.8,0.01
certified,refusal_behavior,0.2,0.176,0.1857511789543972,25,5,20,5,2,1.0,0.1,True,,249,25,500,0.05,0.01,0.8,0.01
certified,refusal_behavior,0.21,0.176,0.17939408966838144,25,4,21,4,1,1.0,0.047619047619047616,True,,250,25,500,0.05,0.01,0.8,0.01
certified,refusal_behavior,0.21,0.176,0.18003836923548955,25,3,22,3,0,1.0,0.0,True,,251,25,500,0.05,0.01,0.8,0.01
certified,refusal_behavior,0.2,0.176,0.1856445634907957,25,2,23,2,2,1.0,0.08695652173913043,True,,252,25,500,0.05,0.01,0.8,0.01
certified,refusal_behavior,0.21,0.176,0.18003836923548955,25,4,21,4,0,1.0,0.0,True,,253,25,500,0.05,0.01,0.8,0.01
certified,refusal_behavior,0.21,0.176,0.1806904478154368,25,2,23,2,1,1.0,0.043478260869565216,True,,254,25,500,0.05,0.01,0.8,0.01
certified,refusal_behavior,0.21,0.176,0.17939408966838144,25,4,21,4,1,1.0,0.047619047619047616,True,,255,25,500,0.05,0.01,0.8,0.01
certified,refusal_behavior,0.21,0.176,0.17939408966838144,25,4,21,4,1,1.0,0.047619047619047616,True,,256,25,500,0.05,0.01,0.8,0.01
certified,refusal_behavior,0.21,0.176,0.1800794577366146,25,3,22,3,1,1.0,0.045454545454545456,True,,257,25,500,0.05,0.01,0.8,0.01
certified,refusal_behavior,0.2,0.176,0.1856445634907957,25,2,23,2,2,1.0,0.08695652173913043,True,,258,25,500,0.05,0.01,0.8,0.01
certified,refusal_behavior,0.21,0.176,0.18003836923548955,25,5,20,5,0,1.0,0.0,True,,259,25,500,0.05,0.01,0.8,0.01
certified,refusal_behavior,0.21,0.176,0.1806904478154368,25,2,23,2,1,1.0,0.043478260869565216,True,,260,25,500,0.05,0.01,0.8,0.01
certified,refusal_behavior,0.21,0.176,0.17939408966838144,25,4,21,4,1,1.0,0.047619047619047616,True,,261,25,500,0.05,0.01,0.8,0.01
certified,refusal_behavior,0.2,0.176,0.18567578836728596,25,3,22,3,2,1.0,0.09090909090909091,True,,262,25,500,0.05,0.01,0.8,0.01
certified,refusal_behavior,0.21,0.176,0.17939408966838144,25,4,21,4,1,1.0,0.047619047619047616,True,,263,25,500,0.05,0.01,0.8,0.01
certified,refusal_behavior,0.21,0.176,0.18003836923548955,25,2,23,2,0,1.0,0.0,True,,264,25,500,0.05,0.01,0.8,0.01
certified,refusal_behavior,0.21,0.176,0.17939408966838144,25,4,21,4,1,1.0,0.047619047619047616,True,,265,25,500,0.05,0.01,0.8,0.01
certified,refusal_behavior,0.21,0.176,0.18003836923548955,25,4,21,4,0,1.0,0.0,True,,266,25,500,0.05,0.01,0.8,0.01
certified,refusal_behavior,0.21,0.176,0.18003836923548955,25,3,22,3,0,1.0,0.0,True,,267,25,500,0.05,0.01,0.8,0.01
certified,refusal_behavior,0.21,0.176,0.17939408966838144,25,4,21,4,1,1.0,0.047619047619047616,True,,268,25,500,0.05,0.01,0.8,0.01
certified,refusal_behavior,0.21,0.176,0.1800794577366146,25,3,22,3,1,1.0,0.045454545454545456,True,,269,25,500,0.05,0.01,0.8,0.01
certified,refusal_behavior,0.21,0.176,0.1800794577366146,25,3,22,3,1,1.0,0.045454545454545456,True,,270,25,500,0.05,0.01,0.8,0.01
certified,refusal_behavior,0.2,0.176,0.1857511789543972,25,5,20,5,2,1.0,0.1,True,,271,25,500,0.05,0.01,0.8,0.01
certified,refusal_behavior,0.2,0.176,0.18567578836728596,25,3,22,3,2,1.0,0.09090909090909091,True,,272,25,500,0.05,0.01,0.8,0.01
certified,refusal_behavior,0.21,0.176,0.18003836923548955,25,2,23,2,0,1.0,0.0,True,,273,25,500,0.05,0.01,0.8,0.01
certified,refusal_behavior,0.2,0.176,0.1857102956710172,25,4,21,4,2,1.0,0.09523809523809523,True,,274,25,500,0.05,0.01,0.8,0.01
certified,refusal_behavior,0.21,0.176,0.18003836923548955,25,5,20,5,0,1.0,0.0,True,,275,25,500,0.05,0.01,0.8,0.01
certified,refusal_behavior,0.21,0.176,0.18123625357075523,25,1,24,1,1,1.0,0.041666666666666664,True,,276,25,500,0.05,0.01,0.8,0.01
certified,refusal_behavior,0.21,0.176,0.1786234690724302,25,5,20,5,1,1.0,0.05,True,,277,25,500,0.05,0.01,0.8,0.01
certified,refusal_behavior,0.21,0.176,0.17939408966838144,25,4,21,4,1,1.0,0.047619047619047616,True,,278,25,500,0.05,0.01,0.8,0.01
certified,refusal_behavior,0.21,0.176,0.18003836923548955,25,2,23,2,0,1.0,0.0,True,,279,25,500,0.05,0.01,0.8,0.01
certified,refusal_behavior,0.21,0.176,0.18003836923548955,25,3,22,3,0,1.0,0.0,True,,280,25,500,0.05,0.01,0.8,0.01
certified,refusal_behavior,0.21,0.176,0.1786234690724302,25,5,20,5,1,1.0,0.05,True,,281,25,500,0.05,0.01,0.8,0.01
certified,refusal_behavior,0.21,0.176,0.18123625357075523,25,1,24,1,1,1.0,0.041666666666666664,True,,282,25,500,0.05,0.01,0.8,0.01
certified,refusal_behavior,0.21,0.176,0.1800794577366146,25,3,22,3,1,1.0,0.045454545454545456,True,,283,25,500,0.05,0.01,0.8,0.01
certified,refusal_behavior,0.21,0.176,0.1800794577366146,25,3,22,3,1,1.0,0.045454545454545456,True,,284,25,500,0.05,0.01,0.8,0.01
certified,refusal_behavior,0.21,0.176,0.1806904478154368,25,2,23,2,1,1.0,0.043478260869565216,True,,285,25,500,0.05,0.01,0.8,0.01
certified,refusal_behavior,0.2,0.176,0.18580285113997957,25,6,19,6,2,1.0,0.10526315789473684,True,,286,25,500,0.05,0.01,0.8,0.01
certified,refusal_behavior,0.21,0.176,0.18003836923548955,25,3,22,3,0,1.0,0.0,True,,287,25,500,0.05,0.01,0.8,0.01
certified,refusal_behavior,0.21,0.176,0.18003836923548955,25,4,21,4,0,1.0,0.0,True,,288,25,500,0.05,0.01,0.8,0.01
certified,refusal_behavior,0.21,0.176,0.17939408966838144,25,4,21,4,1,1.0,0.047619047619047616,True,,289,25,500,0.05,0.01,0.8,0.01
certified,refusal_behavior,0.21,0.176,0.1786234690724302,25,5,20,5,1,1.0,0.05,True,,290,25,500,0.05,0.01,0.8,0.01
certified,refusal_behavior,0.21,0.176,0.18003836923548955,25,3,22,3,0,1.0,0.0,True,,291,25,500,0.05,0.01,0.8,0.01
certified,refusal_behavior,0.21,0.176,0.1800794577366146,25,3,22,3,1,1.0,0.045454545454545456,True,,292,25,500,0.05,0.01,0.8,0.01
certified,refusal_behavior,0.21,0.176,0.18003836923548955,25,3,22,3,0,1.0,0.0,True,,293,25,500,0.05,0.01,0.8,0.01
certified,refusal_behavior,0.2,0.176,0.1856445634907957,25,2,23,2,2,1.0,0.08695652173913043,True,,294,25,500,0.05,0.01,0.8,0.01
certified,refusal_behavior,0.21,0.176,0.17939408966838144,25,4,21,4,1,1.0,0.047619047619047616,True,,295,25,500,0.05,0.01,0.8,0.01
certified,refusal_behavior,0.2,0.176,0.18567578836728596,25,3,22,3,2,1.0,0.09090909090909091,True,,296,25,500,0.05,0.01,0.8,0.01
certified,refusal_behavior,0.2,0.176,0.1857102956710172,25,4,21,4,2,1.0,0.09523809523809523,True,,297,25,500,0.05,0.01,0.8,0.01
certified,refusal_behavior,0.21,0.176,0.18003836923548955,25,4,21,4,0,1.0,0.0,True,,298,25,500,0.05,0.01,0.8,0.01
certified,refusal_behavior,0.21,0.176,0.18123625357075523,25,1,24,1,1,1.0,0.041666666666666664,True,,299,25,500,0.05,0.01,0.8,0.01
certified,refusal_behavior,0.21,0.176,0.18003836923548955,25,4,21,4,0,1.0,0.0,True,,300,25,500,0.05,0.01,0.8,0.01
certified,refusal_behavior,0.21,0.176,0.18003836923548955,25,2,23,2,0,1.0,0.0,True,,301,25,500,0.05,0.01,0.8,0.01
certified,refusal_behavior,0.21,0.176,0.1786234690724302,25,5,20,5,1,1.0,0.05,True,,302,25,500,0.05,0.01,0.8,0.01
certified,refusal_behavior,0.21,0.176,0.18003836923548955,25,2,23,2,0,1.0,0.0,True,,303,25,500,0.05,0.01,0.8,0.01
certified,refusal_behavior,0.21,0.176,0.1800794577366146,25,3,22,3,1,1.0,0.045454545454545456,True,,304,25,500,0.05,0.01,0.8,0.01
certified,refusal_behavior,0.2,0.176,0.1857102956710172,25,4,21,4,2,1.0,0.09523809523809523,True,,305,25,500,0.05,0.01,0.8,0.01
certified,refusal_behavior,0.21,0.176,0.18003836923548955,25,4,21,4,0,1.0,0.0,True,,306,25,500,0.05,0.01,0.8,0.01
certified,refusal_behavior,0.2,0.176,0.1856445634907957,25,2,23,2,2,1.0,0.08695652173913043,True,,307,25,500,0.05,0.01,0.8,0.01
certified,refusal_behavior,0.2,0.176,0.1857102956710172,25,4,21,4,2,1.0,0.09523809523809523,True,,308,25,500,0.05,0.01,0.8,0.01
certified,refusal_behavior,0.21,0.176,0.17939408966838144,25,4,21,4,1,1.0,0.047619047619047616,True,,309,25,500,0.05,0.01,0.8,0.01
certified,refusal_behavior,0.21,0.176,0.18003836923548955,25,2,23,2,0,1.0,0.0,True,,310,25,500,0.05,0.01,0.8,0.01
certified,refusal_behavior,0.21,0.176,0.1800794577366146,25,3,22,3,1,1.0,0.045454545454545456,True,,311,25,500,0.05,0.01,0.8,0.01
certified,refusal_behavior,0.21,0.176,0.1800794577366146,25,3,22,3,1,1.0,0.045454545454545456,True,,312,25,500,0.05,0.01,0.8,0.01
certified,refusal_behavior,0.2,0.176,0.1857102956710172,25,4,21,4,2,1.0,0.09523809523809523,True,,313,25,500,0.05,0.01,0.8,0.01
certified,refusal_behavior,0.21,0.176,0.17939408966838144,25,4,21,4,1,1.0,0.047619047619047616,True,,314,25,500,0.05,0.01,0.8,0.01
certified,refusal_behavior,0.21,0.176,0.1786234690724302,25,5,20,5,1,1.0,0.05,True,,315,25,500,0.05,0.01,0.8,0.01
certified,refusal_behavior,0.2,0.176,0.1857102956710172,25,4,21,4,2,1.0,0.09523809523809523,True,,316,25,500,0.05,0.01,0.8,0.01
certified,refusal_behavior,0.21,0.176,0.1800794577366146,25,3,22,3,1,1.0,0.045454545454545456,True,,317,25,500,0.05,0.01,0.8,0.01
certified,refusal_behavior,0.21,0.176,0.1800794577366146,25,3,22,3,1,1.0,0.045454545454545456,True,,318,25,500,0.05,0.01,0.8,0.01
certified,refusal_behavior,0.2,0.176,0.18567578836728596,25,3,22,3,2,1.0,0.09090909090909091,True,,319,25,500,0.05,0.01,0.8,0.01
certified,refusal_behavior,0.21,0.176,0.17775464591766416,25,6,19,6,1,1.0,0.05263157894736842,True,,320,25,500,0.05,0.01,0.8,0.01
certified,refusal_behavior,0.2,0.176,0.18567578836728596,25,3,22,3,2,1.0,0.09090909090909091,True,,321,25,500,0.05,0.01,0.8,0.01
certified,refusal_behavior,0.21,0.176,0.1800794577366146,25,3,22,3,1,1.0,0.045454545454545456,True,,322,25,500,0.05,0.01,0.8,0.01
invalid_reliability,refusal_behavior,,,,25,0,25,0,1,,0.04,False,"No human-labelled failures in D_M, so TPR cannot be estimated.",323,25,500,0.05,0.01,0.8,0.01
certified,refusal_behavior,0.21,0.176,0.18003836923548955,25,6,19,6,0,1.0,0.0,True,,324,25,500,0.05,0.01,0.8,0.01
certified,refusal_behavior,0.21,0.176,0.1806904478154368,25,2,23,2,1,1.0,0.043478260869565216,True,,325,25,500,0.05,0.01,0.8,0.01
certified,refusal_behavior,0.2,0.176,0.18567578836728596,25,3,22,3,2,1.0,0.09090909090909091,True,,326,25,500,0.05,0.01,0.8,0.01
certified,refusal_behavior,0.21,0.176,0.17939408966838144,25,4,21,4,1,1.0,0.047619047619047616,True,,327,25,500,0.05,0.01,0.8,0.01
certified,refusal_behavior,0.21,0.176,0.17939408966838144,25,4,21,4,1,1.0,0.047619047619047616,True,,328,25,500,0.05,0.01,0.8,0.01
certified,refusal_behavior,0.2,0.176,0.18567578836728596,25,3,22,3,2,1.0,0.09090909090909091,True,,329,25,500,0.05,0.01,0.8,0.01
certified,refusal_behavior,0.2,0.176,0.1856445634907957,25,2,23,2,2,1.0,0.08695652173913043,True,,330,25,500,0.05,0.01,0.8,0.01
certified,refusal_behavior,0.21,0.176,0.18003836923548955,25,2,23,2,0,1.0,0.0,True,,331,25,500,0.05,0.01,0.8,0.01
certified,refusal_behavior,0.21,0.176,0.17939408966838144,25,4,21,4,1,1.0,0.047619047619047616,True,,332,25,500,0.05,0.01,0.8,0.01
certified,refusal_behavior,0.2,0.176,0.18567578836728596,25,3,22,3,2,1.0,0.09090909090909091,True,,333,25,500,0.05,0.01,0.8,0.01
certified,refusal_behavior,0.2,0.176,0.18567578836728596,25,3,22,3,2,1.0,0.09090909090909091,True,,334,25,500,0.05,0.01,0.8,0.01
certified,refusal_behavior,0.2,0.176,0.1857102956710172,25,4,21,4,2,1.0,0.09523809523809523,True,,335,25,500,0.05,0.01,0.8,0.01
certified,refusal_behavior,0.21,0.176,0.18003836923548955,25,1,24,1,0,1.0,0.0,True,,336,25,500,0.05,0.01,0.8,0.01
certified,refusal_behavior,0.21,0.176,0.17939408966838144,25,4,21,4,1,1.0,0.047619047619047616,True,,337,25,500,0.05,0.01,0.8,0.01
certified,refusal_behavior,0.21,0.176,0.17939408966838144,25,4,21,4,1,1.0,0.047619047619047616,True,,338,25,500,0.05,0.01,0.8,0.01
certified,refusal_behavior,0.21,0.176,0.17775464591766416,25,6,19,6,1,1.0,0.05263157894736842,True,,339,25,500,0.05,0.01,0.8,0.01
certified,refusal_behavior,0.21,0.176,0.17939408966838144,25,4,21,4,1,1.0,0.047619047619047616,True,,340,25,500,0.05,0.01,0.8,0.01
certified,refusal_behavior,0.2,0.176,0.1857102956710172,25,4,21,4,2,1.0,0.09523809523809523,True,,341,25,500,0.05,0.01,0.8,0.01
certified,refusal_behavior,0.21,0.176,0.17939408966838144,25,4,21,4,1,1.0,0.047619047619047616,True,,342,25,500,0.05,0.01,0.8,0.01
certified,refusal_behavior,0.21,0.176,0.1800794577366146,25,3,22,3,1,1.0,0.045454545454545456,True,,343,25,500,0.05,0.01,0.8,0.01
certified,refusal_behavior,0.21,0.176,0.17939408966838144,25,4,21,4,1,1.0,0.047619047619047616,True,,344,25,500,0.05,0.01,0.8,0.01
certified,refusal_behavior,0.2,0.176,0.18567578836728596,25,3,22,3,2,1.0,0.09090909090909091,True,,345,25,500,0.05,0.01,0.8,0.01
certified,refusal_behavior,0.21,0.176,0.18003836923548955,25,4,21,4,0,1.0,0.0,True,,346,25,500,0.05,0.01,0.8,0.01
certified,refusal_behavior,0.21,0.176,0.17939408966838144,25,4,21,4,1,1.0,0.047619047619047616,True,,347,25,500,0.05,0.01,0.8,0.01
certified,refusal_behavior,0.21,0.176,0.18003836923548955,25,1,24,1,0,1.0,0.0,True,,348,25,500,0.05,0.01,0.8,0.01
certified,refusal_behavior,0.21,0.176,0.18003836923548955,25,4,21,4,0,1.0,0.0,True,,349,25,500,0.05,0.01,0.8,0.01
certified,refusal_behavior,0.21,0.176,0.18003836923548955,25,4,21,4,0,1.0,0.0,True,,350,25,500,0.05,0.01,0.8,0.01
certified,refusal_behavior,0.21,0.176,0.1786234690724302,25,5,20,5,1,1.0,0.05,True,,351,25,500,0.05,0.01,0.8,0.01
certified,refusal_behavior,0.21,0.176,0.18003836923548955,25,4,21,4,0,1.0,0.0,True,,352,25,500,0.05,0.01,0.8,0.01
certified,refusal_behavior,0.21,0.176,0.18003836923548955,25,2,23,2,0,1.0,0.0,True,,353,25,500,0.05,0.01,0.8,0.01
certified,refusal_behavior,0.21,0.176,0.18003836923548955,25,4,21,4,0,1.0,0.0,True,,354,25,500,0.05,0.01,0.8,0.01
certified,refusal_behavior,0.21,0.176,0.18123625357075523,25,1,24,1,1,1.0,0.041666666666666664,True,,355,25,500,0.05,0.01,0.8,0.01
certified,refusal_behavior,0.21,0.176,0.18003836923548955,25,2,23,2,0,1.0,0.0,True,,356,25,500,0.05,0.01,0.8,0.01
certified,refusal_behavior,0.21,0.176,0.18003836923548955,25,4,21,4,0,1.0,0.0,True,,357,25,500,0.05,0.01,0.8,0.01
certified,refusal_behavior,0.2,0.176,0.1857511789543972,25,5,20,5,2,1.0,0.1,True,,358,25,500,0.05,0.01,0.8,0.01
certified,refusal_behavior,0.21,0.176,0.1800794577366146,25,3,22,3,1,1.0,0.045454545454545456,True,,359,25,500,0.05,0.01,0.8,0.01
certified,refusal_behavior,0.21,0.176,0.1800794577366146,25,3,22,3,1,1.0,0.045454545454545456,True,,360,25,500,0.05,0.01,0.8,0.01
certified,refusal_behavior,0.21,0.176,0.1806904478154368,25,2,23,2,1,1.0,0.043478260869565216,True,,361,25,500,0.05,0.01,0.8,0.01
certified,refusal_behavior,0.21,0.176,0.18003836923548955,25,4,21,4,0,1.0,0.0,True,,362,25,500,0.05,0.01,0.8,0.01
certified,refusal_behavior,0.21,0.176,0.1800794577366146,25,3,22,3,1,1.0,0.045454545454545456,True,,363,25,500,0.05,0.01,0.8,0.01
certified,refusal_behavior,0.2,0.176,0.1856445634907957,25,2,23,2,2,1.0,0.08695652173913043,True,,364,25,500,0.05,0.01,0.8,0.01
certified,refusal_behavior,0.21,0.176,0.1786234690724302,25,5,20,5,1,1.0,0.05,True,,365,25,500,0.05,0.01,0.8,0.01
certified,refusal_behavior,0.21,0.176,0.17775464591766416,25,6,19,6,1,1.0,0.05263157894736842,True,,366,25,500,0.05,0.01,0.8,0.01
certified,refusal_behavior,0.21,0.176,0.18003836923548955,25,4,21,4,0,1.0,0.0,True,,367,25,500,0.05,0.01,0.8,0.01
certified,refusal_behavior,0.21,0.176,0.18003836923548955,25,3,22,3,0,1.0,0.0,True,,368,25,500,0.05,0.01,0.8,0.01
certified,refusal_behavior,0.21,0.176,0.17939408966838144,25,4,21,4,1,1.0,0.047619047619047616,True,,369,25,500,0.05,0.01,0.8,0.01
certified,refusal_behavior,0.21,0.176,0.1800794577366146,25,3,22,3,1,1.0,0.045454545454545456,True,,370,25,500,0.05,0.01,0.8,0.01
certified,refusal_behavior,0.21,0.176,0.17939408966838144,25,4,21,4,1,1.0,0.047619047619047616,True,,371,25,500,0.05,0.01,0.8,0.01
certified,refusal_behavior,0.21,0.176,0.18003836923548955,25,2,23,2,0,1.0,0.0,True,,372,25,500,0.05,0.01,0.8,0.01
certified,refusal_behavior,0.21,0.176,0.1800794577366146,25,3,22,3,1,1.0,0.045454545454545456,True,,373,25,500,0.05,0.01,0.8,0.01
certified,refusal_behavior,0.2,0.176,0.18567578836728596,25,3,22,3,2,1.0,0.09090909090909091,True,,374,25,500,0.05,0.01,0.8,0.01
certified,refusal_behavior,0.21,0.176,0.18003836923548955,25,2,23,2,0,1.0,0.0,True,,375,25,500,0.05,0.01,0.8,0.01
certified,refusal_behavior,0.21,0.176,0.17939408966838144,25,4,21,4,1,1.0,0.047619047619047616,True,,376,25,500,0.05,0.01,0.8,0.01
certified,refusal_behavior,0.21,0.176,0.18003836923548955,25,4,21,4,0,1.0,0.0,True,,377,25,500,0.05,0.01,0.8,0.01
certified,refusal_behavior,0.21,0.176,0.17939408966838144,25,4,21,4,1,1.0,0.047619047619047616,True,,378,25,500,0.05,0.01,0.8,0.01
certified,refusal_behavior,0.2,0.176,0.18567578836728596,25,3,22,3,2,1.0,0.09090909090909091,True,,379,25,500,0.05,0.01,0.8,0.01
certified,refusal_behavior,0.21,0.176,0.18003836923548955,25,2,23,2,0,1.0,0.0,True,,380,25,500,0.05,0.01,0.8,0.01
certified,refusal_behavior,0.21,0.176,0.1800794577366146,25,3,22,3,1,1.0,0.045454545454545456,True,,381,25,500,0.05,0.01,0.8,0.01
certified,refusal_behavior,0.21,0.176,0.1800794577366146,25,3,22,3,1,1.0,0.045454545454545456,True,,382,25,500,0.05,0.01,0.8,0.01
certified,refusal_behavior,0.21,0.176,0.18003836923548955,25,1,24,1,0,1.0,0.0,True,,383,25,500,0.05,0.01,0.8,0.01
certified,refusal_behavior,0.2,0.176,0.1857511789543972,25,5,20,5,2,1.0,0.1,True,,384,25,500,0.05,0.01,0.8,0.01
certified,refusal_behavior,0.21,0.176,0.18003836923548955,25,6,19,6,0,1.0,0.0,True,,385,25,500,0.05,0.01,0.8,0.01
certified,refusal_behavior,0.21,0.176,0.1786234690724302,25,5,20,5,1,1.0,0.05,True,,386,25,500,0.05,0.01,0.8,0.01
certified,refusal_behavior,0.2,0.176,0.1857102956710172,25,4,21,4,2,1.0,0.09523809523809523,True,,387,25,500,0.05,0.01,0.8,0.01
certified,refusal_behavior,0.21,0.176,0.18003836923548955,25,3,22,3,0,1.0,0.0,True,,388,25,500,0.05,0.01,0.8,0.01
certified,refusal_behavior,0.2,0.176,0.18567578836728596,25,3,22,3,2,1.0,0.09090909090909091,True,,389,25,500,0.05,0.01,0.8,0.01
certified,refusal_behavior,0.21,0.176,0.18003836923548955,25,3,22,3,0,1.0,0.0,True,,390,25,500,0.05,0.01,0.8,0.01
certified,refusal_behavior,0.21,0.176,0.18003836923548955,25,3,22,3,0,1.0,0.0,True,,391,25,500,0.05,0.01,0.8,0.01
certified,refusal_behavior,0.2,0.176,0.1857102956710172,25,4,21,4,2,1.0,0.09523809523809523,True,,392,25,500,0.05,0.01,0.8,0.01
certified,refusal_behavior,0.21,0.176,0.17775464591766416,25,6,19,6,1,1.0,0.05263157894736842,True,,393,25,500,0.05,0.01,0.8,0.01
certified,refusal_behavior,0.21,0.176,0.1800794577366146,25,3,22,3,1,1.0,0.045454545454545456,True,,394,25,500,0.05,0.01,0.8,0.01
certified,refusal_behavior,0.21,0.176,0.1800794577366146,25,3,22,3,1,1.0,0.045454545454545456,True,,395,25,500,0.05,0.01,0.8,0.01
certified,refusal_behavior,0.21,0.176,0.18003836923548955,25,4,21,4,0,1.0,0.0,True,,396,25,500,0.05,0.01,0.8,0.01
certified,refusal_behavior,0.2,0.176,0.1856445634907957,25,2,23,2,2,1.0,0.08695652173913043,True,,397,25,500,0.05,0.01,0.8,0.01
certified,refusal_behavior,0.2,0.176,0.1856445634907957,25,2,23,2,2,1.0,0.08695652173913043,True,,398,25,500,0.05,0.01,0.8,0.01
certified,refusal_behavior,0.21,0.176,0.17939408966838144,25,4,21,4,1,1.0,0.047619047619047616,True,,399,25,500,0.05,0.01,0.8,0.01
certified,refusal_behavior,0.21,0.176,0.1800794577366146,25,3,22,3,1,1.0,0.045454545454545456,True,,400,25,500,0.05,0.01,0.8,0.01
certified,refusal_behavior,0.21,0.176,0.17939408966838144,25,4,21,4,1,1.0,0.047619047619047616,True,,401,25,500,0.05,0.01,0.8,0.01
certified,refusal_behavior,0.2,0.176,0.18567578836728596,25,3,22,3,2,1.0,0.09090909090909091,True,,402,25,500,0.05,0.01,0.8,0.01
certified,refusal_behavior,0.2,0.176,0.1857102956710172,25,4,21,4,2,1.0,0.09523809523809523,True,,403,25,500,0.05,0.01,0.8,0.01
certified,refusal_behavior,0.21,0.176,0.1800794577366146,25,3,22,3,1,1.0,0.045454545454545456,True,,404,25,500,0.05,0.01,0.8,0.01
certified,refusal_behavior,0.21,0.176,0.18003836923548955,25,4,21,4,0,1.0,0.0,True,,405,25,500,0.05,0.01,0.8,0.01
certified,refusal_behavior,0.21,0.176,0.18003836923548955,25,4,21,4,0,1.0,0.0,True,,406,25,500,0.05,0.01,0.8,0.01
certified,refusal_behavior,0.2,0.176,0.18567578836728596,25,3,22,3,2,1.0,0.09090909090909091,True,,407,25,500,0.05,0.01,0.8,0.01
certified,refusal_behavior,0.21,0.176,0.18003836923548955,25,3,22,3,0,1.0,0.0,True,,408,25,500,0.05,0.01,0.8,0.01
certified,refusal_behavior,0.21,0.176,0.1806904478154368,25,2,23,2,1,1.0,0.043478260869565216,True,,409,25,500,0.05,0.01,0.8,0.01
certified,refusal_behavior,0.21,0.176,0.18003836923548955,25,4,21,4,0,1.0,0.0,True,,410,25,500,0.05,0.01,0.8,0.01
certified,refusal_behavior,0.2,0.176,0.1857102956710172,25,4,21,4,2,1.0,0.09523809523809523,True,,411,25,500,0.05,0.01,0.8,0.01
certified,refusal_behavior,0.21,0.176,0.1806904478154368,25,2,23,2,1,1.0,0.043478260869565216,True,,412,25,500,0.05,0.01,0.8,0.01
certified,refusal_behavior,0.2,0.176,0.18567578836728596,25,3,22,3,2,1.0,0.09090909090909091,True,,413,25,500,0.05,0.01,0.8,0.01
certified,refusal_behavior,0.2,0.176,0.1857102956710172,25,4,21,4,2,1.0,0.09523809523809523,True,,414,25,500,0.05,0.01,0.8,0.01
certified,refusal_behavior,0.21,0.176,0.17939408966838144,25,4,21,4,1,1.0,0.047619047619047616,True,,415,25,500,0.05,0.01,0.8,0.01
certified,refusal_behavior,0.21,0.176,0.1786234690724302,25,5,20,5,1,1.0,0.05,True,,416,25,500,0.05,0.01,0.8,0.01
certified,refusal_behavior,0.21,0.176,0.18003836923548955,25,6,19,6,0,1.0,0.0,True,,417,25,500,0.05,0.01,0.8,0.01
certified,refusal_behavior,0.21,0.176,0.18003836923548955,25,5,20,5,0,1.0,0.0,True,,418,25,500,0.05,0.01,0.8,0.01
certified,refusal_behavior,0.21,0.176,0.17939408966838144,25,4,21,4,1,1.0,0.047619047619047616,True,,419,25,500,0.05,0.01,0.8,0.01
certified,refusal_behavior,0.21,0.176,0.18003836923548955,25,2,23,2,0,1.0,0.0,True,,420,25,500,0.05,0.01,0.8,0.01
certified,refusal_behavior,0.21,0.176,0.17939408966838144,25,4,21,4,1,1.0,0.047619047619047616,True,,421,25,500,0.05,0.01,0.8,0.01
certified,refusal_behavior,0.21,0.176,0.18003836923548955,25,2,23,2,0,1.0,0.0,True,,422,25,500,0.05,0.01,0.8,0.01
certified,refusal_behavior,0.2,0.176,0.1856445634907957,25,2,23,2,2,1.0,0.08695652173913043,True,,423,25,500,0.05,0.01,0.8,0.01
certified,refusal_behavior,0.21,0.176,0.1800794577366146,25,3,22,3,1,1.0,0.045454545454545456,True,,424,25,500,0.05,0.01,0.8,0.01
certified,refusal_behavior,0.2,0.176,0.1857102956710172,25,4,21,4,2,1.0,0.09523809523809523,True,,425,25,500,0.05,0.01,0.8,0.01
certified,refusal_behavior,0.2,0.176,0.18567578836728596,25,3,22,3,2,1.0,0.09090909090909091,True,,426,25,500,0.05,0.01,0.8,0.01
certified,refusal_behavior,0.21,0.176,0.1800794577366146,25,3,22,3,1,1.0,0.045454545454545456,True,,427,25,500,0.05,0.01,0.8,0.01
certified,refusal_behavior,0.2,0.176,0.1856445634907957,25,2,23,2,2,1.0,0.08695652173913043,True,,428,25,500,0.05,0.01,0.8,0.01
certified,refusal_behavior,0.2,0.176,0.18580285113997957,25,6,19,6,2,1.0,0.10526315789473684,True,,429,25,500,0.05,0.01,0.8,0.01
certified,refusal_behavior,0.21,0.176,0.1806904478154368,25,2,23,2,1,1.0,0.043478260869565216,True,,430,25,500,0.05,0.01,0.8,0.01
certified,refusal_behavior,0.21,0.176,0.17939408966838144,25,4,21,4,1,1.0,0.047619047619047616,True,,431,25,500,0.05,0.01,0.8,0.01
certified,refusal_behavior,0.2,0.176,0.1857102956710172,25,4,21,4,2,1.0,0.09523809523809523,True,,432,25,500,0.05,0.01,0.8,0.01
certified,refusal_behavior,0.21,0.176,0.18003836923548955,25,6,19,6,0,1.0,0.0,True,,433,25,500,0.05,0.01,0.8,0.01
certified,refusal_behavior,0.2,0.176,0.18561445924579426,25,1,24,1,2,1.0,0.08333333333333333,True,,434,25,500,0.05,0.01,0.8,0.01
certified,refusal_behavior,0.21,0.176,0.18003836923548955,25,3,22,3,0,1.0,0.0,True,,435,25,500,0.05,0.01,0.8,0.01
certified,refusal_behavior,0.21,0.176,0.17939408966838144,25,4,21,4,1,1.0,0.047619047619047616,True,,436,25,500,0.05,0.01,0.8,0.01
certified,refusal_behavior,0.21,0.176,0.18003836923548955,25,4,21,4,0,1.0,0.0,True,,437,25,500,0.05,0.01,0.8,0.01
certified,refusal_behavior,0.21,0.176,0.18003836923548955,25,5,20,5,0,1.0,0.0,True,,438,25,500,0.05,0.01,0.8,0.01
certified,refusal_behavior,0.21,0.176,0.17939408966838144,25,4,21,4,1,1.0,0.047619047619047616,True,,439,25,500,0.05,0.01,0.8,0.01
certified,refusal_behavior,0.21,0.176,0.1806904478154368,25,2,23,2,1,1.0,0.043478260869565216,True,,440,25,500,0.05,0.01,0.8,0.01
certified,refusal_behavior,0.21,0.176,0.18003836923548955,25,4,21,4,0,1.0,0.0,True,,441,25,500,0.05,0.01,0.8,0.01
certified,refusal_behavior,0.2,0.176,0.1856445634907957,25,2,23,2,2,1.0,0.08695652173913043,True,,442,25,500,0.05,0.01,0.8,0.01
certified,refusal_behavior,0.21,0.176,0.18003836923548955,25,3,22,3,0,1.0,0.0,True,,443,25,500,0.05,0.01,0.8,0.01
certified,refusal_behavior,0.21,0.176,0.1786234690724302,25,5,20,5,1,1.0,0.05,True,,444,25,500,0.05,0.01,0.8,0.01
certified,refusal_behavior,0.21,0.176,0.1806904478154368,25,2,23,2,1,1.0,0.043478260869565216,True,,445,25,500,0.05,0.01,0.8,0.01
certified,refusal_behavior,0.21,0.176,0.18003836923548955,25,4,21,4,0,1.0,0.0,True,,446,25,500,0.05,0.01,0.8,0.01
certified,refusal_behavior,0.2,0.176,0.1856445634907957,25,2,23,2,2,1.0,0.08695652173913043,True,,447,25,500,0.05,0.01,0.8,0.01
certified,refusal_behavior,0.21,0.176,0.18003836923548955,25,1,24,1,0,1.0,0.0,True,,448,25,500,0.05,0.01,0.8,0.01
certified,refusal_behavior,0.2,0.176,0.1857102956710172,25,4,21,4,2,1.0,0.09523809523809523,True,,449,25,500,0.05,0.01,0.8,0.01
certified,refusal_behavior,0.21,0.176,0.17939408966838144,25,4,21,4,1,1.0,0.047619047619047616,True,,450,25,500,0.05,0.01,0.8,0.01
certified,refusal_behavior,0.21,0.176,0.18003836923548955,25,3,22,3,0,1.0,0.0,True,,451,25,500,0.05,0.01,0.8,0.01
certified,refusal_behavior,0.21,0.176,0.1800794577366146,25,3,22,3,1,1.0,0.045454545454545456,True,,452,25,500,0.05,0.01,0.8,0.01
certified,refusal_behavior,0.21,0.176,0.18003836923548955,25,4,21,4,0,1.0,0.0,True,,453,25,500,0.05,0.01,0.8,0.01
certified,refusal_behavior,0.2,0.176,0.1857511789543972,25,5,20,5,2,1.0,0.1,True,,454,25,500,0.05,0.01,0.8,0.01
certified,refusal_behavior,0.2,0.176,0.18567578836728596,25,3,22,3,2,1.0,0.09090909090909091,True,,455,25,500,0.05,0.01,0.8,0.01
certified,refusal_behavior,0.21,0.176,0.17939408966838144,25,4,21,4,1,1.0,0.047619047619047616,True,,456,25,500,0.05,0.01,0.8,0.01
certified,refusal_behavior,0.2,0.176,0.1857102956710172,25,4,21,4,2,1.0,0.09523809523809523,True,,457,25,500,0.05,0.01,0.8,0.01
certified,refusal_behavior,0.2,0.176,0.1856445634907957,25,2,23,2,2,1.0,0.08695652173913043,True,,458,25,500,0.05,0.01,0.8,0.01
certified,refusal_behavior,0.21,0.176,0.18003836923548955,25,2,23,2,0,1.0,0.0,True,,459,25,500,0.05,0.01,0.8,0.01
certified,refusal_behavior,0.21,0.176,0.18003836923548955,25,5,20,5,0,1.0,0.0,True,,460,25,500,0.05,0.01,0.8,0.01
certified,refusal_behavior,0.21,0.176,0.1800794577366146,25,3,22,3,1,1.0,0.045454545454545456,True,,461,25,500,0.05,0.01,0.8,0.01
certified,refusal_behavior,0.21,0.176,0.17939408966838144,25,4,21,4,1,1.0,0.047619047619047616,True,,462,25,500,0.05,0.01,0.8,0.01
certified,refusal_behavior,0.21,0.176,0.1786234690724302,25,5,20,5,1,1.0,0.05,True,,463,25,500,0.05,0.01,0.8,0.01
certified,refusal_behavior,0.2,0.176,0.1857102956710172,25,4,21,4,2,1.0,0.09523809523809523,True,,464,25,500,0.05,0.01,0.8,0.01
certified,refusal_behavior,0.21,0.176,0.17939408966838144,25,4,21,4,1,1.0,0.047619047619047616,True,,465,25,500,0.05,0.01,0.8,0.01
certified,refusal_behavior,0.21,0.176,0.1786234690724302,25,5,20,5,1,1.0,0.05,True,,466,25,500,0.05,0.01,0.8,0.01
certified,refusal_behavior,0.2,0.176,0.1856445634907957,25,2,23,2,2,1.0,0.08695652173913043,True,,467,25,500,0.05,0.01,0.8,0.01
certified,refusal_behavior,0.21,0.176,0.1800794577366146,25,3,22,3,1,1.0,0.045454545454545456,True,,468,25,500,0.05,0.01,0.8,0.01
certified,refusal_behavior,0.21,0.176,0.18003836923548955,25,3,22,3,0,1.0,0.0,True,,469,25,500,0.05,0.01,0.8,0.01
certified,refusal_behavior,0.21,0.176,0.1800794577366146,25,3,22,3,1,1.0,0.045454545454545456,True,,470,25,500,0.05,0.01,0.8,0.01
certified,refusal_behavior,0.2,0.176,0.1856445634907957,25,2,23,2,2,1.0,0.08695652173913043,True,,471,25,500,0.05,0.01,0.8,0.01
certified,refusal_behavior,0.2,0.176,0.1857102956710172,25,4,21,4,2,1.0,0.09523809523809523,True,,472,25,500,0.05,0.01,0.8,0.01
certified,refusal_behavior,0.21,0.176,0.18003836923548955,25,2,23,2,0,1.0,0.0,True,,473,25,500,0.05,0.01,0.8,0.01
certified,refusal_behavior,0.21,0.176,0.17939408966838144,25,4,21,4,1,1.0,0.047619047619047616,True,,474,25,500,0.05,0.01,0.8,0.01
certified,refusal_behavior,0.21,0.176,0.1786234690724302,25,5,20,5,1,1.0,0.05,True,,475,25,500,0.05,0.01,0.8,0.01
certified,refusal_behavior,0.2,0.176,0.1857102956710172,25,4,21,4,2,1.0,0.09523809523809523,True,,476,25,500,0.05,0.01,0.8,0.01
certified,refusal_behavior,0.2,0.176,0.18567578836728596,25,3,22,3,2,1.0,0.09090909090909091,True,,477,25,500,0.05,0.01,0.8,0.01
certified,refusal_behavior,0.21,0.176,0.18003836923548955,25,3,22,3,0,1.0,0.0,True,,478,25,500,0.05,0.01,0.8,0.01
certified,refusal_behavior,0.2,0.176,0.18567578836728596,25,3,22,3,2,1.0,0.09090909090909091,True,,479,25,500,0.05,0.01,0.8,0.01
certified,refusal_behavior,0.21,0.176,0.18003836923548955,25,5,20,5,0,1.0,0.0,True,,480,25,500,0.05,0.01,0.8,0.01
certified,refusal_behavior,0.21,0.176,0.17939408966838144,25,4,21,4,1,1.0,0.047619047619047616,True,,481,25,500,0.05,0.01,0.8,0.01
certified,refusal_behavior,0.21,0.176,0.17939408966838144,25,4,21,4,1,1.0,0.047619047619047616,True,,482,25,500,0.05,0.01,0.8,0.01
certified,refusal_behavior,0.21,0.176,0.1786234690724302,25,5,20,5,1,1.0,0.05,True,,483,25,500,0.05,0.01,0.8,0.01
certified,refusal_behavior,0.21,0.176,0.18003836923548955,25,4,21,4,0,1.0,0.0,True,,484,25,500,0.05,0.01,0.8,0.01
certified,refusal_behavior,0.2,0.176,0.1857102956710172,25,4,21,4,2,1.0,0.09523809523809523,True,,485,25,500,0.05,0.01,0.8,0.01
certified,refusal_behavior,0.2,0.176,0.1857102956710172,25,4,21,4,2,1.0,0.09523809523809523,True,,486,25,500,0.05,0.01,0.8,0.01
certified,refusal_behavior,0.21,0.176,0.17939408966838144,25,4,21,4,1,1.0,0.047619047619047616,True,,487,25,500,0.05,0.01,0.8,0.01
certified,refusal_behavior,0.2,0.176,0.1857102956710172,25,4,21,4,2,1.0,0.09523809523809523,True,,488,25,500,0.05,0.01,0.8,0.01
certified,refusal_behavior,0.21,0.176,0.1800794577366146,25,3,22,3,1,1.0,0.045454545454545456,True,,489,25,500,0.05,0.01,0.8,0.01
certified,refusal_behavior,0.2,0.176,0.1857102956710172,25,4,21,4,2,1.0,0.09523809523809523,True,,490,25,500,0.05,0.01,0.8,0.01
certified,refusal_behavior,0.21,0.176,0.18003836923548955,25,4,21,4,0,1.0,0.0,True,,491,25,500,0.05,0.01,0.8,0.01
certified,refusal_behavior,0.21,0.176,0.18003836923548955,25,5,20,5,0,1.0,0.0,True,,492,25,500,0.05,0.01,0.8,0.01
certified,refusal_behavior,0.21,0.176,0.1800794577366146,25,3,22,3,1,1.0,0.045454545454545456,True,,493,25,500,0.05,0.01,0.8,0.01
certified,refusal_behavior,0.2,0.176,0.18567578836728596,25,3,22,3,2,1.0,0.09090909090909091,True,,494,25,500,0.05,0.01,0.8,0.01
certified,refusal_behavior,0.2,0.176,0.18567578836728596,25,3,22,3,2,1.0,0.09090909090909091,True,,495,25,500,0.05,0.01,0.8,0.01
certified,refusal_behavior,0.21,0.176,0.18003836923548955,25,3,22,3,0,1.0,0.0,True,,496,25,500,0.05,0.01,0.8,0.01
certified,refusal_behavior,0.21,0.176,0.17939408966838144,25,4,21,4,1,1.0,0.047619047619047616,True,,497,25,500,0.05,0.01,0.8,0.01
certified,refusal_behavior,0.21,0.176,0.18123625357075523,25,1,24,1,1,1.0,0.041666666666666664,True,,498,25,500,0.05,0.01,0.8,0.01
certified,refusal_behavior,0.21,0.176,0.18003836923548955,25,2,23,2,0,1.0,0.0,True,,499,25,500,0.05,0.01,0.8,0.01
certified,refusal_behavior,0.21,0.176,0.1800794577366146,25,3,22,3,1,1.0,0.045454545454545456,True,,500,25,500,0.05,0.01,0.8,0.01
certified,refusal_behavior,0.21,0.176,0.1800794577366146,25,3,22,3,1,1.0,0.045454545454545456,True,,501,25,500,0.05,0.01,0.8,0.01
certified,refusal_behavior,0.21,0.176,0.18003836923548955,25,6,19,6,0,1.0,0.0,True,,502,25,500,0.05,0.01,0.8,0.01
certified,refusal_behavior,0.21,0.176,0.18003836923548955,25,7,18,7,0,1.0,0.0,True,,503,25,500,0.05,0.01,0.8,0.01
certified,refusal_behavior,0.21,0.176,0.1806904478154368,25,2,23,2,1,1.0,0.043478260869565216,True,,504,25,500,0.05,0.01,0.8,0.01
certified,refusal_behavior,0.2,0.176,0.1857102956710172,25,4,21,4,2,1.0,0.09523809523809523,True,,505,25,500,0.05,0.01,0.8,0.01
certified,refusal_behavior,0.2,0.176,0.18561445924579426,25,1,24,1,2,1.0,0.08333333333333333,True,,506,25,500,0.05,0.01,0.8,0.01
certified,refusal_behavior,0.2,0.176,0.1857102956710172,25,4,21,4,2,1.0,0.09523809523809523,True,,507,25,500,0.05,0.01,0.8,0.01
certified,refusal_behavior,0.21,0.176,0.17939408966838144,25,4,21,4,1,1.0,0.047619047619047616,True,,508,25,500,0.05,0.01,0.8,0.01
certified,refusal_behavior,0.2,0.176,0.18567578836728596,25,3,22,3,2,1.0,0.09090909090909091,True,,509,25,500,0.05,0.01,0.8,0.01
certified,refusal_behavior,0.21,0.176,0.1800794577366146,25,3,22,3,1,1.0,0.045454545454545456,True,,510,25,500,0.05,0.01,0.8,0.01
certified,refusal_behavior,0.21,0.176,0.18003836923548955,25,4,21,4,0,1.0,0.0,True,,511,25,500,0.05,0.01,0.8,0.01
certified,refusal_behavior,0.21,0.176,0.18003836923548955,25,5,20,5,0,1.0,0.0,True,,512,25,500,0.05,0.01,0.8,0.01
certified,refusal_behavior,0.21,0.176,0.18003836923548955,25,4,21,4,0,1.0,0.0,True,,513,25,500,0.05,0.01,0.8,0.01
certified,refusal_behavior,0.21,0.176,0.18003836923548955,25,2,23,2,0,1.0,0.0,True,,514,25,500,0.05,0.01,0.8,0.01
certified,refusal_behavior,0.21,0.176,0.17939408966838144,25,4,21,4,1,1.0,0.047619047619047616,True,,515,25,500,0.05,0.01,0.8,0.01
certified,refusal_behavior,0.2,0.176,0.1856445634907957,25,2,23,2,2,1.0,0.08695652173913043,True,,516,25,500,0.05,0.01,0.8,0.01
certified,refusal_behavior,0.21,0.176,0.1800794577366146,25,3,22,3,1,1.0,0.045454545454545456,True,,517,25,500,0.05,0.01,0.8,0.01
certified,refusal_behavior,0.21,0.176,0.18003836923548955,25,4,21,4,0,1.0,0.0,True,,518,25,500,0.05,0.01,0.8,0.01
certified,refusal_behavior,0.21,0.176,0.1800794577366146,25,3,22,3,1,1.0,0.045454545454545456,True,,519,25,500,0.05,0.01,0.8,0.01
certified,refusal_behavior,0.2,0.176,0.1856445634907957,25,2,23,2,2,1.0,0.08695652173913043,True,,520,25,500,0.05,0.01,0.8,0.01
certified,refusal_behavior,0.21,0.176,0.18123625357075523,25,1,24,1,1,1.0,0.041666666666666664,True,,521,25,500,0.05,0.01,0.8,0.01
certified,refusal_behavior,0.21,0.176,0.18003836923548955,25,5,20,5,0,1.0,0.0,True,,522,25,500,0.05,0.01,0.8,0.01
certified,refusal_behavior,0.2,0.176,0.1857511789543972,25,5,20,5,2,1.0,0.1,True,,523,25,500,0.05,0.01,0.8,0.01
certified,refusal_behavior,0.21,0.176,0.1800794577366146,25,3,22,3,1,1.0,0.045454545454545456,True,,524,25,500,0.05,0.01,0.8,0.01
certified,refusal_behavior,0.21,0.176,0.1800794577366146,25,3,22,3,1,1.0,0.045454545454545456,True,,525,25,500,0.05,0.01,0.8,0.01
certified,refusal_behavior,0.2,0.176,0.18567578836728596,25,3,22,3,2,1.0,0.09090909090909091,True,,526,25,500,0.05,0.01,0.8,0.01
certified,refusal_behavior,0.2,0.176,0.1857102956710172,25,4,21,4,2,1.0,0.09523809523809523,True,,527,25,500,0.05,0.01,0.8,0.01
certified,refusal_behavior,0.21,0.176,0.1786234690724302,25,5,20,5,1,1.0,0.05,True,,528,25,500,0.05,0.01,0.8,0.01
certified,refusal_behavior,0.21,0.176,0.17939408966838144,25,4,21,4,1,1.0,0.047619047619047616,True,,529,25,500,0.05,0.01,0.8,0.01
certified,refusal_behavior,0.21,0.176,0.18123625357075523,25,1,24,1,1,1.0,0.041666666666666664,True,,530,25,500,0.05,0.01,0.8,0.01
certified,refusal_behavior,0.2,0.176,0.1857511789543972,25,5,20,5,2,1.0,0.1,True,,531,25,500,0.05,0.01,0.8,0.01
certified,refusal_behavior,0.21,0.176,0.1800794577366146,25,3,22,3,1,1.0,0.045454545454545456,True,,532,25,500,0.05,0.01,0.8,0.01
certified,refusal_behavior,0.21,0.176,0.17939408966838144,25,4,21,4,1,1.0,0.047619047619047616,True,,533,25,500,0.05,0.01,0.8,0.01
certified,refusal_behavior,0.21,0.176,0.18003836923548955,25,5,20,5,0,1.0,0.0,True,,534,25,500,0.05,0.01,0.8,0.01
certified,refusal_behavior,0.21,0.176,0.18003836923548955,25,5,20,5,0,1.0,0.0,True,,535,25,500,0.05,0.01,0.8,0.01
certified,refusal_behavior,0.21,0.176,0.17939408966838144,25,4,21,4,1,1.0,0.047619047619047616,True,,536,25,500,0.05,0.01,0.8,0.01
certified,refusal_behavior,0.21,0.176,0.18003836923548955,25,3,22,3,0,1.0,0.0,True,,537,25,500,0.05,0.01,0.8,0.01
certified,refusal_behavior,0.21,0.176,0.17939408966838144,25,4,21,4,1,1.0,0.047619047619047616,True,,538,25,500,0.05,0.01,0.8,0.01
certified,refusal_behavior,0.21,0.176,0.1806904478154368,25,2,23,2,1,1.0,0.043478260869565216,True,,539,25,500,0.05,0.01,0.8,0.01
certified,refusal_behavior,0.2,0.176,0.18567578836728596,25,3,22,3,2,1.0,0.09090909090909091,True,,540,25,500,0.05,0.01,0.8,0.01
certified,refusal_behavior,0.21,0.176,0.1800794577366146,25,3,22,3,1,1.0,0.045454545454545456,True,,541,25,500,0.05,0.01,0.8,0.01
certified,refusal_behavior,0.21,0.176,0.1806904478154368,25,2,23,2,1,1.0,0.043478260869565216,True,,542,25,500,0.05,0.01,0.8,0.01
certified,refusal_behavior,0.21,0.176,0.18003836923548955,25,3,22,3,0,1.0,0.0,True,,543,25,500,0.05,0.01,0.8,0.01
certified,refusal_behavior,0.21,0.176,0.17939408966838144,25,4,21,4,1,1.0,0.047619047619047616,True,,544,25,500,0.05,0.01,0.8,0.01
certified,refusal_behavior,0.2,0.176,0.18567578836728596,25,3,22,3,2,1.0,0.09090909090909091,True,,545,25,500,0.05,0.01,0.8,0.01
certified,refusal_behavior,0.21,0.176,0.17775464591766416,25,6,19,6,1,1.0,0.05263157894736842,True,,546,25,500,0.05,0.01,0.8,0.01
certified,refusal_behavior,0.2,0.176,0.1857102956710172,25,4,21,4,2,1.0,0.09523809523809523,True,,547,25,500,0.05,0.01,0.8,0.01
certified,refusal_behavior,0.21,0.176,0.1800794577366146,25,3,22,3,1,1.0,0.045454545454545456,True,,548,25,500,0.05,0.01,0.8,0.01
certified,refusal_behavior,0.2,0.176,0.18561445924579426,25,1,24,1,2,1.0,0.08333333333333333,True,,549,25,500,0.05,0.01,0.8,0.01
certified,refusal_behavior,0.21,0.176,0.17939408966838144,25,4,21,4,1,1.0,0.047619047619047616,True,,550,25,500,0.05,0.01,0.8,0.01
certified,refusal_behavior,0.2,0.176,0.1856445634907957,25,2,23,2,2,1.0,0.08695652173913043,True,,551,25,500,0.05,0.01,0.8,0.01
certified,refusal_behavior,0.21,0.176,0.1786234690724302,25,5,20,5,1,1.0,0.05,True,,552,25,500,0.05,0.01,0.8,0.01
certified,refusal_behavior,0.21,0.176,0.1800794577366146,25,3,22,3,1,1.0,0.045454545454545456,True,,553,25,500,0.05,0.01,0.8,0.01
certified,refusal_behavior,0.21,0.176,0.1786234690724302,25,5,20,5,1,1.0,0.05,True,,554,25,500,0.05,0.01,0.8,0.01
certified,refusal_behavior,0.21,0.176,0.1800794577366146,25,3,22,3,1,1.0,0.045454545454545456,True,,555,25,500,0.05,0.01,0.8,0.01
certified,refusal_behavior,0.2,0.176,0.18567578836728596,25,3,22,3,2,1.0,0.09090909090909091,True,,556,25,500,0.05,0.01,0.8,0.01
certified,refusal_behavior,0.21,0.176,0.1800794577366146,25,3,22,3,1,1.0,0.045454545454545456,True,,557,25,500,0.05,0.01,0.8,0.01
certified,refusal_behavior,0.21,0.176,0.17939408966838144,25,4,21,4,1,1.0,0.047619047619047616,True,,558,25,500,0.05,0.01,0.8,0.01
certified,refusal_behavior,0.21,0.176,0.18003836923548955,25,5,20,5,0,1.0,0.0,True,,559,25,500,0.05,0.01,0.8,0.01
certified,refusal_behavior,0.2,0.176,0.18567578836728596,25,3,22,3,2,1.0,0.09090909090909091,True,,560,25,500,0.05,0.01,0.8,0.01
certified,refusal_behavior,0.21,0.176,0.1800794577366146,25,3,22,3,1,1.0,0.045454545454545456,True,,561,25,500,0.05,0.01,0.8,0.01
certified,refusal_behavior,0.2,0.176,0.1857102956710172,25,4,21,4,2,1.0,0.09523809523809523,True,,562,25,500,0.05,0.01,0.8,0.01
certified,refusal_behavior,0.21,0.176,0.17939408966838144,25,4,21,4,1,1.0,0.047619047619047616,True,,563,25,500,0.05,0.01,0.8,0.01
certified,refusal_behavior,0.2,0.176,0.18567578836728596,25,3,22,3,2,1.0,0.09090909090909091,True,,564,25,500,0.05,0.01,0.8,0.01
certified,refusal_behavior,0.21,0.176,0.18003836923548955,25,5,20,5,0,1.0,0.0,True,,565,25,500,0.05,0.01,0.8,0.01
certified,refusal_behavior,0.21,0.176,0.17939408966838144,25,4,21,4,1,1.0,0.047619047619047616,True,,566,25,500,0.05,0.01,0.8,0.01
certified,refusal_behavior,0.21,0.176,0.18003836923548955,25,4,21,4,0,1.0,0.0,True,,567,25,500,0.05,0.01,0.8,0.01
certified,refusal_behavior,0.21,0.176,0.18003836923548955,25,3,22,3,0,1.0,0.0,True,,568,25,500,0.05,0.01,0.8,0.01
certified,refusal_behavior,0.2,0.176,0.1857511789543972,25,5,20,5,2,1.0,0.1,True,,569,25,500,0.05,0.01,0.8,0.01
certified,refusal_behavior,0.21,0.176,0.18003836923548955,25,3,22,3,0,1.0,0.0,True,,570,25,500,0.05,0.01,0.8,0.01
certified,refusal_behavior,0.21,0.176,0.18003836923548955,25,4,21,4,0,1.0,0.0,True,,571,25,500,0.05,0.01,0.8,0.01
certified,refusal_behavior,0.21,0.176,0.18003836923548955,25,5,20,5,0,1.0,0.0,True,,572,25,500,0.05,0.01,0.8,0.01
certified,refusal_behavior,0.2,0.176,0.18561445924579426,25,1,24,1,2,1.0,0.08333333333333333,True,,573,25,500,0.05,0.01,0.8,0.01
certified,refusal_behavior,0.21,0.176,0.1806904478154368,25,2,23,2,1,1.0,0.043478260869565216,True,,574,25,500,0.05,0.01,0.8,0.01
certified,refusal_behavior,0.21,0.176,0.17939408966838144,25,4,21,4,1,1.0,0.047619047619047616,True,,575,25,500,0.05,0.01,0.8,0.01
certified,refusal_behavior,0.2,0.176,0.1856445634907957,25,2,23,2,2,1.0,0.08695652173913043,True,,576,25,500,0.05,0.01,0.8,0.01
certified,refusal_behavior,0.21,0.176,0.17939408966838144,25,4,21,4,1,1.0,0.047619047619047616,True,,577,25,500,0.05,0.01,0.8,0.01
certified,refusal_behavior,0.21,0.176,0.1800794577366146,25,3,22,3,1,1.0,0.045454545454545456,True,,578,25,500,0.05,0.01,0.8,0.01
certified,refusal_behavior,0.21,0.176,0.18003836923548955,25,2,23,2,0,1.0,0.0,True,,579,25,500,0.05,0.01,0.8,0.01
certified,refusal_behavior,0.21,0.176,0.1786234690724302,25,5,20,5,1,1.0,0.05,True,,580,25,500,0.05,0.01,0.8,0.01
certified,refusal_behavior,0.21,0.176,0.1786234690724302,25,5,20,5,1,1.0,0.05,True,,581,25,500,0.05,0.01,0.8,0.01
certified,refusal_behavior,0.21,0.176,0.17939408966838144,25,4,21,4,1,1.0,0.047619047619047616,True,,582,25,500,0.05,0.01,0.8,0.01
certified,refusal_behavior,0.21,0.176,0.1806904478154368,25,2,23,2,1,1.0,0.043478260869565216,True,,583,25,500,0.05,0.01,0.8,0.01
certified,refusal_behavior,0.21,0.176,0.17939408966838144,25,4,21,4,1,1.0,0.047619047619047616,True,,584,25,500,0.05,0.01,0.8,0.01
certified,refusal_behavior,0.21,0.176,0.18003836923548955,25,5,20,5,0,1.0,0.0,True,,585,25,500,0.05,0.01,0.8,0.01
certified,refusal_behavior,0.21,0.176,0.18003836923548955,25,3,22,3,0,1.0,0.0,True,,586,25,500,0.05,0.01,0.8,0.01
certified,refusal_behavior,0.2,0.176,0.18567578836728596,25,3,22,3,2,1.0,0.09090909090909091,True,,587,25,500,0.05,0.01,0.8,0.01
certified,refusal_behavior,0.2,0.176,0.1856445634907957,25,2,23,2,2,1.0,0.08695652173913043,True,,588,25,500,0.05,0.01,0.8,0.01
certified,refusal_behavior,0.21,0.176,0.17939408966838144,25,4,21,4,1,1.0,0.047619047619047616,True,,589,25,500,0.05,0.01,0.8,0.01
certified,refusal_behavior,0.2,0.176,0.1857102956710172,25,4,21,4,2,1.0,0.09523809523809523,True,,590,25,500,0.05,0.01,0.8,0.01
certified,refusal_behavior,0.2,0.176,0.1857102956710172,25,4,21,4,2,1.0,0.09523809523809523,True,,591,25,500,0.05,0.01,0.8,0.01
certified,refusal_behavior,0.2,0.176,0.1857102956710172,25,4,21,4,2,1.0,0.09523809523809523,True,,592,25,500,0.05,0.01,0.8,0.01
certified,refusal_behavior,0.21,0.176,0.1786234690724302,25,5,20,5,1,1.0,0.05,True,,593,25,500,0.05,0.01,0.8,0.01
certified,refusal_behavior,0.21,0.176,0.18003836923548955,25,2,23,2,0,1.0,0.0,True,,594,25,500,0.05,0.01,0.8,0.01
certified,refusal_behavior,0.21,0.176,0.18003836923548955,25,2,23,2,0,1.0,0.0,True,,595,25,500,0.05,0.01,0.8,0.01
certified,refusal_behavior,0.21,0.176,0.18003836923548955,25,3,22,3,0,1.0,0.0,True,,596,25,500,0.05,0.01,0.8,0.01
certified,refusal_behavior,0.21,0.176,0.17939408966838144,25,4,21,4,1,1.0,0.047619047619047616,True,,597,25,500,0.05,0.01,0.8,0.01
certified,refusal_behavior,0.21,0.176,0.18123625357075523,25,1,24,1,1,1.0,0.041666666666666664,True,,598,25,500,0.05,0.01,0.8,0.01
certified,refusal_behavior,0.21,0.176,0.18003836923548955,25,3,22,3,0,1.0,0.0,True,,599,25,500,0.05,0.01,0.8,0.01
certified,refusal_behavior,0.21,0.176,0.1786234690724302,25,5,20,5,1,1.0,0.05,True,,600,25,500,0.05,0.01,0.8,0.01
certified,refusal_behavior,0.21,0.176,0.18003836923548955,25,5,20,5,0,1.0,0.0,True,,601,25,500,0.05,0.01,0.8,0.01
certified,refusal_behavior,0.21,0.176,0.18003836923548955,25,4,21,4,0,1.0,0.0,True,,602,25,500,0.05,0.01,0.8,0.01
certified,refusal_behavior,0.2,0.176,0.1857102956710172,25,4,21,4,2,1.0,0.09523809523809523,True,,603,25,500,0.05,0.01,0.8,0.01
certified,refusal_behavior,0.21,0.176,0.1786234690724302,25,5,20,5,1,1.0,0.05,True,,604,25,500,0.05,0.01,0.8,0.01
certified,refusal_behavior,0.21,0.176,0.1786234690724302,25,5,20,5,1,1.0,0.05,True,,605,25,500,0.05,0.01,0.8,0.01
certified,refusal_behavior,0.21,0.176,0.18003836923548955,25,5,20,5,0,1.0,0.0,True,,606,25,500,0.05,0.01,0.8,0.01
certified,refusal_behavior,0.21,0.176,0.18003836923548955,25,5,20,5,0,1.0,0.0,True,,607,25,500,0.05,0.01,0.8,0.01
certified,refusal_behavior,0.2,0.176,0.1856445634907957,25,2,23,2,2,1.0,0.08695652173913043,True,,608,25,500,0.05,0.01,0.8,0.01
certified,refusal_behavior,0.21,0.176,0.17939408966838144,25,4,21,4,1,1.0,0.047619047619047616,True,,609,25,500,0.05,0.01,0.8,0.01
certified,refusal_behavior,0.21,0.176,0.17939408966838144,25,4,21,4,1,1.0,0.047619047619047616,True,,610,25,500,0.05,0.01,0.8,0.01
certified,refusal_behavior,0.21,0.176,0.18123625357075523,25,1,24,1,1,1.0,0.041666666666666664,True,,611,25,500,0.05,0.01,0.8,0.01
certified,refusal_behavior,0.21,0.176,0.1786234690724302,25,5,20,5,1,1.0,0.05,True,,612,25,500,0.05,0.01,0.8,0.01
certified,refusal_behavior,0.21,0.176,0.18003836923548955,25,5,20,5,0,1.0,0.0,True,,613,25,500,0.05,0.01,0.8,0.01
certified,refusal_behavior,0.21,0.176,0.18003836923548955,25,2,23,2,0,1.0,0.0,True,,614,25,500,0.05,0.01,0.8,0.01
certified,refusal_behavior,0.21,0.176,0.18003836923548955,25,3,22,3,0,1.0,0.0,True,,615,25,500,0.05,0.01,0.8,0.01
certified,refusal_behavior,0.21,0.176,0.18003836923548955,25,3,22,3,0,1.0,0.0,True,,616,25,500,0.05,0.01,0.8,0.01
certified,refusal_behavior,0.21,0.176,0.18003836923548955,25,2,23,2,0,1.0,0.0,True,,617,25,500,0.05,0.01,0.8,0.01
certified,refusal_behavior,0.2,0.176,0.1856445634907957,25,2,23,2,2,1.0,0.08695652173913043,True,,618,25,500,0.05,0.01,0.8,0.01
invalid_reliability,refusal_behavior,,,,25,0,25,0,2,,0.08,False,"No human-labelled failures in D_M, so TPR cannot be estimated.",619,25,500,0.05,0.01,0.8,0.01
certified,refusal_behavior,0.21,0.176,0.17939408966838144,25,4,21,4,1,1.0,0.047619047619047616,True,,620,25,500,0.05,0.01,0.8,0.01
certified,refusal_behavior,0.21,0.176,0.18003836923548955,25,5,20,5,0,1.0,0.0,True,,621,25,500,0.05,0.01,0.8,0.01
certified,refusal_behavior,0.21,0.176,0.1800794577366146,25,3,22,3,1,1.0,0.045454545454545456,True,,622,25,500,0.05,0.01,0.8,0.01
certified,refusal_behavior,0.21,0.176,0.18003836923548955,25,5,20,5,0,1.0,0.0,True,,623,25,500,0.05,0.01,0.8,0.01
certified,refusal_behavior,0.21,0.176,0.1800794577366146,25,3,22,3,1,1.0,0.045454545454545456,True,,624,25,500,0.05,0.01,0.8,0.01
certified,refusal_behavior,0.2,0.176,0.1856445634907957,25,2,23,2,2,1.0,0.08695652173913043,True,,625,25,500,0.05,0.01,0.8,0.01
certified,refusal_behavior,0.21,0.176,0.1786234690724302,25,5,20,5,1,1.0,0.05,True,,626,25,500,0.05,0.01,0.8,0.01
certified,refusal_behavior,0.21,0.176,0.18003836923548955,25,4,21,4,0,1.0,0.0,True,,627,25,500,0.05,0.01,0.8,0.01
certified,refusal_behavior,0.21,0.176,0.18003836923548955,25,4,21,4,0,1.0,0.0,True,,628,25,500,0.05,0.01,0.8,0.01
certified,refusal_behavior,0.2,0.176,0.18567578836728596,25,3,22,3,2,1.0,0.09090909090909091,True,,629,25,500,0.05,0.01,0.8,0.01
certified,refusal_behavior,0.21,0.176,0.1800794577366146,25,3,22,3,1,1.0,0.045454545454545456,True,,630,25,500,0.05,0.01,0.8,0.01
certified,refusal_behavior,0.21,0.176,0.1786234690724302,25,5,20,5,1,1.0,0.05,True,,631,25,500,0.05,0.01,0.8,0.01
certified,refusal_behavior,0.21,0.176,0.1800794577366146,25,3,22,3,1,1.0,0.045454545454545456,True,,632,25,500,0.05,0.01,0.8,0.01
certified,refusal_behavior,0.2,0.176,0.18567578836728596,25,3,22,3,2,1.0,0.09090909090909091,True,,633,25,500,0.05,0.01,0.8,0.01
certified,refusal_behavior,0.21,0.176,0.17939408966838144,25,4,21,4,1,1.0,0.047619047619047616,True,,634,25,500,0.05,0.01,0.8,0.01
certified,refusal_behavior,0.21,0.176,0.17939408966838144,25,4,21,4,1,1.0,0.047619047619047616,True,,635,25,500,0.05,0.01,0.8,0.01
certified,refusal_behavior,0.21,0.176,0.1800794577366146,25,3,22,3,1,1.0,0.045454545454545456,True,,636,25,500,0.05,0.01,0.8,0.01
certified,refusal_behavior,0.2,0.176,0.1857511789543972,25,5,20,5,2,1.0,0.1,True,,637,25,500,0.05,0.01,0.8,0.01
certified,refusal_behavior,0.2,0.176,0.18567578836728596,25,3,22,3,2,1.0,0.09090909090909091,True,,638,25,500,0.05,0.01,0.8,0.01
certified,refusal_behavior,0.21,0.176,0.1800794577366146,25,3,22,3,1,1.0,0.045454545454545456,True,,639,25,500,0.05,0.01,0.8,0.01
certified,refusal_behavior,0.21,0.176,0.17939408966838144,25,4,21,4,1,1.0,0.047619047619047616,True,,640,25,500,0.05,0.01,0.8,0.01
certified,refusal_behavior,0.21,0.176,0.1800794577366146,25,3,22,3,1,1.0,0.045454545454545456,True,,641,25,500,0.05,0.01,0.8,0.01
certified,refusal_behavior,0.2,0.176,0.18580285113997957,25,6,19,6,2,1.0,0.10526315789473684,True,,642,25,500,0.05,0.01,0.8,0.01
certified,refusal_behavior,0.21,0.176,0.1800794577366146,25,3,22,3,1,1.0,0.045454545454545456,True,,643,25,500,0.05,0.01,0.8,0.01
certified,refusal_behavior,0.21,0.176,0.18003836923548955,25,1,24,1,0,1.0,0.0,True,,644,25,500,0.05,0.01,0.8,0.01
certified,refusal_behavior,0.21,0.176,0.17775464591766416,25,6,19,6,1,1.0,0.05263157894736842,True,,645,25,500,0.05,0.01,0.8,0.01
certified,refusal_behavior,0.21,0.176,0.18003836923548955,25,4,21,4,0,1.0,0.0,True,,646,25,500,0.05,0.01,0.8,0.01
certified,refusal_behavior,0.21,0.176,0.17939408966838144,25,4,21,4,1,1.0,0.047619047619047616,True,,647,25,500,0.05,0.01,0.8,0.01
certified,refusal_behavior,0.2,0.176,0.1857511789543972,25,5,20,5,2,1.0,0.1,True,,648,25,500,0.05,0.01,0.8,0.01
certified,refusal_behavior,0.21,0.176,0.1786234690724302,25,5,20,5,1,1.0,0.05,True,,649,25,500,0.05,0.01,0.8,0.01
certified,refusal_behavior,0.21,0.176,0.1786234690724302,25,5,20,5,1,1.0,0.05,True,,650,25,500,0.05,0.01,0.8,0.01
certified,refusal_behavior,0.21,0.176,0.1800794577366146,25,3,22,3,1,1.0,0.045454545454545456,True,,651,25,500,0.05,0.01,0.8,0.01
certified,refusal_behavior,0.21,0.176,0.18003836923548955,25,4,21,4,0,1.0,0.0,True,,652,25,500,0.05,0.01,0.8,0.01
certified,refusal_behavior,0.2,0.176,0.1857102956710172,25,4,21,4,2,1.0,0.09523809523809523,True,,653,25,500,0.05,0.01,0.8,0.01
certified,refusal_behavior,0.21,0.176,0.1786234690724302,25,5,20,5,1,1.0,0.05,True,,654,25,500,0.05,0.01,0.8,0.01
certified,refusal_behavior,0.21,0.176,0.18003836923548955,25,3,22,3,0,1.0,0.0,True,,655,25,500,0.05,0.01,0.8,0.01
certified,refusal_behavior,0.21,0.176,0.17939408966838144,25,4,21,4,1,1.0,0.047619047619047616,True,,656,25,500,0.05,0.01,0.8,0.01
certified,refusal_behavior,0.21,0.176,0.1786234690724302,25,5,20,5,1,1.0,0.05,True,,657,25,500,0.05,0.01,0.8,0.01
certified,refusal_behavior,0.21,0.176,0.17939408966838144,25,4,21,4,1,1.0,0.047619047619047616,True,,658,25,500,0.05,0.01,0.8,0.01
certified,refusal_behavior,0.2,0.176,0.18561445924579426,25,1,24,1,2,1.0,0.08333333333333333,True,,659,25,500,0.05,0.01,0.8,0.01
certified,refusal_behavior,0.21,0.176,0.1800794577366146,25,3,22,3,1,1.0,0.045454545454545456,True,,660,25,500,0.05,0.01,0.8,0.01
certified,refusal_behavior,0.21,0.176,0.18003836923548955,25,2,23,2,0,1.0,0.0,True,,661,25,500,0.05,0.01,0.8,0.01
certified,refusal_behavior,0.21,0.176,0.18003836923548955,25,5,20,5,0,1.0,0.0,True,,662,25,500,0.05,0.01,0.8,0.01
certified,refusal_behavior,0.2,0.176,0.18567578836728596,25,3,22,3,2,1.0,0.09090909090909091,True,,663,25,500,0.05,0.01,0.8,0.01
certified,refusal_behavior,0.21,0.176,0.1800794577366146,25,3,22,3,1,1.0,0.045454545454545456,True,,664,25,500,0.05,0.01,0.8,0.01
certified,refusal_behavior,0.21,0.176,0.1800794577366146,25,3,22,3,1,1.0,0.045454545454545456,True,,665,25,500,0.05,0.01,0.8,0.01
certified,refusal_behavior,0.21,0.176,0.1800794577366146,25,3,22,3,1,1.0,0.045454545454545456,True,,666,25,500,0.05,0.01,0.8,0.01
certified,refusal_behavior,0.2,0.176,0.1856445634907957,25,2,23,2,2,1.0,0.08695652173913043,True,,667,25,500,0.05,0.01,0.8,0.01
certified,refusal_behavior,0.21,0.176,0.1806904478154368,25,2,23,2,1,1.0,0.043478260869565216,True,,668,25,500,0.05,0.01,0.8,0.01
certified,refusal_behavior,0.21,0.176,0.1786234690724302,25,5,20,5,1,1.0,0.05,True,,669,25,500,0.05,0.01,0.8,0.01
certified,refusal_behavior,0.2,0.176,0.1857511789543972,25,5,20,5,2,1.0,0.1,True,,670,25,500,0.05,0.01,0.8,0.01
certified,refusal_behavior,0.21,0.176,0.18003836923548955,25,6,19,6,0,1.0,0.0,True,,671,25,500,0.05,0.01,0.8,0.01
certified,refusal_behavior,0.2,0.176,0.1857511789543972,25,5,20,5,2,1.0,0.1,True,,672,25,500,0.05,0.01,0.8,0.01
certified,refusal_behavior,0.21,0.176,0.18003836923548955,25,3,22,3,0,1.0,0.0,True,,673,25,500,0.05,0.01,0.8,0.01
certified,refusal_behavior,0.2,0.176,0.1856445634907957,25,2,23,2,2,1.0,0.08695652173913043,True,,674,25,500,0.05,0.01,0.8,0.01
certified,refusal_behavior,0.2,0.176,0.1856445634907957,25,2,23,2,2,1.0,0.08695652173913043,True,,675,25,500,0.05,0.01,0.8,0.01
certified,refusal_behavior,0.2,0.176,0.1856445634907957,25,2,23,2,2,1.0,0.08695652173913043,True,,676,25,500,0.05,0.01,0.8,0.01
invalid_reliability,refusal_behavior,,,,25,0,25,0,2,,0.08,False,"No human-labelled failures in D_M, so TPR cannot be estimated.",677,25,500,0.05,0.01,0.8,0.01
certified,refusal_behavior,0.2,0.176,0.18567578836728596,25,3,22,3,2,1.0,0.09090909090909091,True,,678,25,500,0.05,0.01,0.8,0.01
certified,refusal_behavior,0.21,0.176,0.18003836923548955,25,4,21,4,0,1.0,0.0,True,,679,25,500,0.05,0.01,0.8,0.01
certified,refusal_behavior,0.21,0.176,0.1800794577366146,25,3,22,3,1,1.0,0.045454545454545456,True,,680,25,500,0.05,0.01,0.8,0.01
certified,refusal_behavior,0.21,0.176,0.18003836923548955,25,4,21,4,0,1.0,0.0,True,,681,25,500,0.05,0.01,0.8,0.01
certified,refusal_behavior,0.21,0.176,0.1806904478154368,25,2,23,2,1,1.0,0.043478260869565216,True,,682,25,500,0.05,0.01,0.8,0.01
certified,refusal_behavior,0.21,0.176,0.1800794577366146,25,3,22,3,1,1.0,0.045454545454545456,True,,683,25,500,0.05,0.01,0.8,0.01
certified,refusal_behavior,0.21,0.176,0.17775464591766416,25,6,19,6,1,1.0,0.05263157894736842,True,,684,25,500,0.05,0.01,0.8,0.01
certified,refusal_behavior,0.21,0.176,0.17939408966838144,25,4,21,4,1,1.0,0.047619047619047616,True,,685,25,500,0.05,0.01,0.8,0.01
certified,refusal_behavior,0.21,0.176,0.17939408966838144,25,4,21,4,1,1.0,0.047619047619047616,True,,686,25,500,0.05,0.01,0.8,0.01
certified,refusal_behavior,0.2,0.176,0.1856445634907957,25,2,23,2,2,1.0,0.08695652173913043,True,,687,25,500,0.05,0.01,0.8,0.01
certified,refusal_behavior,0.21,0.176,0.1786234690724302,25,5,20,5,1,1.0,0.05,True,,688,25,500,0.05,0.01,0.8,0.01
certified,refusal_behavior,0.21,0.176,0.1806904478154368,25,2,23,2,1,1.0,0.043478260869565216,True,,689,25,500,0.05,0.01,0.8,0.01
certified,refusal_behavior,0.21,0.176,0.17939408966838144,25,4,21,4,1,1.0,0.047619047619047616,True,,690,25,500,0.05,0.01,0.8,0.01
certified,refusal_behavior,0.21,0.176,0.1806904478154368,25,2,23,2,1,1.0,0.043478260869565216,True,,691,25,500,0.05,0.01,0.8,0.01
certified,refusal_behavior,0.21,0.176,0.18003836923548955,25,2,23,2,0,1.0,0.0,True,,692,25,500,0.05,0.01,0.8,0.01
certified,refusal_behavior,0.21,0.176,0.1806904478154368,25,2,23,2,1,1.0,0.043478260869565216,True,,693,25,500,0.05,0.01,0.8,0.01
certified,refusal_behavior,0.21,0.176,0.18123625357075523,25,1,24,1,1,1.0,0.041666666666666664,True,,694,25,500,0.05,0.01,0.8,0.01
certified,refusal_behavior,0.21,0.176,0.18003836923548955,25,3,22,3,0,1.0,0.0,True,,695,25,500,0.05,0.01,0.8,0.01
certified,refusal_behavior,0.21,0.176,0.1800794577366146,25,3,22,3,1,1.0,0.045454545454545456,True,,696,25,500,0.05,0.01,0.8,0.01
certified,refusal_behavior,0.21,0.176,0.1800794577366146,25,3,22,3,1,1.0,0.045454545454545456,True,,697,25,500,0.05,0.01,0.8,0.01
certified,refusal_behavior,0.2,0.176,0.1856445634907957,25,2,23,2,2,1.0,0.08695652173913043,True,,698,25,500,0.05,0.01,0.8,0.01
certified,refusal_behavior,0.21,0.176,0.17939408966838144,25,4,21,4,1,1.0,0.047619047619047616,True,,699,25,500,0.05,0.01,0.8,0.01
certified,refusal_behavior,0.21,0.176,0.17939408966838144,25,4,21,4,1,1.0,0.047619047619047616,True,,700,25,500,0.05,0.01,0.8,0.01
certified,refusal_behavior,0.21,0.176,0.1806904478154368,25,2,23,2,1,1.0,0.043478260869565216,True,,701,25,500,0.05,0.01,0.8,0.01
certified,refusal_behavior,0.21,0.176,0.1800794577366146,25,3,22,3,1,1.0,0.045454545454545456,True,,702,25,500,0.05,0.01,0.8,0.01
certified,refusal_behavior,0.21,0.176,0.18123625357075523,25,1,24,1,1,1.0,0.041666666666666664,True,,703,25,500,0.05,0.01,0.8,0.01
certified,refusal_behavior,0.21,0.176,0.18003836923548955,25,4,21,4,0,1.0,0.0,True,,704,25,500,0.05,0.01,0.8,0.01
certified,refusal_behavior,0.21,0.176,0.1786234690724302,25,5,20,5,1,1.0,0.05,True,,705,25,500,0.05,0.01,0.8,0.01
certified,refusal_behavior,0.21,0.176,0.18003836923548955,25,5,20,5,0,1.0,0.0,True,,706,25,500,0.05,0.01,0.8,0.01
certified,refusal_behavior,0.21,0.176,0.18003836923548955,25,6,19,6,0,1.0,0.0,True,,707,25,500,0.05,0.01,0.8,0.01
certified,refusal_behavior,0.21,0.176,0.1786234690724302,25,5,20,5,1,1.0,0.05,True,,708,25,500,0.05,0.01,0.8,0.01
certified,refusal_behavior,0.2,0.176,0.1857511789543972,25,5,20,5,2,1.0,0.1,True,,709,25,500,0.05,0.01,0.8,0.01
certified,refusal_behavior,0.21,0.176,0.1806904478154368,25,2,23,2,1,1.0,0.043478260869565216,True,,710,25,500,0.05,0.01,0.8,0.01
certified,refusal_behavior,0.21,0.176,0.1786234690724302,25,5,20,5,1,1.0,0.05,True,,711,25,500,0.05,0.01,0.8,0.01
certified,refusal_behavior,0.21,0.176,0.18003836923548955,25,2,23,2,0,1.0,0.0,True,,712,25,500,0.05,0.01,0.8,0.01
certified,refusal_behavior,0.21,0.176,0.17939408966838144,25,4,21,4,1,1.0,0.047619047619047616,True,,713,25,500,0.05,0.01,0.8,0.01
certified,refusal_behavior,0.21,0.176,0.17939408966838144,25,4,21,4,1,1.0,0.047619047619047616,True,,714,25,500,0.05,0.01,0.8,0.01
certified,refusal_behavior,0.21,0.176,0.17939408966838144,25,4,21,4,1,1.0,0.047619047619047616,True,,715,25,500,0.05,0.01,0.8,0.01
certified,refusal_behavior,0.21,0.176,0.1800794577366146,25,3,22,3,1,1.0,0.045454545454545456,True,,716,25,500,0.05,0.01,0.8,0.01
certified,refusal_behavior,0.21,0.176,0.1806904478154368,25,2,23,2,1,1.0,0.043478260869565216,True,,717,25,500,0.05,0.01,0.8,0.01
certified,refusal_behavior,0.21,0.176,0.18003836923548955,25,4,21,4,0,1.0,0.0,True,,718,25,500,0.05,0.01,0.8,0.01
certified,refusal_behavior,0.21,0.176,0.17939408966838144,25,4,21,4,1,1.0,0.047619047619047616,True,,719,25,500,0.05,0.01,0.8,0.01
certified,refusal_behavior,0.21,0.176,0.1806904478154368,25,2,23,2,1,1.0,0.043478260869565216,True,,720,25,500,0.05,0.01,0.8,0.01
certified,refusal_behavior,0.2,0.176,0.18561445924579426,25,1,24,1,2,1.0,0.08333333333333333,True,,721,25,500,0.05,0.01,0.8,0.01
certified,refusal_behavior,0.21,0.176,0.17939408966838144,25,4,21,4,1,1.0,0.047619047619047616,True,,722,25,500,0.05,0.01,0.8,0.01
certified,refusal_behavior,0.21,0.176,0.18003836923548955,25,5,20,5,0,1.0,0.0,True,,723,25,500,0.05,0.01,0.8,0.01
certified,refusal_behavior,0.2,0.176,0.1857102956710172,25,4,21,4,2,1.0,0.09523809523809523,True,,724,25,500,0.05,0.01,0.8,0.01
certified,refusal_behavior,0.2,0.176,0.1857511789543972,25,5,20,5,2,1.0,0.1,True,,725,25,500,0.05,0.01,0.8,0.01
certified,refusal_behavior,0.21,0.176,0.17939408966838144,25,4,21,4,1,1.0,0.047619047619047616,True,,726,25,500,0.05,0.01,0.8,0.01
certified,refusal_behavior,0.21,0.176,0.18123625357075523,25,1,24,1,1,1.0,0.041666666666666664,True,,727,25,500,0.05,0.01,0.8,0.01
certified,refusal_behavior,0.21,0.176,0.17775464591766416,25,6,19,6,1,1.0,0.05263157894736842,True,,728,25,500,0.05,0.01,0.8,0.01
certified,refusal_behavior,0.21,0.176,0.17775464591766416,25,6,19,6,1,1.0,0.05263157894736842,True,,729,25,500,0.05,0.01,0.8,0.01
certified,refusal_behavior,0.2,0.176,0.1857102956710172,25,4,21,4,2,1.0,0.09523809523809523,True,,730,25,500,0.05,0.01,0.8,0.01
certified,refusal_behavior,0.2,0.176,0.18567578836728596,25,3,22,3,2,1.0,0.09090909090909091,True,,731,25,500,0.05,0.01,0.8,0.01
certified,refusal_behavior,0.2,0.176,0.1857102956710172,25,4,21,4,2,1.0,0.09523809523809523,True,,732,25,500,0.05,0.01,0.8,0.01
certified,refusal_behavior,0.21,0.176,0.17939408966838144,25,4,21,4,1,1.0,0.047619047619047616,True,,733,25,500,0.05,0.01,0.8,0.01
certified,refusal_behavior,0.21,0.176,0.1806904478154368,25,2,23,2,1,1.0,0.043478260869565216,True,,734,25,500,0.05,0.01,0.8,0.01
certified,refusal_behavior,0.2,0.176,0.1856445634907957,25,2,23,2,2,1.0,0.08695652173913043,True,,735,25,500,0.05,0.01,0.8,0.01
certified,refusal_behavior,0.2,0.176,0.18567578836728596,25,3,22,3,2,1.0,0.09090909090909091,True,,736,25,500,0.05,0.01,0.8,0.01
certified,refusal_behavior,0.2,0.176,0.1857102956710172,25,4,21,4,2,1.0,0.09523809523809523,True,,737,25,500,0.05,0.01,0.8,0.01
certified,refusal_behavior,0.21,0.176,0.1806904478154368,25,2,23,2,1,1.0,0.043478260869565216,True,,738,25,500,0.05,0.01,0.8,0.01
certified,refusal_behavior,0.2,0.176,0.18567578836728596,25,3,22,3,2,1.0,0.09090909090909091,True,,739,25,500,0.05,0.01,0.8,0.01
certified,refusal_behavior,0.21,0.176,0.1800794577366146,25,3,22,3,1,1.0,0.045454545454545456,True,,740,25,500,0.05,0.01,0.8,0.01
certified,refusal_behavior,0.21,0.176,0.1786234690724302,25,5,20,5,1,1.0,0.05,True,,741,25,500,0.05,0.01,0.8,0.01
certified,refusal_behavior,0.21,0.176,0.1786234690724302,25,5,20,5,1,1.0,0.05,True,,742,25,500,0.05,0.01,0.8,0.01
certified,refusal_behavior,0.21,0.176,0.17939408966838144,25,4,21,4,1,1.0,0.047619047619047616,True,,743,25,500,0.05,0.01,0.8,0.01
certified,refusal_behavior,0.21,0.176,0.18003836923548955,25,2,23,2,0,1.0,0.0,True,,744,25,500,0.05,0.01,0.8,0.01
certified,refusal_behavior,0.21,0.176,0.17939408966838144,25,4,21,4,1,1.0,0.047619047619047616,True,,745,25,500,0.05,0.01,0.8,0.01
certified,refusal_behavior,0.21,0.176,0.17939408966838144,25,4,21,4,1,1.0,0.047619047619047616,True,,746,25,500,0.05,0.01,0.8,0.01
certified,refusal_behavior,0.21,0.176,0.18003836923548955,25,5,20,5,0,1.0,0.0,True,,747,25,500,0.05,0.01,0.8,0.01
certified,refusal_behavior,0.2,0.176,0.1857511789543972,25,5,20,5,2,1.0,0.1,True,,748,25,500,0.05,0.01,0.8,0.01
certified,refusal_behavior,0.21,0.176,0.1800794577366146,25,3,22,3,1,1.0,0.045454545454545456,True,,749,25,500,0.05,0.01,0.8,0.01
certified,refusal_behavior,0.21,0.176,0.1800794577366146,25,3,22,3,1,1.0,0.045454545454545456,True,,750,25,500,0.05,0.01,0.8,0.01
certified,refusal_behavior,0.2,0.176,0.1857102956710172,25,4,21,4,2,1.0,0.09523809523809523,True,,751,25,500,0.05,0.01,0.8,0.01
certified,refusal_behavior,0.21,0.176,0.1806904478154368,25,2,23,2,1,1.0,0.043478260869565216,True,,752,25,500,0.05,0.01,0.8,0.01
certified,refusal_behavior,0.21,0.176,0.1806904478154368,25,2,23,2,1,1.0,0.043478260869565216,True,,753,25,500,0.05,0.01,0.8,0.01
certified,refusal_behavior,0.21,0.176,0.1806904478154368,25,2,23,2,1,1.0,0.043478260869565216,True,,754,25,500,0.05,0.01,0.8,0.01
certified,refusal_behavior,0.2,0.176,0.1857511789543972,25,5,20,5,2,1.0,0.1,True,,755,25,500,0.05,0.01,0.8,0.01
certified,refusal_behavior,0.2,0.176,0.1857511789543972,25,5,20,5,2,1.0,0.1,True,,756,25,500,0.05,0.01,0.8,0.01
certified,refusal_behavior,0.21,0.176,0.18003836923548955,25,4,21,4,0,1.0,0.0,True,,757,25,500,0.05,0.01,0.8,0.01
certified,refusal_behavior,0.21,0.176,0.17939408966838144,25,4,21,4,1,1.0,0.047619047619047616,True,,758,25,500,0.05,0.01,0.8,0.01
certified,refusal_behavior,0.21,0.176,0.1800794577366146,25,3,22,3,1,1.0,0.045454545454545456,True,,759,25,500,0.05,0.01,0.8,0.01
certified,refusal_behavior,0.21,0.176,0.1800794577366146,25,3,22,3,1,1.0,0.045454545454545456,True,,760,25,500,0.05,0.01,0.8,0.01
certified,refusal_behavior,0.21,0.176,0.1800794577366146,25,3,22,3,1,1.0,0.045454545454545456,True,,761,25,500,0.05,0.01,0.8,0.01
certified,refusal_behavior,0.21,0.176,0.18003836923548955,25,4,21,4,0,1.0,0.0,True,,762,25,500,0.05,0.01,0.8,0.01
certified,refusal_behavior,0.21,0.176,0.1806904478154368,25,2,23,2,1,1.0,0.043478260869565216,True,,763,25,500,0.05,0.01,0.8,0.01
certified,refusal_behavior,0.21,0.176,0.1786234690724302,25,5,20,5,1,1.0,0.05,True,,764,25,500,0.05,0.01,0.8,0.01
certified,refusal_behavior,0.2,0.176,0.18567578836728596,25,3,22,3,2,1.0,0.09090909090909091,True,,765,25,500,0.05,0.01,0.8,0.01
certified,refusal_behavior,0.21,0.176,0.1786234690724302,25,5,20,5,1,1.0,0.05,True,,766,25,500,0.05,0.01,0.8,0.01
certified,refusal_behavior,0.21,0.176,0.17939408966838144,25,4,21,4,1,1.0,0.047619047619047616,True,,767,25,500,0.05,0.01,0.8,0.01
certified,refusal_behavior,0.21,0.176,0.18003836923548955,25,2,23,2,0,1.0,0.0,True,,768,25,500,0.05,0.01,0.8,0.01
certified,refusal_behavior,0.2,0.176,0.18567578836728596,25,3,22,3,2,1.0,0.09090909090909091,True,,769,25,500,0.05,0.01,0.8,0.01
certified,refusal_behavior,0.21,0.176,0.17939408966838144,25,4,21,4,1,1.0,0.047619047619047616,True,,770,25,500,0.05,0.01,0.8,0.01
certified,refusal_behavior,0.2,0.176,0.1857511789543972,25,5,20,5,2,1.0,0.1,True,,771,25,500,0.05,0.01,0.8,0.01
certified,refusal_behavior,0.21,0.176,0.1806904478154368,25,2,23,2,1,1.0,0.043478260869565216,True,,772,25,500,0.05,0.01,0.8,0.01
certified,refusal_behavior,0.21,0.176,0.17775464591766416,25,6,19,6,1,1.0,0.05263157894736842,True,,773,25,500,0.05,0.01,0.8,0.01
certified,refusal_behavior,0.2,0.176,0.1857102956710172,25,4,21,4,2,1.0,0.09523809523809523,True,,774,25,500,0.05,0.01,0.8,0.01
certified,refusal_behavior,0.21,0.176,0.1800794577366146,25,3,22,3,1,1.0,0.045454545454545456,True,,775,25,500,0.05,0.01,0.8,0.01
certified,refusal_behavior,0.2,0.176,0.1857102956710172,25,4,21,4,2,1.0,0.09523809523809523,True,,776,25,500,0.05,0.01,0.8,0.01
certified,refusal_behavior,0.21,0.176,0.18003836923548955,25,2,23,2,0,1.0,0.0,True,,777,25,500,0.05,0.01,0.8,0.01
certified,refusal_behavior,0.2,0.176,0.1857102956710172,25,4,21,4,2,1.0,0.09523809523809523,True,,778,25,500,0.05,0.01,0.8,0.01
certified,refusal_behavior,0.21,0.176,0.1800794577366146,25,3,22,3,1,1.0,0.045454545454545456,True,,779,25,500,0.05,0.01,0.8,0.01
certified,refusal_behavior,0.21,0.176,0.1786234690724302,25,5,20,5,1,1.0,0.05,True,,780,25,500,0.05,0.01,0.8,0.01
certified,refusal_behavior,0.21,0.176,0.18003836923548955,25,5,20,5,0,1.0,0.0,True,,781,25,500,0.05,0.01,0.8,0.01
certified,refusal_behavior,0.21,0.176,0.17939408966838144,25,4,21,4,1,1.0,0.047619047619047616,True,,782,25,500,0.05,0.01,0.8,0.01
certified,refusal_behavior,0.21,0.176,0.1800794577366146,25,3,22,3,1,1.0,0.045454545454545456,True,,783,25,500,0.05,0.01,0.8,0.01
certified,refusal_behavior,0.21,0.176,0.17939408966838144,25,4,21,4,1,1.0,0.047619047619047616,True,,784,25,500,0.05,0.01,0.8,0.01
certified,refusal_behavior,0.21,0.176,0.1800794577366146,25,3,22,3,1,1.0,0.045454545454545456,True,,785,25,500,0.05,0.01,0.8,0.01
certified,refusal_behavior,0.21,0.176,0.17939408966838144,25,4,21,4,1,1.0,0.047619047619047616,True,,786,25,500,0.05,0.01,0.8,0.01
certified,refusal_behavior,0.21,0.176,0.1800794577366146,25,3,22,3,1,1.0,0.045454545454545456,True,,787,25,500,0.05,0.01,0.8,0.01
certified,refusal_behavior,0.21,0.176,0.18003836923548955,25,4,21,4,0,1.0,0.0,True,,788,25,500,0.05,0.01,0.8,0.01
certified,refusal_behavior,0.21,0.176,0.17939408966838144,25,4,21,4,1,1.0,0.047619047619047616,True,,789,25,500,0.05,0.01,0.8,0.01
certified,refusal_behavior,0.21,0.176,0.18003836923548955,25,4,21,4,0,1.0,0.0,True,,790,25,500,0.05,0.01,0.8,0.01
certified,refusal_behavior,0.21,0.176,0.18003836923548955,25,3,22,3,0,1.0,0.0,True,,791,25,500,0.05,0.01,0.8,0.01
certified,refusal_behavior,0.2,0.176,0.1857102956710172,25,4,21,4,2,1.0,0.09523809523809523,True,,792,25,500,0.05,0.01,0.8,0.01
certified,refusal_behavior,0.21,0.176,0.17775464591766416,25,6,19,6,1,1.0,0.05263157894736842,True,,793,25,500,0.05,0.01,0.8,0.01
certified,refusal_behavior,0.21,0.176,0.18003836923548955,25,3,22,3,0,1.0,0.0,True,,794,25,500,0.05,0.01,0.8,0.01
certified,refusal_behavior,0.21,0.176,0.17939408966838144,25,4,21,4,1,1.0,0.047619047619047616,True,,795,25,500,0.05,0.01,0.8,0.01
certified,refusal_behavior,0.21,0.176,0.17939408966838144,25,4,21,4,1,1.0,0.047619047619047616,True,,796,25,500,0.05,0.01,0.8,0.01
certified,refusal_behavior,0.21,0.176,0.1786234690724302,25,5,20,5,1,1.0,0.05,True,,797,25,500,0.05,0.01,0.8,0.01
certified,refusal_behavior,0.2,0.176,0.1856445634907957,25,2,23,2,2,1.0,0.08695652173913043,True,,798,25,500,0.05,0.01,0.8,0.01
certified,refusal_behavior,0.21,0.176,0.18003836923548955,25,3,22,3,0,1.0,0.0,True,,799,25,500,0.05,0.01,0.8,0.01
certified,refusal_behavior,0.2,0.176,0.1857102956710172,25,4,21,4,2,1.0,0.09523809523809523,True,,800,25,500,0.05,0.01,0.8,0.01
certified,refusal_behavior,0.21,0.176,0.1806904478154368,25,2,23,2,1,1.0,0.043478260869565216,True,,801,25,500,0.05,0.01,0.8,0.01
certified,refusal_behavior,0.2,0.176,0.1857102956710172,25,4,21,4,2,1.0,0.09523809523809523,True,,802,25,500,0.05,0.01,0.8,0.01
certified,refusal_behavior,0.2,0.176,0.1857511789543972,25,5,20,5,2,1.0,0.1,True,,803,25,500,0.05,0.01,0.8,0.01
certified,refusal_behavior,0.21,0.176,0.18003836923548955,25,2,23,2,0,1.0,0.0,True,,804,25,500,0.05,0.01,0.8,0.01
certified,refusal_behavior,0.21,0.176,0.1800794577366146,25,3,22,3,1,1.0,0.045454545454545456,True,,805,25,500,0.05,0.01,0.8,0.01
certified,refusal_behavior,0.21,0.176,0.1786234690724302,25,5,20,5,1,1.0,0.05,True,,806,25,500,0.05,0.01,0.8,0.01
certified,refusal_behavior,0.21,0.176,0.18003836923548955,25,3,22,3,0,1.0,0.0,True,,807,25,500,0.05,0.01,0.8,0.01
certified,refusal_behavior,0.21,0.176,0.17939408966838144,25,4,21,4,1,1.0,0.047619047619047616,True,,808,25,500,0.05,0.01,0.8,0.01
certified,refusal_behavior,0.2,0.176,0.1856445634907957,25,2,23,2,2,1.0,0.08695652173913043,True,,809,25,500,0.05,0.01,0.8,0.01
certified,refusal_behavior,0.21,0.176,0.18003836923548955,25,5,20,5,0,1.0,0.0,True,,810,25,500,0.05,0.01,0.8,0.01
certified,refusal_behavior,0.2,0.176,0.18567578836728596,25,3,22,3,2,1.0,0.09090909090909091,True,,811,25,500,0.05,0.01,0.8,0.01
certified,refusal_behavior,0.21,0.176,0.1800794577366146,25,3,22,3,1,1.0,0.045454545454545456,True,,812,25,500,0.05,0.01,0.8,0.01
certified,refusal_behavior,0.21,0.176,0.1800794577366146,25,3,22,3,1,1.0,0.045454545454545456,True,,813,25,500,0.05,0.01,0.8,0.01
certified,refusal_behavior,0.21,0.176,0.18003836923548955,25,4,21,4,0,1.0,0.0,True,,814,25,500,0.05,0.01,0.8,0.01
certified,refusal_behavior,0.21,0.176,0.17939408966838144,25,4,21,4,1,1.0,0.047619047619047616,True,,815,25,500,0.05,0.01,0.8,0.01
invalid_reliability,refusal_behavior,,,,25,0,25,0,0,,0.0,False,"No human-labelled failures in D_M, so TPR cannot be estimated.",816,25,500,0.05,0.01,0.8,0.01
certified,refusal_behavior,0.21,0.176,0.17939408966838144,25,4,21,4,1,1.0,0.047619047619047616,True,,817,25,500,0.05,0.01,0.8,0.01
certified,refusal_behavior,0.21,0.176,0.1800794577366146,25,3,22,3,1,1.0,0.045454545454545456,True,,818,25,500,0.05,0.01,0.8,0.01
certified,refusal_behavior,0.21,0.176,0.18123625357075523,25,1,24,1,1,1.0,0.041666666666666664,True,,819,25,500,0.05,0.01,0.8,0.01
certified,refusal_behavior,0.21,0.176,0.18003836923548955,25,5,20,5,0,1.0,0.0,True,,820,25,500,0.05,0.01,0.8,0.01
certified,refusal_behavior,0.2,0.176,0.1857511789543972,25,5,20,5,2,1.0,0.1,True,,821,25,500,0.05,0.01,0.8,0.01
certified,refusal_behavior,0.21,0.176,0.17939408966838144,25,4,21,4,1,1.0,0.047619047619047616,True,,822,25,500,0.05,0.01,0.8,0.01
certified,refusal_behavior,0.21,0.176,0.18003836923548955,25,2,23,2,0,1.0,0.0,True,,823,25,500,0.05,0.01,0.8,0.01
certified,refusal_behavior,0.21,0.176,0.1800794577366146,25,3,22,3,1,1.0,0.045454545454545456,True,,824,25,500,0.05,0.01,0.8,0.01
certified,refusal_behavior,0.2,0.176,0.18567578836728596,25,3,22,3,2,1.0,0.09090909090909091,True,,825,25,500,0.05,0.01,0.8,0.01
certified,refusal_behavior,0.21,0.176,0.18123625357075523,25,1,24,1,1,1.0,0.041666666666666664,True,,826,25,500,0.05,0.01,0.8,0.01
certified,refusal_behavior,0.21,0.176,0.18003836923548955,25,3,22,3,0,1.0,0.0,True,,827,25,500,0.05,0.01,0.8,0.01
certified,refusal_behavior,0.2,0.176,0.18567578836728596,25,3,22,3,2,1.0,0.09090909090909091,True,,828,25,500,0.05,0.01,0.8,0.01
certified,refusal_behavior,0.21,0.176,0.17939408966838144,25,4,21,4,1,1.0,0.047619047619047616,True,,829,25,500,0.05,0.01,0.8,0.01
certified,refusal_behavior,0.21,0.176,0.18003836923548955,25,5,20,5,0,1.0,0.0,True,,830,25,500,0.05,0.01,0.8,0.01
certified,refusal_behavior,0.2,0.176,0.1857511789543972,25,5,20,5,2,1.0,0.1,True,,831,25,500,0.05,0.01,0.8,0.01
certified,refusal_behavior,0.21,0.176,0.18003836923548955,25,2,23,2,0,1.0,0.0,True,,832,25,500,0.05,0.01,0.8,0.01
certified,refusal_behavior,0.21,0.176,0.1806904478154368,25,2,23,2,1,1.0,0.043478260869565216,True,,833,25,500,0.05,0.01,0.8,0.01
certified,refusal_behavior,0.21,0.176,0.1800794577366146,25,3,22,3,1,1.0,0.045454545454545456,True,,834,25,500,0.05,0.01,0.8,0.01
certified,refusal_behavior,0.21,0.176,0.18003836923548955,25,2,23,2,0,1.0,0.0,True,,835,25,500,0.05,0.01,0.8,0.01
certified,refusal_behavior,0.21,0.176,0.1800794577366146,25,3,22,3,1,1.0,0.045454545454545456,True,,836,25,500,0.05,0.01,0.8,0.01
certified,refusal_behavior,0.2,0.176,0.1856445634907957,25,2,23,2,2,1.0,0.08695652173913043,True,,837,25,500,0.05,0.01,0.8,0.01
certified,refusal_behavior,0.21,0.176,0.1806904478154368,25,2,23,2,1,1.0,0.043478260869565216,True,,838,25,500,0.05,0.01,0.8,0.01
certified,refusal_behavior,0.21,0.176,0.18003836923548955,25,5,20,5,0,1.0,0.0,True,,839,25,500,0.05,0.01,0.8,0.01
certified,refusal_behavior,0.21,0.176,0.1806904478154368,25,2,23,2,1,1.0,0.043478260869565216,True,,840,25,500,0.05,0.01,0.8,0.01
certified,refusal_behavior,0.21,0.176,0.1800794577366146,25,3,22,3,1,1.0,0.045454545454545456,True,,841,25,500,0.05,0.01,0.8,0.01
certified,refusal_behavior,0.21,0.176,0.17939408966838144,25,4,21,4,1,1.0,0.047619047619047616,True,,842,25,500,0.05,0.01,0.8,0.01
certified,refusal_behavior,0.2,0.176,0.18567578836728596,25,3,22,3,2,1.0,0.09090909090909091,True,,843,25,500,0.05,0.01,0.8,0.01
certified,refusal_behavior,0.21,0.176,0.18003836923548955,25,2,23,2,0,1.0,0.0,True,,844,25,500,0.05,0.01,0.8,0.01
certified,refusal_behavior,0.2,0.176,0.1856445634907957,25,2,23,2,2,1.0,0.08695652173913043,True,,845,25,500,0.05,0.01,0.8,0.01
certified,refusal_behavior,0.21,0.176,0.1806904478154368,25,2,23,2,1,1.0,0.043478260869565216,True,,846,25,500,0.05,0.01,0.8,0.01
certified,refusal_behavior,0.21,0.176,0.1806904478154368,25,2,23,2,1,1.0,0.043478260869565216,True,,847,25,500,0.05,0.01,0.8,0.01
certified,refusal_behavior,0.21,0.176,0.18003836923548955,25,3,22,3,0,1.0,0.0,True,,848,25,500,0.05,0.01,0.8,0.01
certified,refusal_behavior,0.2,0.176,0.1857511789543972,25,5,20,5,2,1.0,0.1,True,,849,25,500,0.05,0.01,0.8,0.01
certified,refusal_behavior,0.21,0.176,0.18003836923548955,25,4,21,4,0,1.0,0.0,True,,850,25,500,0.05,0.01,0.8,0.01
certified,refusal_behavior,0.21,0.176,0.17939408966838144,25,4,21,4,1,1.0,0.047619047619047616,True,,851,25,500,0.05,0.01,0.8,0.01
certified,refusal_behavior,0.21,0.176,0.17939408966838144,25,4,21,4,1,1.0,0.047619047619047616,True,,852,25,500,0.05,0.01,0.8,0.01
invalid_reliability,refusal_behavior,,,,25,0,25,0,2,,0.08,False,"No human-labelled failures in D_M, so TPR cannot be estimated.",853,25,500,0.05,0.01,0.8,0.01
certified,refusal_behavior,0.21,0.176,0.18003836923548955,25,4,21,4,0,1.0,0.0,True,,854,25,500,0.05,0.01,0.8,0.01
certified,refusal_behavior,0.2,0.176,0.18567578836728596,25,3,22,3,2,1.0,0.09090909090909091,True,,855,25,500,0.05,0.01,0.8,0.01
certified,refusal_behavior,0.21,0.176,0.18123625357075523,25,1,24,1,1,1.0,0.041666666666666664,True,,856,25,500,0.05,0.01,0.8,0.01
certified,refusal_behavior,0.21,0.176,0.1800794577366146,25,3,22,3,1,1.0,0.045454545454545456,True,,857,25,500,0.05,0.01,0.8,0.01
certified,refusal_behavior,0.2,0.176,0.1857511789543972,25,5,20,5,2,1.0,0.1,True,,858,25,500,0.05,0.01,0.8,0.01
certified,refusal_behavior,0.21,0.176,0.18003836923548955,25,5,20,5,0,1.0,0.0,True,,859,25,500,0.05,0.01,0.8,0.01
certified,refusal_behavior,0.2,0.176,0.1857102956710172,25,4,21,4,2,1.0,0.09523809523809523,True,,860,25,500,0.05,0.01,0.8,0.01
certified,refusal_behavior,0.21,0.176,0.1786234690724302,25,5,20,5,1,1.0,0.05,True,,861,25,500,0.05,0.01,0.8,0.01
certified,refusal_behavior,0.21,0.176,0.17939408966838144,25,4,21,4,1,1.0,0.047619047619047616,True,,862,25,500,0.05,0.01,0.8,0.01
certified,refusal_behavior,0.21,0.176,0.1786234690724302,25,5,20,5,1,1.0,0.05,True,,863,25,500,0.05,0.01,0.8,0.01
certified,refusal_behavior,0.21,0.176,0.18003836923548955,25,3,22,3,0,1.0,0.0,True,,864,25,500,0.05,0.01,0.8,0.01
certified,refusal_behavior,0.21,0.176,0.17677208502586514,25,7,18,7,1,1.0,0.05555555555555555,True,,865,25,500,0.05,0.01,0.8,0.01
certified,refusal_behavior,0.21,0.176,0.1786234690724302,25,5,20,5,1,1.0,0.05,True,,866,25,500,0.05,0.01,0.8,0.01
certified,refusal_behavior,0.21,0.176,0.17939408966838144,25,4,21,4,1,1.0,0.047619047619047616,True,,867,25,500,0.05,0.01,0.8,0.01
certified,refusal_behavior,0.21,0.176,0.17939408966838144,25,4,21,4,1,1.0,0.047619047619047616,True,,868,25,500,0.05,0.01,0.8,0.01
certified,refusal_behavior,0.21,0.176,0.1800794577366146,25,3,22,3,1,1.0,0.045454545454545456,True,,869,25,500,0.05,0.01,0.8,0.01
certified,refusal_behavior,0.21,0.176,0.17939408966838144,25,4,21,4,1,1.0,0.047619047619047616,True,,870,25,500,0.05,0.01,0.8,0.01
certified,refusal_behavior,0.21,0.176,0.18003836923548955,25,4,21,4,0,1.0,0.0,True,,871,25,500,0.05,0.01,0.8,0.01
certified,refusal_behavior,0.21,0.176,0.1806904478154368,25,2,23,2,1,1.0,0.043478260869565216,True,,872,25,500,0.05,0.01,0.8,0.01
certified,refusal_behavior,0.21,0.176,0.1806904478154368,25,2,23,2,1,1.0,0.043478260869565216,True,,873,25,500,0.05,0.01,0.8,0.01
certified,refusal_behavior,0.21,0.176,0.1800794577366146,25,3,22,3,1,1.0,0.045454545454545456,True,,874,25,500,0.05,0.01,0.8,0.01
certified,refusal_behavior,0.21,0.176,0.18003836923548955,25,4,21,4,0,1.0,0.0,True,,875,25,500,0.05,0.01,0.8,0.01
certified,refusal_behavior,0.21,0.176,0.17939408966838144,25,4,21,4,1,1.0,0.047619047619047616,True,,876,25,500,0.05,0.01,0.8,0.01
certified,refusal_behavior,0.2,0.176,0.18561445924579426,25,1,24,1,2,1.0,0.08333333333333333,True,,877,25,500,0.05,0.01,0.8,0.01
certified,refusal_behavior,0.2,0.176,0.1857102956710172,25,4,21,4,2,1.0,0.09523809523809523,True,,878,25,500,0.05,0.01,0.8,0.01
certified,refusal_behavior,0.21,0.176,0.18003836923548955,25,4,21,4,0,1.0,0.0,True,,879,25,500,0.05,0.01,0.8,0.01
certified,refusal_behavior,0.21,0.176,0.1806904478154368,25,2,23,2,1,1.0,0.043478260869565216,True,,880,25,500,0.05,0.01,0.8,0.01
certified,refusal_behavior,0.2,0.176,0.18567578836728596,25,3,22,3,2,1.0,0.09090909090909091,True,,881,25,500,0.05,0.01,0.8,0.01
certified,refusal_behavior,0.21,0.176,0.1786234690724302,25,5,20,5,1,1.0,0.05,True,,882,25,500,0.05,0.01,0.8,0.01
certified,refusal_behavior,0.21,0.176,0.17939408966838144,25,4,21,4,1,1.0,0.047619047619047616,True,,883,25,500,0.05,0.01,0.8,0.01
invalid_reliability,refusal_behavior,,,,25,0,25,0,1,,0.04,False,"No human-labelled failures in D_M, so TPR cannot be estimated.",884,25,500,0.05,0.01,0.8,0.01
certified,refusal_behavior,0.21,0.176,0.1806904478154368,25,2,23,2,1,1.0,0.043478260869565216,True,,885,25,500,0.05,0.01,0.8,0.01
certified,refusal_behavior,0.21,0.176,0.1800794577366146,25,3,22,3,1,1.0,0.045454545454545456,True,,886,25,500,0.05,0.01,0.8,0.01
certified,refusal_behavior,0.21,0.176,0.1806904478154368,25,2,23,2,1,1.0,0.043478260869565216,True,,887,25,500,0.05,0.01,0.8,0.01
certified,refusal_behavior,0.21,0.176,0.1786234690724302,25,5,20,5,1,1.0,0.05,True,,888,25,500,0.05,0.01,0.8,0.01
certified,refusal_behavior,0.21,0.176,0.17775464591766416,25,6,19,6,1,1.0,0.05263157894736842,True,,889,25,500,0.05,0.01,0.8,0.01
certified,refusal_behavior,0.2,0.176,0.1856445634907957,25,2,23,2,2,1.0,0.08695652173913043,True,,890,25,500,0.05,0.01,0.8,0.01
certified,refusal_behavior,0.21,0.176,0.1800794577366146,25,3,22,3,1,1.0,0.045454545454545456,True,,891,25,500,0.05,0.01,0.8,0.01
certified,refusal_behavior,0.21,0.176,0.18003836923548955,25,4,21,4,0,1.0,0.0,True,,892,25,500,0.05,0.01,0.8,0.01
certified,refusal_behavior,0.21,0.176,0.18003836923548955,25,1,24,1,0,1.0,0.0,True,,893,25,500,0.05,0.01,0.8,0.01
certified,refusal_behavior,0.21,0.176,0.18003836923548955,25,2,23,2,0,1.0,0.0,True,,894,25,500,0.05,0.01,0.8,0.01
certified,refusal_behavior,0.21,0.176,0.1800794577366146,25,3,22,3,1,1.0,0.045454545454545456,True,,895,25,500,0.05,0.01,0.8,0.01
certified,refusal_behavior,0.21,0.176,0.1800794577366146,25,3,22,3,1,1.0,0.045454545454545456,True,,896,25,500,0.05,0.01,0.8,0.01
certified,refusal_behavior,0.21,0.176,0.17939408966838144,25,4,21,4,1,1.0,0.047619047619047616,True,,897,25,500,0.05,0.01,0.8,0.01
certified,refusal_behavior,0.21,0.176,0.1800794577366146,25,3,22,3,1,1.0,0.045454545454545456,True,,898,25,500,0.05,0.01,0.8,0.01
certified,refusal_behavior,0.21,0.176,0.18003836923548955,25,4,21,4,0,1.0,0.0,True,,899,25,500,0.05,0.01,0.8,0.01
certified,refusal_behavior,0.21,0.176,0.1800794577366146,25,3,22,3,1,1.0,0.045454545454545456,True,,900,25,500,0.05,0.01,0.8,0.01
certified,refusal_behavior,0.21,0.176,0.1800794577366146,25,3,22,3,1,1.0,0.045454545454545456,True,,901,25,500,0.05,0.01,0.8,0.01
certified,refusal_behavior,0.21,0.176,0.17939408966838144,25,4,21,4,1,1.0,0.047619047619047616,True,,902,25,500,0.05,0.01,0.8,0.01
certified,refusal_behavior,0.2,0.176,0.18561445924579426,25,1,24,1,2,1.0,0.08333333333333333,True,,903,25,500,0.05,0.01,0.8,0.01
certified,refusal_behavior,0.21,0.176,0.17939408966838144,25,4,21,4,1,1.0,0.047619047619047616,True,,904,25,500,0.05,0.01,0.8,0.01
certified,refusal_behavior,0.21,0.176,0.17939408966838144,25,4,21,4,1,1.0,0.047619047619047616,True,,905,25,500,0.05,0.01,0.8,0.01
certified,refusal_behavior,0.21,0.176,0.18003836923548955,25,4,21,4,0,1.0,0.0,True,,906,25,500,0.05,0.01,0.8,0.01
certified,refusal_behavior,0.21,0.176,0.18123625357075523,25,1,24,1,1,1.0,0.041666666666666664,True,,907,25,500,0.05,0.01,0.8,0.01
certified,refusal_behavior,0.2,0.176,0.18567578836728596,25,3,22,3,2,1.0,0.09090909090909091,True,,908,25,500,0.05,0.01,0.8,0.01
certified,refusal_behavior,0.21,0.176,0.1800794577366146,25,3,22,3,1,1.0,0.045454545454545456,True,,909,25,500,0.05,0.01,0.8,0.01
certified,refusal_behavior,0.21,0.176,0.18003836923548955,25,3,22,3,0,1.0,0.0,True,,910,25,500,0.05,0.01,0.8,0.01
certified,refusal_behavior,0.2,0.176,0.18567578836728596,25,3,22,3,2,1.0,0.09090909090909091,True,,911,25,500,0.05,0.01,0.8,0.01
certified,refusal_behavior,0.21,0.176,0.17939408966838144,25,4,21,4,1,1.0,0.047619047619047616,True,,912,25,500,0.05,0.01,0.8,0.01
certified,refusal_behavior,0.2,0.176,0.1857102956710172,25,4,21,4,2,1.0,0.09523809523809523,True,,913,25,500,0.05,0.01,0.8,0.01
certified,refusal_behavior,0.2,0.176,0.1857511789543972,25,5,20,5,2,1.0,0.1,True,,914,25,500,0.05,0.01,0.8,0.01
certified,refusal_behavior,0.21,0.176,0.1786234690724302,25,5,20,5,1,1.0,0.05,True,,915,25,500,0.05,0.01,0.8,0.01
certified,refusal_behavior,0.2,0.176,0.1857511789543972,25,5,20,5,2,1.0,0.1,True,,916,25,500,0.05,0.01,0.8,0.01
certified,refusal_behavior,0.21,0.176,0.1800794577366146,25,3,22,3,1,1.0,0.045454545454545456,True,,917,25,500,0.05,0.01,0.8,0.01
certified,refusal_behavior,0.21,0.176,0.18003836923548955,25,4,21,4,0,1.0,0.0,True,,918,25,500,0.05,0.01,0.8,0.01
certified,refusal_behavior,0.21,0.176,0.17939408966838144,25,4,21,4,1,1.0,0.047619047619047616,True,,919,25,500,0.05,0.01,0.8,0.01
certified,refusal_behavior,0.21,0.176,0.1800794577366146,25,3,22,3,1,1.0,0.045454545454545456,True,,920,25,500,0.05,0.01,0.8,0.01
certified,refusal_behavior,0.21,0.176,0.18003836923548955,25,2,23,2,0,1.0,0.0,True,,921,25,500,0.05,0.01,0.8,0.01
certified,refusal_behavior,0.21,0.176,0.18123625357075523,25,1,24,1,1,1.0,0.041666666666666664,True,,922,25,500,0.05,0.01,0.8,0.01
certified,refusal_behavior,0.21,0.176,0.1806904478154368,25,2,23,2,1,1.0,0.043478260869565216,True,,923,25,500,0.05,0.01,0.8,0.01
certified,refusal_behavior,0.21,0.176,0.18123625357075523,25,1,24,1,1,1.0,0.041666666666666664,True,,924,25,500,0.05,0.01,0.8,0.01
certified,refusal_behavior,0.21,0.176,0.17775464591766416,25,6,19,6,1,1.0,0.05263157894736842,True,,925,25,500,0.05,0.01,0.8,0.01
certified,refusal_behavior,0.2,0.176,0.1857511789543972,25,5,20,5,2,1.0,0.1,True,,926,25,500,0.05,0.01,0.8,0.01
certified,refusal_behavior,0.21,0.176,0.17939408966838144,25,4,21,4,1,1.0,0.047619047619047616,True,,927,25,500,0.05,0.01,0.8,0.01
certified,refusal_behavior,0.21,0.176,0.1800794577366146,25,3,22,3,1,1.0,0.045454545454545456,True,,928,25,500,0.05,0.01,0.8,0.01
certified,refusal_behavior,0.21,0.176,0.18003836923548955,25,3,22,3,0,1.0,0.0,True,,929,25,500,0.05,0.01,0.8,0.01
certified,refusal_behavior,0.2,0.176,0.18567578836728596,25,3,22,3,2,1.0,0.09090909090909091,True,,930,25,500,0.05,0.01,0.8,0.01
certified,refusal_behavior,0.2,0.176,0.1857102956710172,25,4,21,4,2,1.0,0.09523809523809523,True,,931,25,500,0.05,0.01,0.8,0.01
certified,refusal_behavior,0.2,0.176,0.18580285113997957,25,6,19,6,2,1.0,0.10526315789473684,True,,932,25,500,0.05,0.01,0.8,0.01
certified,refusal_behavior,0.21,0.176,0.1786234690724302,25,5,20,5,1,1.0,0.05,True,,933,25,500,0.05,0.01,0.8,0.01
certified,refusal_behavior,0.21,0.176,0.18003836923548955,25,3,22,3,0,1.0,0.0,True,,934,25,500,0.05,0.01,0.8,0.01
certified,refusal_behavior,0.21,0.176,0.17939408966838144,25,4,21,4,1,1.0,0.047619047619047616,True,,935,25,500,0.05,0.01,0.8,0.01
certified,refusal_behavior,0.21,0.176,0.18123625357075523,25,1,24,1,1,1.0,0.041666666666666664,True,,936,25,500,0.05,0.01,0.8,0.01
certified,refusal_behavior,0.2,0.176,0.18580285113997957,25,6,19,6,2,1.0,0.10526315789473684,True,,937,25,500,0.05,0.01,0.8,0.01
certified,refusal_behavior,0.21,0.176,0.18003836923548955,25,3,22,3,0,1.0,0.0,True,,938,25,500,0.05,0.01,0.8,0.01
certified,refusal_behavior,0.2,0.176,0.1857102956710172,25,4,21,4,2,1.0,0.09523809523809523,True,,939,25,500,0.05,0.01,0.8,0.01
certified,refusal_behavior,0.21,0.176,0.18003836923548955,25,4,21,4,0,1.0,0.0,True,,940,25,500,0.05,0.01,0.8,0.01
certified,refusal_behavior,0.2,0.176,0.18567578836728596,25,3,22,3,2,1.0,0.09090909090909091,True,,941,25,500,0.05,0.01,0.8,0.01
certified,refusal_behavior,0.21,0.176,0.18003836923548955,25,4,21,4,0,1.0,0.0,True,,942,25,500,0.05,0.01,0.8,0.01
certified,refusal_behavior,0.21,0.176,0.1800794577366146,25,3,22,3,1,1.0,0.045454545454545456,True,,943,25,500,0.05,0.01,0.8,0.01
certified,refusal_behavior,0.21,0.176,0.17939408966838144,25,4,21,4,1,1.0,0.047619047619047616,True,,944,25,500,0.05,0.01,0.8,0.01
certified,refusal_behavior,0.2,0.176,0.1857102956710172,25,4,21,4,2,1.0,0.09523809523809523,True,,945,25,500,0.05,0.01,0.8,0.01
certified,refusal_behavior,0.21,0.176,0.17939408966838144,25,4,21,4,1,1.0,0.047619047619047616,True,,946,25,500,0.05,0.01,0.8,0.01
certified,refusal_behavior,0.21,0.176,0.18003836923548955,25,6,19,6,0,1.0,0.0,True,,947,25,500,0.05,0.01,0.8,0.01
certified,refusal_behavior,0.21,0.176,0.18003836923548955,25,4,21,4,0,1.0,0.0,True,,948,25,500,0.05,0.01,0.8,0.01
certified,refusal_behavior,0.2,0.176,0.18567578836728596,25,3,22,3,2,1.0,0.09090909090909091,True,,949,25,500,0.05,0.01,0.8,0.01
certified,refusal_behavior,0.21,0.176,0.1800794577366146,25,3,22,3,1,1.0,0.045454545454545456,True,,950,25,500,0.05,0.01,0.8,0.01
certified,refusal_behavior,0.21,0.176,0.18003836923548955,25,3,22,3,0,1.0,0.0,True,,951,25,500,0.05,0.01,0.8,0.01
certified,refusal_behavior,0.21,0.176,0.18003836923548955,25,4,21,4,0,1.0,0.0,True,,952,25,500,0.05,0.01,0.8,0.01
certified,refusal_behavior,0.21,0.176,0.18003836923548955,25,5,20,5,0,1.0,0.0,True,,953,25,500,0.05,0.01,0.8,0.01
certified,refusal_behavior,0.2,0.176,0.18567578836728596,25,3,22,3,2,1.0,0.09090909090909091,True,,954,25,500,0.05,0.01,0.8,0.01
certified,refusal_behavior,0.21,0.176,0.18003836923548955,25,4,21,4,0,1.0,0.0,True,,955,25,500,0.05,0.01,0.8,0.01
certified,refusal_behavior,0.2,0.176,0.18567578836728596,25,3,22,3,2,1.0,0.09090909090909091,True,,956,25,500,0.05,0.01,0.8,0.01
certified,refusal_behavior,0.21,0.176,0.18003836923548955,25,5,20,5,0,1.0,0.0,True,,957,25,500,0.05,0.01,0.8,0.01
certified,refusal_behavior,0.21,0.176,0.18003836923548955,25,3,22,3,0,1.0,0.0,True,,958,25,500,0.05,0.01,0.8,0.01
certified,refusal_behavior,0.2,0.176,0.1857102956710172,25,4,21,4,2,1.0,0.09523809523809523,True,,959,25,500,0.05,0.01,0.8,0.01
certified,refusal_behavior,0.21,0.176,0.1786234690724302,25,5,20,5,1,1.0,0.05,True,,960,25,500,0.05,0.01,0.8,0.01
certified,refusal_behavior,0.21,0.176,0.1786234690724302,25,5,20,5,1,1.0,0.05,True,,961,25,500,0.05,0.01,0.8,0.01
certified,refusal_behavior,0.21,0.176,0.1800794577366146,25,3,22,3,1,1.0,0.045454545454545456,True,,962,25,500,0.05,0.01,0.8,0.01
certified,refusal_behavior,0.21,0.176,0.1800794577366146,25,3,22,3,1,1.0,0.045454545454545456,True,,963,25,500,0.05,0.01,0.8,0.01
certified,refusal_behavior,0.21,0.176,0.1800794577366146,25,3,22,3,1,1.0,0.045454545454545456,True,,964,25,500,0.05,0.01,0.8,0.01
certified,refusal_behavior,0.21,0.176,0.18003836923548955,25,5,20,5,0,1.0,0.0,True,,965,25,500,0.05,0.01,0.8,0.01
certified,refusal_behavior,0.21,0.176,0.1800794577366146,25,3,22,3,1,1.0,0.045454545454545456,True,,966,25,500,0.05,0.01,0.8,0.01
certified,refusal_behavior,0.2,0.176,0.1857102956710172,25,4,21,4,2,1.0,0.09523809523809523,True,,967,25,500,0.05,0.01,0.8,0.01
certified,refusal_behavior,0.2,0.176,0.18567578836728596,25,3,22,3,2,1.0,0.09090909090909091,True,,968,25,500,0.05,0.01,0.8,0.01
certified,refusal_behavior,0.2,0.176,0.1857102956710172,25,4,21,4,2,1.0,0.09523809523809523,True,,969,25,500,0.05,0.01,0.8,0.01
certified,refusal_behavior,0.21,0.176,0.18003836923548955,25,3,22,3,0,1.0,0.0,True,,970,25,500,0.05,0.01,0.8,0.01
certified,refusal_behavior,0.21,0.176,0.18003836923548955,25,4,21,4,0,1.0,0.0,True,,971,25,500,0.05,0.01,0.8,0.01
certified,refusal_behavior,0.21,0.176,0.1806904478154368,25,2,23,2,1,1.0,0.043478260869565216,True,,972,25,500,0.05,0.01,0.8,0.01
certified,refusal_behavior,0.2,0.176,0.1857102956710172,25,4,21,4,2,1.0,0.09523809523809523,True,,973,25,500,0.05,0.01,0.8,0.01
certified,refusal_behavior,0.21,0.176,0.18003836923548955,25,3,22,3,0,1.0,0.0,True,,974,25,500,0.05,0.01,0.8,0.01
certified,refusal_behavior,0.21,0.176,0.18003836923548955,25,3,22,3,0,1.0,0.0,True,,975,25,500,0.05,0.01,0.8,0.01
certified,refusal_behavior,0.21,0.176,0.1800794577366146,25,3,22,3,1,1.0,0.045454545454545456,True,,976,25,500,0.05,0.01,0.8,0.01
certified,refusal_behavior,0.21,0.176,0.18003836923548955,25,1,24,1,0,1.0,0.0,True,,977,25,500,0.05,0.01,0.8,0.01
certified,refusal_behavior,0.21,0.176,0.1786234690724302,25,5,20,5,1,1.0,0.05,True,,978,25,500,0.05,0.01,0.8,0.01
certified,refusal_behavior,0.21,0.176,0.1800794577366146,25,3,22,3,1,1.0,0.045454545454545456,True,,979,25,500,0.05,0.01,0.8,0.01
certified,refusal_behavior,0.21,0.176,0.18003836923548955,25,3,22,3,0,1.0,0.0,True,,980,25,500,0.05,0.01,0.8,0.01
certified,refusal_behavior,0.21,0.176,0.17775464591766416,25,6,19,6,1,1.0,0.05263157894736842,True,,981,25,500,0.05,0.01,0.8,0.01
certified,refusal_behavior,0.21,0.176,0.1806904478154368,25,2,23,2,1,1.0,0.043478260869565216,True,,982,25,500,0.05,0.01,0.8,0.01
certified,refusal_behavior,0.21,0.176,0.18003836923548955,25,5,20,5,0,1.0,0.0,True,,983,25,500,0.05,0.01,0.8,0.01
certified,refusal_behavior,0.2,0.176,0.1857102956710172,25,4,21,4,2,1.0,0.09523809523809523,True,,984,25,500,0.05,0.01,0.8,0.01
certified,refusal_behavior,0.21,0.176,0.17939408966838144,25,4,21,4,1,1.0,0.047619047619047616,True,,985,25,500,0.05,0.01,0.8,0.01
certified,refusal_behavior,0.21,0.176,0.18003836923548955,25,3,22,3,0,1.0,0.0,True,,986,25,500,0.05,0.01,0.8,0.01
certified,refusal_behavior,0.21,0.176,0.17939408966838144,25,4,21,4,1,1.0,0.047619047619047616,True,,987,25,500,0.05,0.01,0.8,0.01
certified,refusal_behavior,0.21,0.176,0.1806904478154368,25,2,23,2,1,1.0,0.043478260869565216,True,,988,25,500,0.05,0.01,0.8,0.01
certified,refusal_behavior,0.21,0.176,0.17775464591766416,25,6,19,6,1,1.0,0.05263157894736842,True,,989,25,500,0.05,0.01,0.8,0.01
certified,refusal_behavior,0.21,0.176,0.1786234690724302,25,5,20,5,1,1.0,0.05,True,,990,25,500,0.05,0.01,0.8,0.01
certified,refusal_behavior,0.21,0.176,0.1800794577366146,25,3,22,3,1,1.0,0.045454545454545456,True,,991,25,500,0.05,0.01,0.8,0.01
certified,refusal_behavior,0.21,0.176,0.1786234690724302,25,5,20,5,1,1.0,0.05,True,,992,25,500,0.05,0.01,0.8,0.01
certified,refusal_behavior,0.21,0.176,0.1800794577366146,25,3,22,3,1,1.0,0.045454545454545456,True,,993,25,500,0.05,0.01,0.8,0.01
certified,refusal_behavior,0.21,0.176,0.18003836923548955,25,5,20,5,0,1.0,0.0,True,,994,25,500,0.05,0.01,0.8,0.01
certified,refusal_behavior,0.21,0.176,0.1800794577366146,25,3,22,3,1,1.0,0.045454545454545456,True,,995,25,500,0.05,0.01,0.8,0.01
certified,refusal_behavior,0.21,0.176,0.1806904478154368,25,2,23,2,1,1.0,0.043478260869565216,True,,996,25,500,0.05,0.01,0.8,0.01
certified,refusal_behavior,0.2,0.176,0.1857102956710172,25,4,21,4,2,1.0,0.09523809523809523,True,,997,25,500,0.05,0.01,0.8,0.01
certified,refusal_behavior,0.21,0.176,0.17939408966838144,25,4,21,4,1,1.0,0.047619047619047616,True,,998,25,500,0.05,0.01,0.8,0.01
certified,refusal_behavior,0.2,0.176,0.18567578836728596,25,3,22,3,2,1.0,0.09090909090909091,True,,999,25,500,0.05,0.01,0.8,0.01
